horodatage,tag,media,demi,seuil,filtre,nettoie,pics,n_pics_seuil,n_mots,n_nms,n_bords,n_centres_ecartes,n_plates,n_fenetres,D,K50,K50_frac,rang_eff,rang_eff_frac,cum3,cum6,cum10,gain6,cum6_nul,exces6,v1,v2,v3,v4,v5,v6,duree_s,cum6_rot,alignement6
2026-07-31T19:24:38,lemonde_d10_s4_tous_n5000_e5000,lemonde,10,4,tous,5000,_s3,164258,9816,127434,120,1548,0,5000,21,8,0.4000,17.18,0.8588,0.2783,0.4451,0.6265,1.484,0.3829,1.162,0.114413,0.089712,0.074141,0.059011,0.055193,0.052612,4,0.3755,1.185
2026-07-31T19:24:42,lemonde_d10_s4_sans_verbes_n5000_e5000,lemonde,10,4,sans_verbes,5000,_s3,153204,7847,117598,115,1507,0,5000,21,8,0.4000,17.25,0.8626,0.2748,0.4414,0.6260,1.471,0.3795,1.163,0.114459,0.087289,0.073050,0.059499,0.054179,0.052953,4,0.3747,1.178
2026-07-31T19:24:47,lemonde_d10_s4_noms_n5000_e5000,lemonde,10,4,noms,5000,_s3,136633,6256,104219,102,1410,0,5000,21,8,0.4000,17.03,0.8514,0.2792,0.4479,0.6339,1.493,0.3886,1.153,0.116462,0.090577,0.072191,0.062206,0.055216,0.051230,3,0.3788,1.182
2026-07-31T19:24:50,lemonde_d10_s4_noms_propres_n5000_e5000,lemonde,10,4,noms_propres,5000,_s3,15829,511,10294,11,183,0,5000,21,6,0.3000,14.77,0.7385,0.3410,0.5125,0.6855,1.708,0.4203,1.219,0.143337,0.109503,0.088177,0.059530,0.057542,0.054431,3,0.4171,1.229
2026-07-31T19:24:54,lemonde_d10_s6_tous_n5000_e5000,lemonde,10,6,tous,5000,_s3,40619,7206,32541,34,668,0,5000,21,6,0.3000,14.86,0.7431,0.3355,0.5024,0.6765,1.675,0.4213,1.192,0.148163,0.105094,0.082216,0.059542,0.055520,0.051831,3,0.3838,1.309
2026-07-31T19:24:59,lemonde_d10_s6_sans_verbes_n5000_e5000,lemonde,10,6,sans_verbes,5000,_s3,38449,6292,30625,33,659,0,5000,21,6,0.3000,14.78,0.7391,0.3384,0.5067,0.6757,1.689,0.4218,1.201,0.148460,0.105639,0.084316,0.062536,0.055748,0.049954,3,0.3854,1.314
2026-07-31T19:25:03,lemonde_d10_s6_noms_n5000_e5000,lemonde,10,6,noms,5000,_s3,34507,5324,27424,30,628,0,5000,21,6,0.3000,14.81,0.7406,0.3369,0.5075,0.6782,1.692,0.4235,1.198,0.146637,0.107776,0.082506,0.060623,0.058996,0.050926,3,0.3850,1.318
2026-07-31T19:25:07,lemonde_d10_s6_noms_propres_n5000_e5000,lemonde,10,6,noms_propres,5000,_s3,4505,477,3144,3,97,0,3044,21,5,0.2500,12.53,0.6265,0.4019,0.5710,0.7291,1.903,0.4545,1.256,0.173621,0.123186,0.105064,0.060690,0.056698,0.051709,3,0.4260,1.340
2026-07-31T19:25:11,lemonde_d15_s4_tous_n5000_e5000,lemonde,15,4,tous,5000,_s3,164258,9816,123469,155,1506,0,5000,31,11,0.3667,25.16,0.8387,0.2086,0.3379,0.4782,1.690,0.2925,1.155,0.093504,0.061447,0.053625,0.046371,0.042040,0.040932,4,0.2696,1.253
2026-07-31T19:25:16,lemonde_d15_s4_sans_verbes_n5000_e5000,lemonde,15,4,sans_verbes,5000,_s3,153204,7847,113769,146,1465,0,5000,31,11,0.3667,25.03,0.8343,0.2109,0.3410,0.4809,1.705,0.2889,1.180,0.093537,0.064891,0.052506,0.047516,0.043574,0.039005,4,0.2693,1.266
2026-07-31T19:25:20,lemonde_d15_s4_noms_n5000_e5000,lemonde,15,4,noms,5000,_s3,136633,6256,100721,130,1373,0,5000,31,11,0.3667,24.85,0.8283,0.2133,0.3432,0.4824,1.716,0.2928,1.172,0.095732,0.064821,0.052762,0.047623,0.042618,0.039609,3,0.2706,1.268
2026-07-31T19:25:24,lemonde_d15_s4_noms_propres_n5000_e5000,lemonde,15,4,noms_propres,5000,_s3,15829,511,9839,16,177,0,5000,31,9,0.3000,20.68,0.6894,0.2746,0.4118,0.5494,2.059,0.3353,1.228,0.124687,0.082293,0.067601,0.049937,0.044083,0.043188,3,0.3054,1.348
2026-07-31T19:25:28,lemonde_d15_s6_tous_n5000_e5000,lemonde,15,6,tous,5000,_s3,40619,7206,31855,44,650,0,5000,31,9,0.3000,20.66,0.6887,0.2735,0.4068,0.5435,2.034,0.3420,1.189,0.127831,0.079720,0.065985,0.050463,0.043322,0.039468,3,0.2774,1.467
2026-07-31T19:25:31,lemonde_d15_s6_sans_verbes_n5000_e5000,lemonde,15,6,sans_verbes,5000,_s3,38449,6292,29963,42,641,0,5000,31,9,0.3000,20.29,0.6765,0.2741,0.4100,0.5437,2.050,0.3424,1.197,0.134610,0.076652,0.062805,0.049668,0.044350,0.041931,3,0.2802,1.463
2026-07-31T19:25:35,lemonde_d15_s6_noms_n5000_e5000,lemonde,15,6,noms,5000,_s3,34507,5324,26826,39,613,0,5000,31,9,0.3000,20.34,0.6781,0.2731,0.4078,0.5443,2.039,0.3399,1.199,0.133979,0.078128,0.060990,0.049885,0.045393,0.039381,3,0.2804,1.454
2026-07-31T19:25:39,lemonde_d15_s6_noms_propres_n5000_e5000,lemonde,15,6,noms_propres,5000,_s3,4505,477,3051,5,94,0,2952,31,7,0.2333,16.35,0.5451,0.3427,0.4841,0.6181,2.421,0.3814,1.269,0.159216,0.098035,0.085499,0.052365,0.046211,0.042777,3,0.3212,1.507
2026-07-31T19:25:46,lemonde_d25_s4_tous_n5000_e5000,lemonde,25,4,tous,5000,_s3,164258,9816,117949,215,1448,0,5000,51,18,0.3600,39.99,0.7998,0.1557,0.2478,0.3458,2.065,0.2113,1.173,0.072869,0.043545,0.039300,0.035918,0.029014,0.027125,5,0.1819,1.362
2026-07-31T19:25:54,lemonde_d25_s4_sans_verbes_n5000_e5000,lemonde,25,4,sans_verbes,5000,_s3,153204,7847,108434,203,1408,0,5000,51,18,0.3600,39.41,0.7881,0.1577,0.2542,0.3535,2.118,0.2136,1.190,0.074278,0.044348,0.039058,0.037681,0.030810,0.027987,6,0.1880,1.352
2026-07-31T19:26:00,lemonde_d25_s4_noms_n5000_e5000,lemonde,25,4,noms,5000,_s3,136633,6256,95905,182,1317,0,5000,51,18,0.3600,38.73,0.7745,0.1617,0.2584,0.3571,2.153,0.2150,1.202,0.078384,0.044123,0.039217,0.037368,0.031384,0.027915,5,0.1870,1.382
2026-07-31T19:26:04,lemonde_d25_s4_noms_propres_n5000_e5000,lemonde,25,4,noms_propres,5000,_s3,15829,511,9304,22,169,0,5000,51,14,0.2800,29.66,0.5932,0.2230,0.3325,0.4345,2.771,0.2679,1.241,0.111015,0.061590,0.050399,0.042545,0.035260,0.031667,3,0.2257,1.473
2026-07-31T19:26:09,lemonde_d25_s6_tous_n5000_e5000,lemonde,25,6,tous,5000,_s3,40619,7204,30928,68,624,0,5000,51,14,0.2800,30.80,0.6159,0.2109,0.3178,0.4186,2.648,0.2646,1.201,0.109668,0.055549,0.045709,0.043102,0.033882,0.029884,3,0.1954,1.626
2026-07-31T19:26:13,lemonde_d25_s6_sans_verbes_n5000_e5000,lemonde,25,6,sans_verbes,5000,_s3,38449,6290,29058,66,615,0,5000,51,14,0.2800,29.84,0.5968,0.2182,0.3234,0.4235,2.695,0.2665,1.213,0.114407,0.057627,0.046154,0.043000,0.032237,0.029973,3,0.1979,1.634
2026-07-31T19:26:17,lemonde_d25_s6_noms_n5000_e5000,lemonde,25,6,noms,5000,_s3,34507,5322,26017,60,589,0,5000,51,14,0.2800,30.27,0.6055,0.2147,0.3193,0.4204,2.661,0.2635,1.212,0.112968,0.056572,0.045177,0.040637,0.033633,0.030355,3,0.1961,1.629
2026-07-31T19:26:21,lemonde_d25_s6_noms_propres_n5000_e5000,lemonde,25,6,noms_propres,5000,_s3,4505,477,2950,9,89,0,2852,51,10,0.2000,22.47,0.4494,0.2848,0.4020,0.5080,3.350,0.3148,1.277,0.142033,0.076403,0.066329,0.045899,0.037409,0.033946,3,0.2401,1.674
2026-07-31T19:26:26,lemonde_d50_s4_tous_n5000_e5000,lemonde,50,4,tous,5000,_s3,164258,9815,109086,378,1351,0,5000,101,35,0.3500,72.60,0.7260,0.1144,0.1736,0.2321,2.894,0.1434,1.211,0.056359,0.032763,0.025304,0.022390,0.019154,0.017651,4,0.1165,1.490
2026-07-31T19:26:31,lemonde_d50_s4_sans_verbes_n5000_e5000,lemonde,50,4,sans_verbes,5000,_s3,153204,7846,99888,355,1312,0,5000,101,35,0.3500,72.93,0.7293,0.1139,0.1738,0.2340,2.897,0.1413,1.230,0.055195,0.031588,0.027084,0.022575,0.019661,0.017697,4,0.1168,1.488
2026-07-31T19:26:36,lemonde_d50_s4_noms_n5000_e5000,lemonde,50,4,noms,5000,_s3,136633,6255,88163,314,1226,0,5000,101,34,0.3400,70.40,0.7040,0.1184,0.1811,0.2418,3.018,0.1485,1.219,0.058609,0.032780,0.026970,0.023767,0.020609,0.018356,4,0.1202,1.507
2026-07-31T19:26:40,lemonde_d50_s4_noms_propres_n5000_e5000,lemonde,50,4,noms_propres,5000,_s3,15829,511,8450,31,154,0,5000,101,27,0.2700,51.37,0.5137,0.1630,0.2446,0.3126,4.076,0.1919,1.274,0.085599,0.040747,0.036662,0.032540,0.026301,0.022711,3,0.1511,1.618
2026-07-31T19:26:45,lemonde_d50_s6_tous_n5000_e5000,lemonde,50,6,tous,5000,_s3,40619,7203,29461,108,591,0,5000,101,29,0.2900,53.29,0.5329,0.1570,0.2296,0.2947,3.826,0.1829,1.255,0.086861,0.037130,0.033056,0.028602,0.023139,0.020798,4,0.1294,1.775
2026-07-31T19:26:49,lemonde_d50_s6_sans_verbes_n5000_e5000,lemonde,50,6,sans_verbes,5000,_s3,38449,6289,27632,106,583,0,5000,101,29,0.2900,53.91,0.5391,0.1557,0.2298,0.2933,3.831,0.1838,1.250,0.085019,0.036933,0.033729,0.030128,0.023411,0.020617,3,0.1295,1.775
2026-07-31T19:26:54,lemonde_d50_s6_noms_n5000_e5000,lemonde,50,6,noms,5000,_s3,34507,5322,24755,94,557,0,5000,101,28,0.2800,51.77,0.5177,0.1603,0.2350,0.3006,3.916,0.1851,1.270,0.089290,0.037512,0.033482,0.030089,0.023970,0.020638,3,0.1317,1.784
2026-07-31T19:26:58,lemonde_d50_s6_noms_propres_n5000_e5000,lemonde,50,6,noms_propres,5000,_s3,4505,477,2761,13,81,0,2667,101,19,0.1900,34.88,0.3488,0.2200,0.3144,0.3915,5.240,0.2431,1.293,0.119199,0.053821,0.047006,0.039474,0.029630,0.025286,3,0.1677,1.875
2026-07-31T19:27:01,lemonde3j_d10_s4_tous_n0_e5000,lemonde3j,10,4,tous,0,_s3,76271,8511,51689,183,0,0,5000,21,7,0.3500,15.66,0.7830,0.3156,0.4838,0.6573,1.613,0.3933,1.230,0.131930,0.110715,0.072985,0.061782,0.056477,0.049869,2,0.4224,1.145
2026-07-31T19:27:03,lemonde3j_d10_s4_sans_verbes_n0_e5000,lemonde3j,10,4,sans_verbes,0,_s3,71883,7104,48055,178,0,0,5000,21,7,0.3500,15.33,0.7666,0.3234,0.4919,0.6632,1.640,0.4016,1.225,0.138479,0.109487,0.075427,0.063384,0.055940,0.049147,2,0.4313,1.140
2026-07-31T19:27:06,lemonde3j_d10_s4_noms_n0_e5000,lemonde3j,10,4,noms,0,_s3,64363,5845,42722,160,0,0,5000,21,7,0.3500,15.04,0.7518,0.3292,0.4950,0.6645,1.650,0.3971,1.246,0.143808,0.113373,0.072062,0.061686,0.054283,0.049759,1,0.4325,1.144
2026-07-31T19:27:08,lemonde3j_d10_s4_noms_propres_n0_e5000,lemonde3j,10,4,noms_propres,0,_s3,8546,503,4820,21,0,0,4799,21,5,0.2500,12.77,0.6386,0.3828,0.5651,0.7252,1.884,0.4592,1.231,0.166073,0.137775,0.078969,0.072807,0.060027,0.049448,1,0.4761,1.187
2026-07-31T19:27:10,lemonde3j_d10_s6_tous_n0_e5000,lemonde3j,10,6,tous,0,_s3,20809,5134,14497,81,0,0,5000,21,5,0.2500,12.29,0.6143,0.3973,0.5706,0.7245,1.902,0.4578,1.246,0.180526,0.135352,0.081462,0.065695,0.060173,0.047350,1,0.4533,1.259
2026-07-31T19:27:12,lemonde3j_d10_s6_sans_verbes_n0_e5000,lemonde3j,10,6,sans_verbes,0,_s3,19764,4682,13642,79,0,0,5000,21,5,0.2500,12.13,0.6066,0.4012,0.5726,0.7254,1.909,0.4571,1.253,0.183890,0.136017,0.081255,0.065487,0.058535,0.047416,1,0.4547,1.259
2026-07-31T19:27:15,lemonde3j_d10_s6_noms_n0_e5000,lemonde3j,10,6,noms,0,_s3,17704,4057,12161,71,0,0,5000,21,5,0.2500,12.10,0.6051,0.4013,0.5735,0.7269,1.912,0.4598,1.247,0.181864,0.140813,0.078603,0.066540,0.057375,0.048332,1,0.4591,1.249
2026-07-31T19:27:17,lemonde3j_d10_s6_noms_propres_n0_e5000,lemonde3j,10,6,noms_propres,0,_s3,2757,451,1683,11,0,0,1672,21,4,0.2000,10.17,0.5083,0.4540,0.6484,0.7915,2.161,0.5291,1.225,0.202531,0.162861,0.088600,0.082553,0.063396,0.048413,1,0.5015,1.293
2026-07-31T19:27:20,lemonde3j_d15_s4_tous_n0_e5000,lemonde3j,15,4,tous,0,_s3,76271,8508,49984,212,0,0,5000,31,10,0.3333,22.34,0.7446,0.2495,0.3800,0.5137,1.900,0.3115,1.220,0.114598,0.079800,0.055142,0.050272,0.041895,0.038299,2,0.3287,1.156
2026-07-31T19:27:22,lemonde3j_d15_s4_sans_verbes_n0_e5000,lemonde3j,15,4,sans_verbes,0,_s3,71883,7102,46409,205,0,0,5000,31,10,0.3333,21.85,0.7282,0.2558,0.3899,0.5234,1.950,0.3180,1.226,0.116754,0.083597,0.055445,0.050779,0.043994,0.039353,2,0.3332,1.170
2026-07-31T19:27:25,lemonde3j_d15_s4_noms_n0_e5000,lemonde3j,15,4,noms,0,_s3,64363,5844,41261,182,0,0,5000,31,10,0.3333,21.78,0.7261,0.2580,0.3874,0.5228,1.937,0.3168,1.223,0.119175,0.081407,0.057398,0.048350,0.042054,0.039014,2,0.3378,1.147
2026-07-31T19:27:27,lemonde3j_d15_s4_noms_propres_n0_e5000,lemonde3j,15,4,noms_propres,0,_s3,8546,503,4641,26,0,0,4615,31,7,0.2333,17.38,0.5793,0.3187,0.4685,0.6016,2.342,0.3804,1.232,0.145617,0.109052,0.064080,0.060152,0.048549,0.041043,1,0.3809,1.230
2026-07-31T19:27:29,lemonde3j_d15_s6_tous_n0_e5000,lemonde3j,15,6,tous,0,_s3,20809,5127,14162,88,0,0,5000,31,7,0.2333,16.29,0.5432,0.3347,0.4762,0.6036,2.381,0.3775,1.262,0.165678,0.103317,0.065745,0.053154,0.047350,0.040986,1,0.3578,1.331
2026-07-31T19:27:31,lemonde3j_d15_s6_sans_verbes_n0_e5000,lemonde3j,15,6,sans_verbes,0,_s3,19764,4677,13320,85,0,0,5000,31,7,0.2333,15.96,0.5318,0.3431,0.4814,0.6106,2.407,0.3832,1.256,0.167027,0.107878,0.068182,0.053084,0.045662,0.039544,1,0.3641,1.322
2026-07-31T19:27:34,lemonde3j_d15_s6_noms_n0_e5000,lemonde3j,15,6,noms,0,_s3,17704,4053,11888,78,0,0,5000,31,7,0.2333,15.96,0.5319,0.3424,0.4842,0.6137,2.421,0.3819,1.268,0.165046,0.110561,0.066757,0.054123,0.046600,0.041154,1,0.3659,1.323
2026-07-31T19:27:36,lemonde3j_d15_s6_noms_propres_n0_e5000,lemonde3j,15,6,noms_propres,0,_s3,2757,451,1650,11,0,0,1639,31,5,0.1667,12.86,0.4288,0.3963,0.5624,0.6887,2.812,0.4583,1.227,0.187965,0.133892,0.074450,0.070886,0.053935,0.041290,1,0.4066,1.383
2026-07-31T19:27:38,lemonde3j_d25_s4_tous_n0_e5000,lemonde3j,25,4,tous,0,_s3,76271,8506,47506,286,0,0,5000,51,16,0.3200,34.46,0.6891,0.1910,0.2900,0.3916,2.416,0.2330,1.245,0.092718,0.057639,0.040612,0.038393,0.030719,0.029888,2,0.2442,1.187
2026-07-31T19:27:41,lemonde3j_d25_s4_sans_verbes_n0_e5000,lemonde3j,25,4,sans_verbes,0,_s3,71883,7100,44005,275,0,0,5000,51,16,0.3200,34.06,0.6813,0.1944,0.2935,0.3936,2.445,0.2352,1.248,0.094580,0.058425,0.041415,0.037779,0.031075,0.030183,2,0.2455,1.195
2026-07-31T19:27:43,lemonde3j_d25_s4_noms_n0_e5000,lemonde3j,25,4,noms,0,_s3,64363,5843,39072,246,0,0,5000,51,16,0.3200,33.84,0.6768,0.1953,0.2939,0.3931,2.449,0.2360,1.246,0.095930,0.059216,0.040154,0.037590,0.031094,0.029945,2,0.2461,1.195
2026-07-31T19:27:45,lemonde3j_d25_s4_noms_propres_n0_e5000,lemonde3j,25,4,noms_propres,0,_s3,8546,503,4362,35,0,0,4327,51,11,0.2200,25.62,0.5124,0.2526,0.3710,0.4801,3.092,0.3005,1.235,0.123442,0.080467,0.048712,0.047287,0.038057,0.033039,1,0.2864,1.295
2026-07-31T19:27:48,lemonde3j_d25_s6_tous_n0_e5000,lemonde3j,25,6,tous,0,_s3,20809,5121,13745,109,0,0,5000,51,11,0.2200,23.10,0.4619,0.2723,0.3825,0.4844,3.188,0.3035,1.260,0.145264,0.077793,0.049227,0.042897,0.035465,0.031865,1,0.2691,1.421
2026-07-31T19:27:50,lemonde3j_d25_s6_sans_verbes_n0_e5000,lemonde3j,25,6,sans_verbes,0,_s3,19764,4673,12915,105,0,0,5000,51,11,0.2200,22.85,0.4571,0.2761,0.3863,0.4882,3.219,0.3034,1.273,0.145541,0.079095,0.051480,0.044360,0.033533,0.032290,1,0.2729,1.416
2026-07-31T19:27:52,lemonde3j_d25_s6_noms_n0_e5000,lemonde3j,25,6,noms,0,_s3,17704,4050,11519,94,0,0,5000,51,11,0.2200,23.12,0.4623,0.2748,0.3868,0.4861,3.224,0.3022,1.280,0.142275,0.082623,0.049882,0.044264,0.034914,0.032879,1,0.2743,1.410
2026-07-31T19:27:54,lemonde3j_d25_s6_noms_propres_n0_e5000,lemonde3j,25,6,noms_propres,0,_s3,2757,451,1593,15,0,0,1578,51,7,0.1400,16.97,0.3395,0.3367,0.4770,0.5845,3.975,0.3823,1.248,0.173039,0.103904,0.059793,0.058010,0.045162,0.037090,1,0.3124,1.527
2026-07-31T19:27:57,lemonde3j_d50_s4_tous_n0_e5000,lemonde3j,50,4,tous,0,_s3,76271,8495,43362,633,0,0,5000,101,32,0.3200,64.93,0.6493,0.1307,0.1982,0.2630,3.303,0.1565,1.267,0.065776,0.035004,0.029953,0.025385,0.022067,0.020002,2,0.1560,1.271
2026-07-31T19:28:00,lemonde3j_d50_s4_sans_verbes_n0_e5000,lemonde3j,50,4,sans_verbes,0,_s3,71883,7094,40008,600,0,0,5000,101,32,0.3200,64.14,0.6414,0.1318,0.2009,0.2663,3.349,0.1573,1.277,0.066945,0.034527,0.030336,0.026009,0.022453,0.020653,2,0.1592,1.262
2026-07-31T19:28:03,lemonde3j_d50_s4_noms_n0_e5000,lemonde3j,50,4,noms,0,_s3,64363,5840,35469,539,0,0,5000,101,31,0.3100,62.51,0.6251,0.1366,0.2063,0.2738,3.439,0.1619,1.274,0.068333,0.036430,0.031885,0.026406,0.022768,0.020522,2,0.1635,1.262
2026-07-31T19:28:05,lemonde3j_d50_s4_noms_propres_n0_e5000,lemonde3j,50,4,noms_propres,0,_s3,8546,503,3907,74,0,0,3833,101,23,0.2300,44.99,0.4499,0.1825,0.2697,0.3482,4.495,0.2156,1.251,0.092893,0.054004,0.035636,0.033607,0.028594,0.024963,1,0.1904,1.417
2026-07-31T19:28:08,lemonde3j_d50_s6_tous_n0_e5000,lemonde3j,50,6,tous,0,_s3,20809,5102,13019,246,0,0,5000,101,24,0.2400,42.18,0.4218,0.1915,0.2695,0.3430,4.491,0.2135,1.262,0.106642,0.049806,0.035040,0.030696,0.024705,0.022568,2,0.1780,1.514
2026-07-31T19:28:10,lemonde3j_d50_s6_sans_verbes_n0_e5000,lemonde3j,50,6,sans_verbes,0,_s3,19764,4658,12216,236,0,0,5000,101,23,0.2300,40.60,0.4060,0.1954,0.2778,0.3518,4.629,0.2180,1.274,0.109517,0.051766,0.034161,0.033042,0.025967,0.023315,2,0.1852,1.500
2026-07-31T19:28:13,lemonde3j_d50_s6_noms_n0_e5000,lemonde3j,50,6,noms,0,_s3,17704,4037,10921,218,0,0,5000,101,23,0.2300,40.61,0.4061,0.1971,0.2778,0.3511,4.630,0.2176,1.277,0.109027,0.052864,0.035216,0.032002,0.024769,0.023910,1,0.1881,1.477
2026-07-31T19:28:15,lemonde3j_d50_s6_noms_propres_n0_e5000,lemonde3j,50,6,noms_propres,0,_s3,2757,451,1496,35,0,0,1461,101,14,0.1400,27.11,0.2711,0.2588,0.3638,0.4491,6.064,0.2905,1.252,0.139930,0.073932,0.044986,0.042118,0.033345,0.029525,1,0.2142,1.699
2026-07-31T19:28:17,lemonde7j_d10_s4_tous_n0_e5000,lemonde7j,10,4,tous,0,_s3,44959,7009,27941,232,0,0,5000,21,6,0.3000,14.35,0.7174,0.3506,0.5237,0.6874,1.746,0.4155,1.260,0.143428,0.125134,0.082006,0.066307,0.057703,0.049122,1,0.4839,1.082
2026-07-31T19:28:19,lemonde7j_d10_s4_sans_verbes_n0_e5000,lemonde7j,10,4,sans_verbes,0,_s3,42018,6066,25967,221,0,0,5000,21,6,0.3000,14.32,0.7160,0.3525,0.5227,0.6870,1.742,0.4125,1.267,0.144655,0.124007,0.083839,0.065877,0.056710,0.047572,1,0.4834,1.081
2026-07-31T19:28:21,lemonde7j_d10_s4_noms_n0_e5000,lemonde7j,10,4,noms,0,_s3,37624,5120,23108,197,0,0,5000,21,6,0.3000,14.11,0.7053,0.3582,0.5311,0.6953,1.770,0.4218,1.259,0.143749,0.128462,0.086024,0.066175,0.059789,0.046856,1,0.4874,1.090
2026-07-31T19:28:22,lemonde7j_d10_s4_noms_propres_n0_e5000,lemonde7j,10,4,noms_propres,0,_s3,5357,477,2925,24,0,0,2901,21,5,0.2500,11.88,0.5941,0.4190,0.5915,0.7452,1.972,0.4671,1.266,0.167601,0.154718,0.096707,0.067562,0.059197,0.045739,1,0.5148,1.149
2026-07-31T19:28:24,lemonde7j_d10_s6_tous_n0_e5000,lemonde7j,10,6,tous,0,_s3,13664,3945,8835,89,0,0,5000,21,4,0.2000,11.17,0.5586,0.4375,0.6057,0.7555,2.019,0.4812,1.259,0.186993,0.154270,0.096277,0.068552,0.055330,0.044272,1,0.5154,1.175
2026-07-31T19:28:26,lemonde7j_d10_s6_sans_verbes_n0_e5000,lemonde7j,10,6,sans_verbes,0,_s3,12963,3652,8329,86,0,0,5000,21,4,0.2000,11.30,0.5648,0.4342,0.6070,0.7572,2.023,0.4794,1.266,0.183248,0.152047,0.098877,0.071400,0.056641,0.044819,1,0.5160,1.176
2026-07-31T19:28:28,lemonde7j_d10_s6_noms_n0_e5000,lemonde7j,10,6,noms,0,_s3,11633,3227,7472,76,0,0,5000,21,4,0.2000,11.20,0.5602,0.4349,0.6060,0.7581,2.020,0.4788,1.266,0.185307,0.155439,0.094149,0.069407,0.057017,0.044653,1,0.5193,1.167
2026-07-31T19:28:29,lemonde7j_d10_s6_noms_propres_n0_e5000,lemonde7j,10,6,noms_propres,0,_s3,1907,394,1126,10,0,0,1116,21,3,0.1500,9.20,0.4601,0.5036,0.6788,0.8162,2.263,0.5368,1.265,0.210943,0.180342,0.112288,0.072257,0.060590,0.042414,1,0.5432,1.250
2026-07-31T19:28:31,lemonde7j_d15_s4_tous_n0_e5000,lemonde7j,15,4,tous,0,_s3,44959,6998,26786,327,0,0,5000,31,9,0.3000,20.69,0.6897,0.2754,0.4154,0.5476,2.077,0.3287,1.264,0.119954,0.090777,0.064661,0.054447,0.046355,0.039211,1,0.3803,1.092
2026-07-31T19:28:33,lemonde7j_d15_s4_sans_verbes_n0_e5000,lemonde7j,15,4,sans_verbes,0,_s3,42018,6060,24866,304,0,0,5000,31,9,0.3000,20.28,0.6761,0.2832,0.4204,0.5540,2.102,0.3337,1.260,0.121922,0.094570,0.066662,0.052906,0.045951,0.038377,1,0.3811,1.103
2026-07-31T19:28:35,lemonde7j_d15_s4_noms_n0_e5000,lemonde7j,15,4,noms,0,_s3,37624,5116,22134,269,0,0,5000,31,9,0.3000,20.08,0.6694,0.2851,0.4266,0.5619,2.133,0.3323,1.284,0.121758,0.096511,0.066862,0.052244,0.049550,0.039684,1,0.3888,1.097
2026-07-31T19:28:36,lemonde7j_d15_s4_noms_propres_n0_e5000,lemonde7j,15,4,noms_propres,0,_s3,5357,477,2798,27,0,0,2771,31,7,0.2333,16.50,0.5499,0.3429,0.4904,0.6227,2.452,0.3815,1.286,0.142296,0.122019,0.078592,0.057392,0.051024,0.039110,1,0.4085,1.201
2026-07-31T19:28:38,lemonde7j_d15_s6_tous_n0_e5000,lemonde7j,15,6,tous,0,_s3,13664,3932,8575,134,0,0,5000,31,6,0.2000,15.18,0.5059,0.3622,0.5079,0.6344,2.540,0.3962,1.282,0.164831,0.120224,0.077114,0.060297,0.047724,0.037726,1,0.4103,1.238
2026-07-31T19:28:40,lemonde7j_d15_s6_sans_verbes_n0_e5000,lemonde7j,15,6,sans_verbes,0,_s3,12963,3643,8075,126,0,0,5000,31,6,0.2000,15.16,0.5052,0.3627,0.5089,0.6345,2.544,0.3985,1.277,0.164463,0.121040,0.077151,0.060733,0.048189,0.037290,1,0.4114,1.237
2026-07-31T19:28:41,lemonde7j_d15_s6_noms_n0_e5000,lemonde7j,15,6,noms,0,_s3,11633,3220,7248,110,0,0,5000,31,6,0.2000,15.18,0.5061,0.3637,0.5094,0.6377,2.547,0.3970,1.283,0.162485,0.122716,0.078460,0.059009,0.048485,0.038247,1,0.4151,1.227
2026-07-31T19:28:43,lemonde7j_d15_s6_noms_propres_n0_e5000,lemonde7j,15,6,noms_propres,0,_s3,1907,394,1089,12,0,0,1077,31,5,0.1667,12.15,0.4049,0.4284,0.5820,0.7054,2.910,0.4542,1.281,0.187403,0.146986,0.093991,0.062554,0.053138,0.037915,1,0.4322,1.346
2026-07-31T19:28:45,lemonde7j_d25_s4_tous_n0_e5000,lemonde7j,25,4,tous,0,_s3,44959,6977,24793,579,0,0,5000,51,15,0.3000,33.29,0.6658,0.2014,0.3064,0.4092,2.553,0.2408,1.272,0.091748,0.063239,0.046428,0.041040,0.034763,0.029135,1,0.2748,1.115
2026-07-31T19:28:47,lemonde7j_d25_s4_sans_verbes_n0_e5000,lemonde7j,25,4,sans_verbes,0,_s3,42018,6041,22964,544,0,0,5000,51,15,0.3000,32.73,0.6546,0.2047,0.3114,0.4153,2.595,0.2448,1.272,0.093548,0.063424,0.047759,0.041524,0.035305,0.029827,1,0.2768,1.125
2026-07-31T19:28:49,lemonde7j_d25_s4_noms_n0_e5000,lemonde7j,25,4,noms,0,_s3,37624,5100,20409,490,0,0,5000,51,14,0.2800,32.16,0.6433,0.2100,0.3173,0.4216,2.644,0.2483,1.278,0.094519,0.065528,0.049905,0.041858,0.035698,0.029776,1,0.2796,1.135
2026-07-31T19:28:51,lemonde7j_d25_s4_noms_propres_n0_e5000,lemonde7j,25,4,noms_propres,0,_s3,5357,476,2549,64,0,0,2485,51,11,0.2200,25.07,0.5014,0.2665,0.3852,0.4910,3.210,0.2984,1.291,0.115905,0.090174,0.060412,0.047495,0.038775,0.032440,1,0.3015,1.277
2026-07-31T19:28:53,lemonde7j_d25_s6_tous_n0_e5000,lemonde7j,25,6,tous,0,_s3,13664,3903,8179,251,0,0,5000,51,11,0.2200,23.16,0.4632,0.2783,0.3976,0.4999,3.313,0.3103,1.281,0.134375,0.087652,0.056254,0.050770,0.037942,0.030623,1,0.3036,1.310
2026-07-31T19:28:54,lemonde7j_d25_s6_sans_verbes_n0_e5000,lemonde7j,25,6,sans_verbes,0,_s3,12963,3615,7700,242,0,0,5000,51,10,0.2000,22.90,0.4580,0.2819,0.4024,0.5048,3.353,0.3107,1.295,0.134221,0.090105,0.057530,0.050818,0.038438,0.031303,1,0.3072,1.310
2026-07-31T19:28:56,lemonde7j_d25_s6_noms_n0_e5000,lemonde7j,25,6,noms,0,_s3,11633,3194,6912,219,0,0,5000,51,10,0.2000,23.15,0.4630,0.2803,0.4002,0.5029,3.335,0.3094,1.293,0.132335,0.089837,0.058122,0.049828,0.038489,0.031586,1,0.3077,1.301
2026-07-31T19:28:58,lemonde7j_d25_s6_noms_propres_n0_e5000,lemonde7j,25,6,noms_propres,0,_s3,1907,391,1030,35,0,0,995,51,7,0.1400,17.10,0.3420,0.3523,0.4807,0.5846,4.006,0.3735,1.287,0.161288,0.115931,0.075103,0.053189,0.042558,0.032656,1,0.3237,1.485
2026-07-31T19:29:00,lemonde7j_d50_s4_tous_n0_e5000,lemonde7j,50,4,tous,0,_s3,44959,6933,21803,906,0,0,5000,101,29,0.2900,62.58,0.6258,0.1351,0.2106,0.2809,3.510,0.1598,1.318,0.062986,0.040084,0.031985,0.030244,0.023304,0.022016,1,0.1711,1.231
2026-07-31T19:29:02,lemonde7j_d50_s4_sans_verbes_n0_e5000,lemonde7j,50,4,sans_verbes,0,_s3,42018,6009,20135,843,0,0,5000,101,29,0.2900,61.72,0.6172,0.1364,0.2141,0.2838,3.568,0.1630,1.313,0.064185,0.039045,0.033205,0.031049,0.023749,0.022819,1,0.1718,1.246
2026-07-31T19:29:04,lemonde7j_d50_s4_noms_n0_e5000,lemonde7j,50,4,noms,0,_s3,37624,5079,17839,744,0,0,5000,101,29,0.2900,61.56,0.6156,0.1369,0.2141,0.2849,3.568,0.1630,1.313,0.064085,0.040529,0.032331,0.030132,0.024210,0.022791,1,0.1723,1.242
2026-07-31T19:29:06,lemonde7j_d50_s4_noms_propres_n0_e5000,lemonde7j,50,4,noms_propres,0,_s3,5357,476,2203,90,0,0,2113,101,22,0.2200,45.68,0.4568,0.1841,0.2742,0.3520,4.571,0.2043,1.342,0.083207,0.057938,0.042958,0.036700,0.026995,0.026434,1,0.1961,1.398
2026-07-31T19:29:08,lemonde7j_d50_s6_tous_n0_e5000,lemonde7j,50,6,tous,0,_s3,13664,3863,7571,376,0,0,5000,101,22,0.2200,42.87,0.4287,0.1937,0.2806,0.3562,4.677,0.2121,1.323,0.096096,0.057045,0.040574,0.035376,0.027296,0.024251,1,0.1957,1.434
2026-07-31T19:29:10,lemonde7j_d50_s6_sans_verbes_n0_e5000,lemonde7j,50,6,sans_verbes,0,_s3,12963,3576,7126,363,0,0,5000,101,22,0.2200,42.85,0.4285,0.1924,0.2818,0.3574,4.696,0.2141,1.316,0.096005,0.056203,0.040192,0.037197,0.027829,0.024330,1,0.1963,1.435
2026-07-31T19:29:12,lemonde7j_d50_s6_noms_n0_e5000,lemonde7j,50,6,noms,0,_s3,11633,3160,6395,334,0,0,5000,101,22,0.2200,43.19,0.4319,0.1918,0.2798,0.3567,4.663,0.2122,1.318,0.094731,0.056699,0.040370,0.036349,0.027435,0.024215,1,0.1967,1.423
2026-07-31T19:29:14,lemonde7j_d50_s6_noms_propres_n0_e5000,lemonde7j,50,6,noms_propres,0,_s3,1907,390,941,49,0,0,892,101,15,0.1500,30.07,0.3007,0.2512,0.3522,0.4350,5.870,0.2680,1.314,0.120820,0.076930,0.053431,0.040954,0.031910,0.028166,1,0.2165,1.627
2026-07-31T19:29:16,lefigaro_d10_s4_tous_n5000_e5000,lefigaro,10,4,tous,5000,_s3,60558,8823,40897,84,792,5,5000,21,7,0.3500,16.72,0.8358,0.2846,0.4708,0.6541,1.569,0.4049,1.163,0.111767,0.091920,0.080954,0.074374,0.058250,0.053498,1,0.4136,1.138
2026-07-31T19:29:18,lefigaro_d10_s4_sans_verbes_n5000_e5000,lefigaro,10,4,sans_verbes,5000,_s3,55761,7348,36960,79,773,5,5000,21,7,0.3500,16.29,0.8145,0.2926,0.4839,0.6626,1.613,0.4152,1.165,0.119301,0.092132,0.081171,0.078974,0.059812,0.052464,1,0.4164,1.162
2026-07-31T19:29:20,lefigaro_d10_s4_noms_n5000_e5000,lefigaro,10,4,noms,5000,_s3,46726,6065,32088,69,705,4,5000,21,7,0.3500,16.08,0.8038,0.2978,0.4902,0.6723,1.634,0.4098,1.196,0.119603,0.096122,0.082116,0.078635,0.058919,0.054833,1,0.4193,1.169
2026-07-31T19:29:22,lefigaro_d10_s4_noms_propres_n5000_e5000,lefigaro,10,4,noms_propres,5000,_s3,7950,812,5095,24,130,1,4940,21,6,0.3000,14.51,0.7255,0.3420,0.5324,0.7012,1.775,0.4331,1.229,0.138673,0.117135,0.086155,0.074250,0.060335,0.055887,1,0.4556,1.169
2026-07-31T19:29:24,lefigaro_d10_s6_tous_n5000_e5000,lefigaro,10,6,tous,5000,_s3,18963,4608,10653,35,350,2,5000,21,6,0.3000,14.02,0.7008,0.3557,0.5462,0.7111,1.821,0.4612,1.184,0.148059,0.110552,0.097081,0.076012,0.065352,0.049193,1,0.4302,1.270
2026-07-31T19:29:26,lefigaro_d10_s6_sans_verbes_n5000_e5000,lefigaro,10,6,sans_verbes,5000,_s3,18131,4153,9965,32,342,2,5000,21,6,0.3000,14.24,0.7121,0.3507,0.5390,0.7065,1.797,0.4583,1.176,0.144210,0.108468,0.098034,0.076961,0.064410,0.046925,1,0.4321,1.247
2026-07-31T19:29:28,lefigaro_d10_s6_noms_n5000_e5000,lefigaro,10,6,noms,5000,_s3,13666,3645,8617,30,312,2,5000,21,5,0.2500,13.82,0.6908,0.3557,0.5520,0.7138,1.840,0.4582,1.205,0.151698,0.114930,0.089087,0.081113,0.064486,0.050672,1,0.4367,1.264
2026-07-31T19:29:30,lefigaro_d10_s6_noms_propres_n5000_e5000,lefigaro,10,6,noms_propres,5000,_s3,2275,567,1440,12,52,1,1375,21,5,0.2500,12.28,0.6139,0.3999,0.5854,0.7422,1.951,0.4681,1.251,0.172987,0.137264,0.089601,0.070458,0.060902,0.054201,1,0.4764,1.229
2026-07-31T19:29:33,lefigaro_d15_s4_tous_n5000_e5000,lefigaro,15,4,tous,5000,_s3,60558,8822,39118,133,702,0,5000,31,10,0.3333,23.21,0.7737,0.2351,0.3828,0.5277,1.914,0.3125,1.225,0.096955,0.071217,0.066976,0.058733,0.048421,0.040467,1,0.3070,1.247
2026-07-31T19:29:35,lefigaro_d15_s4_sans_verbes_n5000_e5000,lefigaro,15,4,sans_verbes,5000,_s3,55761,7347,35309,126,685,0,5000,31,10,0.3333,23.08,0.7693,0.2355,0.3838,0.5284,1.919,0.3157,1.216,0.099810,0.069848,0.065856,0.058402,0.049229,0.040698,1,0.3072,1.250
2026-07-31T19:29:37,lefigaro_d15_s4_noms_n5000_e5000,lefigaro,15,4,noms,5000,_s3,46726,6064,30713,113,627,0,5000,31,10,0.3333,22.83,0.7611,0.2380,0.3867,0.5316,1.933,0.3107,1.245,0.101932,0.072159,0.063937,0.059938,0.047776,0.040933,1,0.3117,1.241
2026-07-31T19:29:39,lefigaro_d15_s4_noms_propres_n5000_e5000,lefigaro,15,4,noms_propres,5000,_s3,7950,812,4854,28,116,0,4710,31,8,0.2667,20.03,0.6678,0.2771,0.4380,0.5784,2.190,0.3405,1.286,0.118173,0.090704,0.068197,0.062958,0.052762,0.045193,1,0.3470,1.262
2026-07-31T19:29:41,lefigaro_d15_s6_tous_n5000_e5000,lefigaro,15,6,tous,5000,_s3,18963,4605,10211,56,309,0,5000,31,8,0.2667,18.88,0.6294,0.2994,0.4539,0.5899,2.269,0.3671,1.236,0.131045,0.090064,0.078259,0.063484,0.050745,0.040256,1,0.3222,1.408
2026-07-31T19:29:43,lefigaro_d15_s6_sans_verbes_n5000_e5000,lefigaro,15,6,sans_verbes,5000,_s3,18131,4150,9532,53,302,0,5000,31,8,0.2667,18.63,0.6210,0.3047,0.4596,0.5957,2.298,0.3665,1.254,0.130459,0.093800,0.080427,0.063296,0.050173,0.041464,1,0.3266,1.407
2026-07-31T19:29:45,lefigaro_d15_s6_noms_n5000_e5000,lefigaro,15,6,noms,5000,_s3,13666,3642,8305,50,277,0,5000,31,7,0.2333,18.14,0.6045,0.3068,0.4632,0.6000,2.316,0.3670,1.262,0.140100,0.091867,0.074842,0.065064,0.050108,0.041238,1,0.3331,1.391
2026-07-31T19:29:47,lefigaro_d15_s6_noms_propres_n5000_e5000,lefigaro,15,6,noms_propres,5000,_s3,2275,567,1391,13,47,0,1331,31,6,0.2000,15.76,0.5252,0.3476,0.5063,0.6401,2.531,0.3939,1.285,0.155135,0.115896,0.076614,0.062971,0.050448,0.045199,1,0.3733,1.356
2026-07-31T19:29:49,lefigaro_d25_s4_tous_n5000_e5000,lefigaro,25,4,tous,5000,_s3,60558,8821,37160,166,636,0,5000,51,15,0.3000,35.58,0.7116,0.1836,0.2926,0.3977,2.438,0.2285,1.280,0.079547,0.055850,0.048177,0.040910,0.036554,0.031529,2,0.2212,1.323
2026-07-31T19:29:52,lefigaro_d25_s4_sans_verbes_n5000_e5000,lefigaro,25,4,sans_verbes,5000,_s3,55761,7346,33508,159,619,0,5000,51,15,0.3000,34.72,0.6944,0.1886,0.2996,0.4073,2.497,0.2391,1.253,0.082325,0.057054,0.049209,0.042689,0.036399,0.031936,1,0.2256,1.328
2026-07-31T19:29:55,lefigaro_d25_s4_noms_n5000_e5000,lefigaro,25,4,noms,5000,_s3,46726,6064,29184,143,572,0,5000,51,15,0.3000,34.24,0.6848,0.1922,0.3034,0.4103,2.528,0.2345,1.294,0.083994,0.057813,0.050437,0.043222,0.036544,0.031360,1,0.2312,1.312
2026-07-31T19:29:57,lefigaro_d25_s4_noms_propres_n5000_e5000,lefigaro,25,4,noms_propres,5000,_s3,7950,812,4579,30,106,0,4443,51,12,0.2400,29.25,0.5849,0.2219,0.3501,0.4613,2.918,0.2666,1.313,0.098827,0.068328,0.054732,0.051140,0.041865,0.035213,1,0.2585,1.355
2026-07-31T19:29:59,lefigaro_d25_s6_tous_n5000_e5000,lefigaro,25,6,tous,5000,_s3,18963,4600,9788,70,286,0,5000,51,12,0.2400,26.61,0.5322,0.2485,0.3707,0.4764,3.089,0.2902,1.278,0.116051,0.072702,0.059753,0.047307,0.039702,0.035209,1,0.2427,1.527
2026-07-31T19:30:01,lefigaro_d25_s6_sans_verbes_n5000_e5000,lefigaro,25,6,sans_verbes,5000,_s3,18131,4145,9131,67,279,0,5000,51,11,0.2200,25.63,0.5126,0.2565,0.3793,0.4827,3.161,0.2965,1.279,0.121609,0.073557,0.061382,0.049106,0.038498,0.035109,1,0.2466,1.538
2026-07-31T19:30:04,lefigaro_d25_s6_noms_n5000_e5000,lefigaro,25,6,noms,5000,_s3,13666,3639,8008,62,257,0,5000,51,11,0.2200,25.03,0.5006,0.2581,0.3804,0.4883,3.170,0.2958,1.286,0.126741,0.070866,0.060526,0.049321,0.038152,0.034830,1,0.2503,1.520
2026-07-31T19:30:06,lefigaro_d25_s6_noms_propres_n5000_e5000,lefigaro,25,6,noms_propres,5000,_s3,2275,567,1343,15,45,0,1283,51,9,0.1800,21.53,0.4306,0.2895,0.4212,0.5325,3.510,0.3261,1.292,0.137522,0.090733,0.061218,0.055783,0.039090,0.036816,1,0.2924,1.440
2026-07-31T19:30:09,lefigaro_d50_s4_tous_n5000_e5000,lefigaro,50,4,tous,5000,_s3,60558,8818,34313,233,562,0,5000,101,29,0.2900,63.53,0.6353,0.1339,0.2096,0.2785,3.493,0.1552,1.350,0.058054,0.044640,0.031225,0.027225,0.026191,0.022216,2,0.1415,1.481
2026-07-31T19:30:12,lefigaro_d50_s4_sans_verbes_n5000_e5000,lefigaro,50,4,sans_verbes,5000,_s3,55761,7343,30871,222,546,0,5000,101,29,0.2900,62.02,0.6202,0.1374,0.2140,0.2839,3.567,0.1574,1.359,0.061268,0.043645,0.032449,0.027727,0.026001,0.022940,2,0.1461,1.465
2026-07-31T19:30:14,lefigaro_d50_s4_noms_n5000_e5000,lefigaro,50,4,noms,5000,_s3,46726,6062,26923,200,506,0,5000,101,28,0.2800,60.95,0.6095,0.1382,0.2168,0.2891,3.613,0.1603,1.352,0.062502,0.044317,0.031411,0.029027,0.026397,0.023148,2,0.1492,1.453
2026-07-31T19:30:17,lefigaro_d50_s4_noms_propres_n5000_e5000,lefigaro,50,4,noms_propres,5000,_s3,7950,812,4189,38,94,0,4057,101,23,0.2300,50.55,0.5055,0.1643,0.2567,0.3363,4.278,0.1855,1.384,0.073428,0.048033,0.042817,0.035916,0.029581,0.026907,1,0.1759,1.459
2026-07-31T19:30:19,lefigaro_d50_s6_tous_n5000_e5000,lefigaro,50,6,tous,5000,_s3,18963,4596,9280,83,258,0,5000,101,22,0.2200,42.44,0.4244,0.1947,0.2857,0.3615,4.762,0.2122,1.347,0.096224,0.055395,0.043083,0.033765,0.029110,0.028117,1,0.1698,1.683
2026-07-31T19:30:21,lefigaro_d50_s6_sans_verbes_n5000_e5000,lefigaro,50,6,sans_verbes,5000,_s3,18131,4141,8649,80,251,0,5000,101,21,0.2100,42.64,0.4264,0.1940,0.2862,0.3625,4.770,0.2138,1.338,0.094528,0.056399,0.043072,0.033873,0.030521,0.027813,1,0.1703,1.680
2026-07-31T19:30:24,lefigaro_d50_s6_noms_n5000_e5000,lefigaro,50,6,noms,5000,_s3,13666,3635,7630,75,233,0,5000,101,21,0.2100,41.60,0.4160,0.1953,0.2861,0.3638,4.768,0.2138,1.338,0.099772,0.052299,0.043271,0.034828,0.028887,0.027039,1,0.1728,1.656
2026-07-31T19:30:25,lefigaro_d50_s6_noms_propres_n5000_e5000,lefigaro,50,6,noms_propres,5000,_s3,2275,567,1282,16,40,0,1226,101,16,0.1600,34.24,0.3424,0.2221,0.3275,0.4126,5.458,0.2470,1.326,0.109984,0.065284,0.046786,0.044974,0.030503,0.029961,1,0.2050,1.598
2026-07-31T19:30:27,lefigaro3j_d10_s4_tous_n0_e5000,lefigaro3j,10,4,tous,0,_s3,28362,7240,19147,122,0,0,5000,21,6,0.3000,15.23,0.7614,0.3233,0.5040,0.6789,1.680,0.4029,1.251,0.134649,0.110764,0.077841,0.070186,0.059746,0.050862,1,0.4583,1.100
2026-07-31T19:30:29,lefigaro3j_d10_s4_sans_verbes_n0_e5000,lefigaro3j,10,4,sans_verbes,0,_s3,26006,6235,17421,113,0,0,5000,21,6,0.3000,15.08,0.7542,0.3243,0.5057,0.6807,1.686,0.4058,1.246,0.138383,0.111144,0.074773,0.070602,0.059661,0.051102,1,0.4578,1.105
2026-07-31T19:30:31,lefigaro3j_d10_s4_noms_n0_e5000,lefigaro3j,10,4,noms,0,_s3,23039,5277,15350,98,0,0,5000,21,6,0.3000,14.93,0.7466,0.3307,0.5101,0.6846,1.700,0.4082,1.250,0.139132,0.113586,0.077977,0.069205,0.058754,0.051486,1,0.4631,1.102
2026-07-31T19:30:33,lefigaro3j_d10_s4_noms_propres_n0_e5000,lefigaro3j,10,4,noms_propres,0,_s3,3996,736,2419,31,0,0,2388,21,5,0.2500,13.06,0.6532,0.3789,0.5578,0.7281,1.859,0.4440,1.256,0.159064,0.135143,0.084668,0.070873,0.060609,0.047485,0,0.5114,1.091
2026-07-31T19:30:35,lefigaro3j_d10_s6_tous_n0_e5000,lefigaro3j,10,6,tous,0,_s3,7994,3310,5581,49,0,0,5000,21,5,0.2500,11.77,0.5886,0.4086,0.5870,0.7425,1.957,0.4717,1.244,0.187852,0.137877,0.082920,0.071593,0.059716,0.047067,1,0.4891,1.200
2026-07-31T19:30:37,lefigaro3j_d10_s6_sans_verbes_n0_e5000,lefigaro3j,10,6,sans_verbes,0,_s3,7519,3051,5236,47,0,0,5000,21,5,0.2500,11.58,0.5790,0.4132,0.5904,0.7465,1.968,0.4749,1.243,0.191490,0.139462,0.082246,0.070811,0.059582,0.046793,1,0.4902,1.204
2026-07-31T19:30:40,lefigaro3j_d10_s6_noms_n0_e5000,lefigaro3j,10,6,noms,0,_s3,6757,2718,4698,43,0,0,4655,21,5,0.2500,11.53,0.5766,0.4154,0.5920,0.7490,1.973,0.4762,1.243,0.191333,0.140539,0.083483,0.071395,0.059241,0.046057,1,0.4932,1.200
2026-07-31T19:30:43,lefigaro3j_d10_s6_noms_propres_n0_e5000,lefigaro3j,10,6,noms_propres,0,_s3,1281,426,790,16,0,0,774,21,4,0.2000,10.05,0.5024,0.4611,0.6351,0.7892,2.117,0.5184,1.225,0.208933,0.164638,0.087545,0.070755,0.057991,0.045238,1,0.5482,1.159
2026-07-31T19:30:45,lefigaro3j_d15_s4_tous_n0_e5000,lefigaro3j,15,4,tous,0,_s3,28362,7232,18521,146,0,0,5000,31,9,0.3000,21.66,0.7222,0.2591,0.4014,0.5436,2.007,0.3168,1.267,0.110273,0.086400,0.062428,0.056617,0.045682,0.039957,1,0.3618,1.109
2026-07-31T19:30:48,lefigaro3j_d15_s4_sans_verbes_n0_e5000,lefigaro3j,15,4,sans_verbes,0,_s3,26006,6228,16843,136,0,0,5000,31,9,0.3000,20.79,0.6930,0.2736,0.4156,0.5536,2.078,0.3232,1.286,0.115958,0.091067,0.066552,0.057559,0.046380,0.038075,1,0.3702,1.122
2026-07-31T19:30:50,lefigaro3j_d15_s4_noms_n0_e5000,lefigaro3j,15,4,noms,0,_s3,23039,5271,14830,117,0,0,5000,31,9,0.3000,20.94,0.6980,0.2707,0.4132,0.5545,2.066,0.3217,1.284,0.113965,0.091494,0.065233,0.057085,0.045546,0.039838,1,0.3718,1.111
2026-07-31T19:30:52,lefigaro3j_d15_s4_noms_propres_n0_e5000,lefigaro3j,15,4,noms_propres,0,_s3,3996,735,2326,33,0,0,2293,31,7,0.2333,17.89,0.5964,0.3149,0.4653,0.6071,2.326,0.3629,1.282,0.130086,0.113888,0.070894,0.062088,0.047624,0.040690,0,0.4096,1.136
2026-07-31T19:30:54,lefigaro3j_d15_s6_tous_n0_e5000,lefigaro3j,15,6,tous,0,_s3,7994,3304,5482,56,0,0,5000,31,7,0.2333,15.75,0.5251,0.3477,0.4965,0.6279,2.482,0.3896,1.274,0.161521,0.114117,0.072081,0.060593,0.048342,0.039804,1,0.3958,1.254
2026-07-31T19:30:56,lefigaro3j_d15_s6_sans_verbes_n0_e5000,lefigaro3j,15,6,sans_verbes,0,_s3,7519,3045,5143,54,0,0,5000,31,6,0.2000,15.43,0.5144,0.3533,0.5009,0.6327,2.505,0.3954,1.267,0.165271,0.115255,0.072806,0.060118,0.048173,0.039297,1,0.3982,1.258
2026-07-31T19:30:58,lefigaro3j_d15_s6_noms_n0_e5000,lefigaro3j,15,6,noms,0,_s3,6757,2712,4611,50,0,0,4561,31,6,0.2000,15.36,0.5120,0.3550,0.5033,0.6355,2.516,0.3980,1.264,0.164830,0.116553,0.073650,0.061119,0.047923,0.039187,1,0.4000,1.258
2026-07-31T19:30:59,lefigaro3j_d15_s6_noms_propres_n0_e5000,lefigaro3j,15,6,noms_propres,0,_s3,1281,424,771,18,0,0,753,31,5,0.1667,13.30,0.4432,0.3943,0.5525,0.6890,2.763,0.4349,1.270,0.175192,0.140361,0.078766,0.063626,0.049863,0.044697,0,0.4480,1.233
2026-07-31T19:31:02,lefigaro3j_d25_s4_tous_n0_e5000,lefigaro3j,25,4,tous,0,_s3,28362,7222,17645,263,0,0,5000,51,14,0.2800,33.03,0.6605,0.2048,0.3118,0.4198,2.598,0.2379,1.310,0.088039,0.065932,0.050848,0.042462,0.032929,0.031555,1,0.2714,1.149
2026-07-31T19:31:04,lefigaro3j_d25_s4_sans_verbes_n0_e5000,lefigaro3j,25,4,sans_verbes,0,_s3,26006,6219,16022,250,0,0,5000,51,14,0.2800,32.30,0.6461,0.2098,0.3172,0.4257,2.643,0.2419,1.311,0.090784,0.066838,0.052164,0.042550,0.033832,0.031032,1,0.2790,1.137
2026-07-31T19:31:06,lefigaro3j_d25_s4_noms_n0_e5000,lefigaro3j,25,4,noms,0,_s3,23039,5264,14086,217,0,0,5000,51,14,0.2800,32.45,0.6491,0.2091,0.3162,0.4259,2.635,0.2416,1.309,0.088819,0.066786,0.053508,0.043024,0.033076,0.030995,1,0.2786,1.135
2026-07-31T19:31:07,lefigaro3j_d25_s4_noms_propres_n0_e5000,lefigaro3j,25,4,noms_propres,0,_s3,3996,732,2186,49,0,0,2137,51,11,0.2200,26.63,0.5327,0.2484,0.3713,0.4838,3.094,0.2851,1.302,0.103351,0.089539,0.055550,0.052458,0.036664,0.033730,0,0.3108,1.195
2026-07-31T19:31:09,lefigaro3j_d25_s6_tous_n0_e5000,lefigaro3j,25,6,tous,0,_s3,7994,3280,5370,111,0,0,5000,51,10,0.2000,23.11,0.4621,0.2803,0.3975,0.5033,3.312,0.3094,1.285,0.134316,0.086346,0.059676,0.049113,0.037114,0.030899,1,0.3003,1.323
2026-07-31T19:31:11,lefigaro3j_d25_s6_sans_verbes_n0_e5000,lefigaro3j,25,6,sans_verbes,0,_s3,7519,3022,5036,107,0,0,4929,51,10,0.2000,22.64,0.4527,0.2845,0.4018,0.5073,3.349,0.3133,1.283,0.136751,0.088358,0.059441,0.049271,0.037097,0.030916,1,0.3020,1.330
2026-07-31T19:31:13,lefigaro3j_d25_s6_noms_n0_e5000,lefigaro3j,25,6,noms,0,_s3,6757,2693,4509,94,0,0,4415,51,10,0.2000,22.52,0.4505,0.2858,0.4043,0.5099,3.370,0.3153,1.282,0.136444,0.089314,0.060065,0.050155,0.037333,0.031029,1,0.3021,1.338
2026-07-31T19:31:14,lefigaro3j_d25_s6_noms_propres_n0_e5000,lefigaro3j,25,6,noms_propres,0,_s3,1281,420,747,25,0,0,722,51,8,0.1600,18.89,0.3779,0.3242,0.4566,0.5682,3.805,0.3572,1.278,0.142988,0.116114,0.065072,0.056107,0.040633,0.035637,0,0.3397,1.344
2026-07-31T19:31:17,lefigaro3j_d50_s4_tous_n0_e5000,lefigaro3j,50,4,tous,0,_s3,28362,7159,16046,597,0,0,5000,101,28,0.2800,59.00,0.5900,0.1476,0.2246,0.2996,3.744,0.1623,1.384,0.063985,0.043000,0.040611,0.030468,0.024600,0.021968,1,0.1904,1.180
2026-07-31T19:31:19,lefigaro3j_d50_s4_sans_verbes_n0_e5000,lefigaro3j,50,4,sans_verbes,0,_s3,26006,6165,14546,568,0,0,5000,101,27,0.2700,56.97,0.5697,0.1519,0.2315,0.3075,3.859,0.1686,1.374,0.067711,0.043657,0.040492,0.030966,0.025292,0.023428,1,0.1921,1.205
2026-07-31T19:31:21,lefigaro3j_d50_s4_noms_n0_e5000,lefigaro3j,50,4,noms,0,_s3,23039,5217,12777,503,0,0,5000,101,27,0.2700,57.29,0.5729,0.1507,0.2302,0.3071,3.837,0.1682,1.369,0.066671,0.042832,0.041157,0.032035,0.024877,0.022653,1,0.1908,1.207
2026-07-31T19:31:23,lefigaro3j_d50_s4_noms_propres_n0_e5000,lefigaro3j,50,4,noms_propres,0,_s3,3996,729,1976,96,0,0,1880,101,21,0.2100,46.33,0.4633,0.1798,0.2718,0.3554,4.531,0.2012,1.351,0.076583,0.061442,0.041818,0.038112,0.027962,0.025930,1,0.2188,1.242
2026-07-31T19:31:25,lefigaro3j_d50_s6_tous_n0_e5000,lefigaro3j,50,6,tous,0,_s3,7994,3204,5106,257,0,0,4849,101,20,0.2000,40.08,0.4008,0.2063,0.2952,0.3733,4.920,0.2240,1.318,0.100346,0.058915,0.046996,0.036238,0.027593,0.025118,1,0.2080,1.419
2026-07-31T19:31:28,lefigaro3j_d50_s6_sans_verbes_n0_e5000,lefigaro3j,50,6,sans_verbes,0,_s3,7519,2951,4786,248,0,0,4538,101,20,0.2000,39.58,0.3958,0.2081,0.2974,0.3757,4.957,0.2264,1.314,0.101187,0.060087,0.046783,0.036395,0.027875,0.025091,1,0.2086,1.426
2026-07-31T19:31:30,lefigaro3j_d50_s6_noms_n0_e5000,lefigaro3j,50,6,noms,0,_s3,6757,2630,4288,219,0,0,4069,101,20,0.2000,39.39,0.3939,0.2091,0.2992,0.3776,4.986,0.2277,1.314,0.100596,0.061170,0.047307,0.037003,0.027949,0.025161,1,0.2087,1.433
2026-07-31T19:31:32,lefigaro3j_d50_s6_noms_propres_n0_e5000,lefigaro3j,50,6,noms_propres,0,_s3,1281,410,717,50,0,0,667,101,15,0.1500,31.89,0.3189,0.2412,0.3427,0.4304,5.712,0.2632,1.302,0.105750,0.085394,0.050049,0.041297,0.030872,0.029341,0,0.2339,1.465
2026-07-31T19:31:34,lefigaro7j_d10_s4_tous_n0_e5000,lefigaro7j,10,4,tous,0,_s3,18274,5951,11512,201,0,0,5000,21,6,0.3000,14.52,0.7259,0.3467,0.5221,0.6908,1.740,0.3988,1.309,0.140799,0.119525,0.086393,0.069110,0.058210,0.048064,1,0.5068,1.030
2026-07-31T19:31:35,lefigaro7j_d10_s4_sans_verbes_n0_e5000,lefigaro7j,10,4,sans_verbes,0,_s3,16710,5184,10440,191,0,0,5000,21,6,0.3000,14.37,0.7185,0.3507,0.5247,0.6951,1.749,0.4011,1.308,0.141145,0.123557,0.086033,0.067734,0.057215,0.049038,1,0.5075,1.034
2026-07-31T19:31:37,lefigaro7j_d10_s4_noms_n0_e5000,lefigaro7j,10,4,noms,0,_s3,14775,4428,9167,173,0,0,5000,21,6,0.3000,14.24,0.7120,0.3537,0.5300,0.6991,1.767,0.4062,1.305,0.141196,0.125727,0.086826,0.067768,0.060084,0.048437,1,0.5121,1.035
2026-07-31T19:31:38,lefigaro7j_d10_s4_noms_propres_n0_e5000,lefigaro7j,10,4,noms_propres,0,_s3,2290,617,1426,47,0,0,1379,21,5,0.2500,12.29,0.6144,0.4063,0.5853,0.7442,1.951,0.4463,1.311,0.165165,0.143493,0.097667,0.070049,0.059718,0.049220,0,0.5346,1.095
2026-07-31T19:31:40,lefigaro7j_d10_s6_tous_n0_e5000,lefigaro7j,10,6,tous,0,_s3,6157,2542,3678,78,0,0,3600,21,5,0.2500,11.69,0.5846,0.4185,0.6071,0.7556,2.024,0.4652,1.305,0.175983,0.145819,0.096657,0.079312,0.055040,0.054268,1,0.5328,1.139
2026-07-31T19:31:42,lefigaro7j_d10_s6_sans_verbes_n0_e5000,lefigaro7j,10,6,sans_verbes,0,_s3,5825,2338,3438,76,0,0,3362,21,5,0.2500,11.64,0.5821,0.4189,0.6090,0.7584,2.030,0.4696,1.297,0.176853,0.145968,0.096044,0.080304,0.055577,0.054298,0,0.5319,1.145
2026-07-31T19:31:43,lefigaro7j_d10_s6_noms_n0_e5000,lefigaro7j,10,6,noms,0,_s3,5218,2095,3070,71,0,0,2999,21,5,0.2500,11.76,0.5878,0.4146,0.6075,0.7586,2.025,0.4722,1.286,0.174792,0.144611,0.095232,0.080512,0.056976,0.055355,0,0.5322,1.141
2026-07-31T19:31:44,lefigaro7j_d10_s6_noms_propres_n0_e5000,lefigaro7j,10,6,noms_propres,0,_s3,767,339,515,24,0,0,491,21,4,0.2000,9.63,0.4813,0.4818,0.6624,0.7993,2.208,0.5186,1.277,0.213084,0.166883,0.101816,0.074268,0.059466,0.046890,0,0.5537,1.196
2026-07-31T19:31:46,lefigaro7j_d15_s4_tous_n0_e5000,lefigaro7j,15,4,tous,0,_s3,18274,5930,11061,289,0,0,5000,31,9,0.3000,20.43,0.6808,0.2795,0.4258,0.5623,2.129,0.3158,1.348,0.116214,0.094385,0.068921,0.056991,0.048363,0.040973,1,0.4057,1.050
2026-07-31T19:31:48,lefigaro7j_d15_s4_sans_verbes_n0_e5000,lefigaro7j,15,4,sans_verbes,0,_s3,16710,5164,10021,277,0,0,5000,31,8,0.2667,19.90,0.6634,0.2885,0.4349,0.5717,2.175,0.3211,1.355,0.117022,0.100496,0.071016,0.057027,0.048160,0.041201,1,0.4137,1.051
2026-07-31T19:31:49,lefigaro7j_d15_s4_noms_n0_e5000,lefigaro7j,15,4,noms,0,_s3,14775,4410,8800,247,0,0,5000,31,8,0.2667,19.81,0.6604,0.2883,0.4363,0.5761,2.181,0.3222,1.354,0.118592,0.099986,0.069738,0.056753,0.048572,0.042629,1,0.4130,1.056
2026-07-31T19:31:51,lefigaro7j_d15_s4_noms_propres_n0_e5000,lefigaro7j,15,4,noms_propres,0,_s3,2290,613,1374,61,0,0,1313,31,7,0.2333,17.18,0.5726,0.3313,0.4836,0.6220,2.418,0.3620,1.336,0.129373,0.120709,0.081204,0.059826,0.049669,0.042778,0,0.4292,1.127
2026-07-31T19:31:52,lefigaro7j_d15_s6_tous_n0_e5000,lefigaro7j,15,6,tous,0,_s3,6157,2510,3586,129,0,0,3457,31,6,0.2000,15.47,0.5157,0.3576,0.5180,0.6443,2.590,0.3891,1.331,0.154938,0.119691,0.082994,0.066138,0.049482,0.044796,0,0.4295,1.206
2026-07-31T19:31:54,lefigaro7j_d15_s6_sans_verbes_n0_e5000,lefigaro7j,15,6,sans_verbes,0,_s3,5825,2308,3350,125,0,0,3225,31,6,0.2000,15.40,0.5133,0.3578,0.5202,0.6466,2.601,0.3936,1.322,0.155751,0.119825,0.082190,0.066954,0.049975,0.045501,0,0.4270,1.218
2026-07-31T19:31:55,lefigaro7j_d15_s6_noms_n0_e5000,lefigaro7j,15,6,noms,0,_s3,5218,2071,2994,111,0,0,2883,31,6,0.2000,15.54,0.5181,0.3548,0.5184,0.6461,2.592,0.3944,1.314,0.153883,0.118916,0.082024,0.067058,0.050467,0.046027,0,0.4260,1.217
2026-07-31T19:31:56,lefigaro7j_d15_s6_noms_propres_n0_e5000,lefigaro7j,15,6,noms_propres,0,_s3,767,334,507,33,0,0,474,31,5,0.1667,12.73,0.4243,0.4116,0.5693,0.6930,2.846,0.4377,1.301,0.176772,0.148929,0.085927,0.064053,0.052663,0.040936,0,0.4424,1.287
2026-07-31T19:31:58,lefigaro7j_d25_s4_tous_n0_e5000,lefigaro7j,25,4,tous,0,_s3,18274,5842,10388,543,0,0,5000,51,13,0.2600,31.38,0.6275,0.2169,0.3328,0.4380,2.773,0.2350,1.416,0.088656,0.072373,0.055906,0.045775,0.037642,0.032413,1,0.3074,1.082
2026-07-31T19:32:00,lefigaro7j_d25_s4_sans_verbes_n0_e5000,lefigaro7j,25,4,sans_verbes,0,_s3,16710,5086,9403,517,0,0,5000,51,13,0.2600,31.07,0.6214,0.2183,0.3363,0.4430,2.803,0.2391,1.407,0.089149,0.072606,0.056570,0.046021,0.038735,0.033257,1,0.3106,1.083
2026-07-31T19:32:02,lefigaro7j_d25_s4_noms_n0_e5000,lefigaro7j,25,4,noms,0,_s3,14775,4345,8262,462,0,0,5000,51,13,0.2600,30.40,0.6081,0.2231,0.3429,0.4499,2.858,0.2417,1.419,0.090656,0.075013,0.057396,0.047502,0.038890,0.033458,1,0.3099,1.107
2026-07-31T19:32:03,lefigaro7j_d25_s4_noms_propres_n0_e5000,lefigaro7j,25,4,noms_propres,0,_s3,2290,608,1308,89,0,0,1219,51,11,0.2200,26.90,0.5380,0.2491,0.3732,0.4892,3.110,0.2760,1.352,0.094355,0.090963,0.063806,0.049544,0.039594,0.034947,0,0.3269,1.142
2026-07-31T19:32:05,lefigaro7j_d25_s6_tous_n0_e5000,lefigaro7j,25,6,tous,0,_s3,6157,2441,3459,241,0,0,3218,51,10,0.2000,23.00,0.4600,0.2863,0.4151,0.5178,3.459,0.3028,1.371,0.125571,0.091325,0.069363,0.049846,0.042831,0.036179,0,0.3269,1.270
2026-07-31T19:32:07,lefigaro7j_d25_s6_sans_verbes_n0_e5000,lefigaro7j,25,6,sans_verbes,0,_s3,5825,2242,3231,234,0,0,2997,51,10,0.2000,22.95,0.4591,0.2855,0.4152,0.5183,3.460,0.3069,1.353,0.126371,0.090975,0.068159,0.050693,0.042397,0.036637,0,0.3242,1.281
2026-07-31T19:32:08,lefigaro7j_d25_s6_noms_n0_e5000,lefigaro7j,25,6,noms,0,_s3,5218,2012,2896,208,0,0,2688,51,10,0.2000,23.06,0.4611,0.2842,0.4151,0.5191,3.459,0.3063,1.355,0.124848,0.091000,0.068320,0.051872,0.042079,0.036962,0,0.3242,1.280
2026-07-31T19:32:09,lefigaro7j_d25_s6_noms_propres_n0_e5000,lefigaro7j,25,6,noms_propres,0,_s3,767,328,496,44,0,0,452,51,8,0.1600,19.00,0.3800,0.3280,0.4575,0.5709,3.812,0.3470,1.318,0.137318,0.118379,0.072344,0.048615,0.044595,0.036208,0,0.3462,1.321
2026-07-31T19:32:11,lefigaro7j_d50_s4_tous_n0_e5000,lefigaro7j,50,4,tous,0,_s3,18274,5503,9279,1223,0,0,5000,101,25,0.2500,52.80,0.5280,0.1642,0.2491,0.3267,4.152,0.1546,1.611,0.068371,0.053006,0.042775,0.035808,0.025941,0.023208,1,0.2126,1.172
2026-07-31T19:32:13,lefigaro7j_d50_s4_sans_verbes_n0_e5000,lefigaro7j,50,4,sans_verbes,0,_s3,16710,4793,8364,1137,0,0,5000,101,24,0.2400,51.83,0.5183,0.1656,0.2535,0.3329,4.225,0.1603,1.581,0.068802,0.053568,0.043267,0.037507,0.026558,0.023807,1,0.2142,1.184
2026-07-31T19:32:15,lefigaro7j_d50_s4_noms_n0_e5000,lefigaro7j,50,4,noms,0,_s3,14775,4095,7340,1023,0,0,5000,101,24,0.2400,51.96,0.5196,0.1647,0.2541,0.3340,4.235,0.1612,1.577,0.066739,0.054015,0.043946,0.037845,0.027265,0.024307,1,0.2135,1.190
2026-07-31T19:32:17,lefigaro7j_d50_s4_noms_propres_n0_e5000,lefigaro7j,50,4,noms_propres,0,_s3,2290,592,1140,155,0,0,985,101,19,0.1900,45.71,0.4571,0.1773,0.2798,0.3687,4.663,0.1915,1.461,0.066999,0.061351,0.048908,0.042240,0.032902,0.027405,0,0.2266,1.235
2026-07-31T19:32:18,lefigaro7j_d50_s6_tous_n0_e5000,lefigaro7j,50,6,tous,0,_s3,6157,2292,3233,456,0,0,2777,101,18,0.1800,38.67,0.3867,0.2122,0.3139,0.3950,5.231,0.2112,1.486,0.092191,0.068139,0.051821,0.043457,0.031339,0.026927,1,0.2243,1.399
2026-07-31T19:32:20,lefigaro7j_d50_s6_sans_verbes_n0_e5000,lefigaro7j,50,6,sans_verbes,0,_s3,5825,2104,3014,438,0,0,2576,101,18,0.1800,38.91,0.3891,0.2098,0.3126,0.3948,5.210,0.2145,1.457,0.092030,0.066300,0.051514,0.043530,0.031905,0.027323,1,0.2214,1.412
2026-07-31T19:32:21,lefigaro7j_d50_s6_noms_n0_e5000,lefigaro7j,50,6,noms,0,_s3,5218,1884,2701,398,0,0,2303,101,18,0.1800,38.58,0.3858,0.2108,0.3140,0.3967,5.234,0.2150,1.461,0.092500,0.066529,0.051777,0.043856,0.032297,0.027065,1,0.2242,1.401
2026-07-31T19:32:23,lefigaro7j_d50_s6_noms_propres_n0_e5000,lefigaro7j,50,6,noms_propres,0,_s3,767,312,464,75,0,0,389,101,14,0.1400,31.17,0.3117,0.2424,0.3497,0.4412,5.828,0.2557,1.367,0.103800,0.084188,0.054415,0.042494,0.035333,0.029439,0,0.2450,1.427
2026-07-31T19:32:26,lesechos_d10_s4_tous_n5000_e5000,lesechos,10,4,tous,5000,_s3,62592,8655,50055,125,4011,0,5000,21,7,0.3500,15.96,0.7980,0.3001,0.4713,0.6547,1.571,0.4196,1.123,0.134306,0.099481,0.066329,0.061616,0.057219,0.052325,2,0.3822,1.233
2026-07-31T19:32:28,lesechos_d10_s4_sans_verbes_n5000_e5000,lesechos,10,4,sans_verbes,5000,_s3,58807,7144,46642,110,3834,0,5000,21,7,0.3500,16.28,0.8141,0.2932,0.4628,0.6457,1.543,0.4150,1.115,0.129044,0.098805,0.065329,0.063350,0.054292,0.051979,2,0.3786,1.223
2026-07-31T19:32:31,lesechos_d10_s4_noms_n5000_e5000,lesechos,10,4,noms,5000,_s3,52486,5792,41346,96,3507,0,5000,21,7,0.3500,16.10,0.8052,0.2969,0.4740,0.6555,1.580,0.4259,1.113,0.128270,0.102029,0.066585,0.064455,0.060717,0.051936,2,0.3825,1.239
2026-07-31T19:32:33,lesechos_d10_s4_noms_propres_n5000_e5000,lesechos,10,4,noms_propres,5000,_s3,8682,621,5995,12,798,0,5000,21,6,0.3000,14.09,0.7044,0.3470,0.5283,0.6988,1.761,0.4685,1.128,0.154948,0.116929,0.075139,0.068787,0.059363,0.053087,1,0.4080,1.295
2026-07-31T19:32:36,lesechos_d10_s6_tous_n5000_e5000,lesechos,10,6,tous,5000,_s3,16794,4650,13380,28,1532,0,5000,21,6,0.3000,13.57,0.6783,0.3561,0.5442,0.7088,1.814,0.4795,1.135,0.164020,0.118266,0.073788,0.068747,0.065331,0.054080,1,0.3917,1.390
2026-07-31T19:32:38,lesechos_d10_s6_sans_verbes_n5000_e5000,lesechos,10,6,sans_verbes,5000,_s3,16134,4288,12802,24,1479,0,5000,21,6,0.3000,13.26,0.6631,0.3654,0.5478,0.7077,1.826,0.4835,1.133,0.169296,0.121397,0.074741,0.068283,0.062751,0.051284,1,0.3958,1.384
2026-07-31T19:32:40,lesechos_d10_s6_noms_n5000_e5000,lesechos,10,6,noms,5000,_s3,14670,3724,11572,21,1358,0,5000,21,6,0.3000,13.39,0.6696,0.3613,0.5460,0.7092,1.820,0.4802,1.137,0.166314,0.121882,0.073092,0.066422,0.064784,0.053525,1,0.3959,1.379
2026-07-31T19:32:43,lesechos_d10_s6_noms_propres_n5000_e5000,lesechos,10,6,noms_propres,5000,_s3,2999,485,2012,4,325,0,1683,21,5,0.2500,12.20,0.6098,0.3900,0.5776,0.7484,1.925,0.5120,1.128,0.183881,0.124870,0.081251,0.073257,0.060215,0.054168,1,0.4219,1.369
2026-07-31T19:32:45,lesechos_d15_s4_tous_n5000_e5000,lesechos,15,4,tous,5000,_s3,62592,8652,48521,185,3871,0,5000,31,10,0.3333,23.57,0.7856,0.2311,0.3629,0.5007,1.815,0.3212,1.130,0.105049,0.071461,0.054577,0.049603,0.043777,0.038451,2,0.2702,1.343
2026-07-31T19:32:48,lesechos_d15_s4_sans_verbes_n5000_e5000,lesechos,15,4,sans_verbes,5000,_s3,58807,7143,45151,167,3694,0,5000,31,11,0.3667,23.90,0.7967,0.2259,0.3574,0.4984,1.787,0.3190,1.120,0.101785,0.070869,0.053266,0.050042,0.042867,0.038541,2,0.2677,1.335
2026-07-31T19:32:51,lesechos_d15_s4_noms_n5000_e5000,lesechos,15,4,noms,5000,_s3,52486,5792,39965,141,3375,0,5000,31,10,0.3333,23.51,0.7836,0.2318,0.3643,0.5047,1.822,0.3242,1.124,0.104574,0.071873,0.055309,0.048407,0.044169,0.039973,2,0.2719,1.340
2026-07-31T19:32:53,lesechos_d15_s4_noms_propres_n5000_e5000,lesechos,15,4,noms_propres,5000,_s3,8682,621,5747,16,768,0,4963,31,9,0.3000,19.98,0.6661,0.2800,0.4200,0.5597,2.100,0.3746,1.121,0.128883,0.090802,0.060356,0.055639,0.043897,0.040391,1,0.2934,1.431
2026-07-31T19:32:55,lesechos_d15_s6_tous_n5000_e5000,lesechos,15,6,tous,5000,_s3,16794,4645,13079,47,1492,0,5000,31,8,0.2667,18.73,0.6243,0.2930,0.4342,0.5690,2.171,0.3831,1.133,0.143621,0.092487,0.056874,0.055577,0.046409,0.039248,1,0.2812,1.544
2026-07-31T19:32:57,lesechos_d15_s6_sans_verbes_n5000_e5000,lesechos,15,6,sans_verbes,5000,_s3,16134,4283,12504,43,1439,0,5000,31,8,0.2667,18.91,0.6302,0.2916,0.4338,0.5658,2.169,0.3825,1.134,0.141708,0.091990,0.057925,0.054634,0.046824,0.040762,1,0.2812,1.543
2026-07-31T19:33:00,lesechos_d15_s6_noms_n5000_e5000,lesechos,15,6,noms,5000,_s3,14670,3720,11291,38,1320,0,5000,31,8,0.2667,18.52,0.6172,0.2959,0.4418,0.5815,2.209,0.3907,1.131,0.143227,0.093207,0.059512,0.056983,0.048141,0.040743,1,0.2848,1.551
2026-07-31T19:33:02,lesechos_d15_s6_noms_propres_n5000_e5000,lesechos,15,6,noms_propres,5000,_s3,2999,484,1943,5,309,0,1629,31,7,0.2333,16.50,0.5500,0.3272,0.4759,0.6177,2.379,0.4239,1.123,0.160939,0.098628,0.067595,0.056966,0.046466,0.045297,1,0.3077,1.546
2026-07-31T19:33:04,lesechos_d25_s4_tous_n5000_e5000,lesechos,25,4,tous,5000,_s3,62592,8645,46348,269,3658,0,5000,51,17,0.3400,36.97,0.7393,0.1800,0.2704,0.3661,2.253,0.2427,1.114,0.083253,0.051850,0.044850,0.034077,0.028982,0.027364,2,0.1796,1.506
2026-07-31T19:33:07,lesechos_d25_s4_sans_verbes_n5000_e5000,lesechos,25,4,sans_verbes,5000,_s3,58807,7141,43046,241,3488,0,5000,51,17,0.3400,36.44,0.7288,0.1833,0.2752,0.3727,2.293,0.2462,1.118,0.084159,0.053025,0.046117,0.035342,0.029598,0.026960,2,0.1819,1.513
2026-07-31T19:33:10,lesechos_d25_s4_noms_n5000_e5000,lesechos,25,4,noms,5000,_s3,52486,5790,38038,204,3186,0,5000,51,17,0.3400,36.32,0.7264,0.1844,0.2769,0.3730,2.307,0.2449,1.131,0.084683,0.053428,0.046301,0.034664,0.029282,0.028539,2,0.1804,1.535
2026-07-31T19:33:12,lesechos_d25_s4_noms_propres_n5000_e5000,lesechos,25,4,noms_propres,5000,_s3,8682,621,5383,24,714,0,4645,51,14,0.2800,30.00,0.6000,0.2250,0.3286,0.4298,2.738,0.2940,1.118,0.107233,0.066355,0.051443,0.039701,0.032745,0.031075,1,0.2012,1.633
2026-07-31T19:33:15,lesechos_d25_s6_tous_n5000_e5000,lesechos,25,6,tous,5000,_s3,16794,4638,12658,69,1450,0,5000,51,13,0.2600,27.56,0.5512,0.2395,0.3439,0.4450,2.866,0.3046,1.129,0.121045,0.068835,0.049612,0.040380,0.034633,0.029366,1,0.1908,1.802
2026-07-31T19:33:17,lesechos_d25_s6_sans_verbes_n5000_e5000,lesechos,25,6,sans_verbes,5000,_s3,16134,4277,12097,64,1398,0,5000,51,13,0.2600,27.72,0.5544,0.2381,0.3428,0.4446,2.857,0.3059,1.121,0.120550,0.067345,0.050240,0.040428,0.034142,0.030088,1,0.1917,1.788
2026-07-31T19:33:19,lesechos_d25_s6_noms_n5000_e5000,lesechos,25,6,noms,5000,_s3,14670,3715,10909,58,1281,0,5000,51,13,0.2600,28.24,0.5648,0.2347,0.3401,0.4420,2.834,0.3014,1.128,0.117197,0.068128,0.049403,0.040298,0.033721,0.031325,1,0.1898,1.792
2026-07-31T19:33:21,lesechos_d25_s6_noms_propres_n5000_e5000,lesechos,25,6,noms_propres,5000,_s3,2999,484,1843,9,299,0,1535,51,11,0.2200,22.81,0.4562,0.2765,0.3893,0.4957,3.244,0.3472,1.121,0.143249,0.076499,0.056712,0.043513,0.035976,0.033364,1,0.2149,1.811
2026-07-31T19:33:25,lesechos_d50_s4_tous_n5000_e5000,lesechos,50,4,tous,5000,_s3,62592,8637,42805,453,3348,0,5000,101,34,0.3400,67.95,0.6795,0.1288,0.1864,0.2428,3.106,0.1634,1.140,0.062231,0.036875,0.029657,0.021355,0.020052,0.016214,2,0.1082,1.723
2026-07-31T19:33:28,lesechos_d50_s4_sans_verbes_n5000_e5000,lesechos,50,4,sans_verbes,5000,_s3,58807,7136,39588,412,3184,0,5000,101,33,0.3300,66.43,0.6643,0.1329,0.1918,0.2500,3.197,0.1674,1.146,0.063418,0.037319,0.032144,0.022219,0.019884,0.016859,2,0.1090,1.760
2026-07-31T19:33:31,lesechos_d50_s4_noms_n5000_e5000,lesechos,50,4,noms,5000,_s3,52486,5789,34845,355,2906,0,5000,101,34,0.3400,67.05,0.6705,0.1298,0.1884,0.2465,3.140,0.1629,1.156,0.063643,0.036783,0.029405,0.022836,0.019256,0.016473,2,0.1099,1.714
2026-07-31T19:33:33,lesechos_d50_s4_noms_propres_n5000_e5000,lesechos,50,4,noms_propres,5000,_s3,8682,621,4789,46,639,0,4104,101,28,0.2800,53.79,0.5379,0.1640,0.2337,0.2991,3.896,0.2060,1.134,0.079992,0.043895,0.040163,0.026158,0.024061,0.019465,1,0.1243,1.881
2026-07-31T19:33:36,lesechos_d50_s6_tous_n5000_e5000,lesechos,50,6,tous,5000,_s3,16794,4628,12008,118,1370,0,5000,101,28,0.2800,50.74,0.5074,0.1728,0.2399,0.3052,3.998,0.2138,1.122,0.087678,0.045280,0.039854,0.024342,0.022229,0.020475,2,0.1159,2.069
2026-07-31T19:33:39,lesechos_d50_s6_sans_verbes_n5000_e5000,lesechos,50,6,sans_verbes,5000,_s3,16134,4268,11454,112,1318,0,5000,101,27,0.2700,49.15,0.4915,0.1764,0.2458,0.3105,4.097,0.2137,1.150,0.091322,0.044564,0.040543,0.026154,0.022417,0.020815,2,0.1184,2.077
2026-07-31T19:33:42,lesechos_d50_s6_noms_n5000_e5000,lesechos,50,6,noms,5000,_s3,14670,3707,10304,103,1207,0,5000,101,27,0.2700,48.85,0.4885,0.1771,0.2466,0.3126,4.109,0.2164,1.139,0.091394,0.046021,0.039704,0.026052,0.022627,0.020760,2,0.1173,2.102
2026-07-31T19:33:44,lesechos_d50_s6_noms_propres_n5000_e5000,lesechos,50,6,noms_propres,5000,_s3,2999,483,1692,15,275,0,1402,101,21,0.2100,37.96,0.3796,0.2111,0.2916,0.3677,4.860,0.2569,1.135,0.111334,0.052569,0.047246,0.030746,0.027034,0.022700,1,0.1360,2.144
2026-07-31T19:33:46,lesechos3j_d10_s4_tous_n0_e5000,lesechos3j,10,4,tous,0,_s3,23167,6500,17779,150,0,0,5000,21,7,0.3500,16.19,0.8094,0.3001,0.4660,0.6446,1.553,0.3871,1.204,0.131744,0.096660,0.071652,0.059732,0.056037,0.050218,1,0.4033,1.156
2026-07-31T19:33:48,lesechos3j_d10_s4_sans_verbes_n0_e5000,lesechos3j,10,4,sans_verbes,0,_s3,21705,5677,16521,136,0,0,5000,21,7,0.3500,16.22,0.8109,0.2984,0.4675,0.6484,1.558,0.3927,1.190,0.129187,0.098133,0.071057,0.062735,0.056006,0.050340,1,0.4045,1.156
2026-07-31T19:33:49,lesechos3j_d10_s4_noms_n0_e5000,lesechos3j,10,4,noms,0,_s3,19195,4784,14551,117,0,0,5000,21,7,0.3500,15.83,0.7917,0.3083,0.4773,0.6523,1.591,0.3940,1.212,0.135853,0.099292,0.073195,0.063477,0.055679,0.049848,1,0.4074,1.172
2026-07-31T19:33:51,lesechos3j_d10_s4_noms_propres_n0_e5000,lesechos3j,10,4,noms_propres,0,_s3,2961,587,2128,18,0,0,2110,21,6,0.3000,14.19,0.7095,0.3478,0.5241,0.6927,1.747,0.4362,1.202,0.154081,0.115590,0.078153,0.067718,0.059840,0.048756,0,0.4346,1.206
2026-07-31T19:33:52,lesechos3j_d10_s6_tous_n0_e5000,lesechos3j,10,6,tous,0,_s3,5834,2696,4595,36,0,0,4559,21,5,0.2500,12.58,0.6291,0.3888,0.5595,0.7170,1.865,0.4543,1.232,0.179841,0.126308,0.082646,0.068819,0.056603,0.045313,1,0.4251,1.316
2026-07-31T19:33:54,lesechos3j_d10_s6_sans_verbes_n0_e5000,lesechos3j,10,6,sans_verbes,0,_s3,5583,2547,4400,32,0,0,4368,21,5,0.2500,12.49,0.6247,0.3916,0.5625,0.7181,1.875,0.4558,1.234,0.180662,0.127563,0.083413,0.069175,0.056679,0.044975,1,0.4252,1.323
2026-07-31T19:33:55,lesechos3j_d10_s6_noms_n0_e5000,lesechos3j,10,6,noms,0,_s3,4969,2244,3911,29,0,0,3882,21,5,0.2500,12.44,0.6219,0.3931,0.5644,0.7201,1.881,0.4561,1.238,0.181064,0.128491,0.083498,0.069506,0.057013,0.044855,1,0.4284,1.318
2026-07-31T19:33:57,lesechos3j_d10_s6_noms_propres_n0_e5000,lesechos3j,10,6,noms_propres,0,_s3,806,347,643,9,0,0,634,21,4,0.2000,10.19,0.5094,0.4569,0.6289,0.7762,2.096,0.5087,1.236,0.209452,0.160752,0.086731,0.070870,0.059357,0.041756,0,0.4510,1.395
2026-07-31T19:33:59,lesechos3j_d15_s4_tous_n0_e5000,lesechos3j,15,4,tous,0,_s3,23167,6498,17371,191,0,0,5000,31,11,0.3667,23.83,0.7944,0.2263,0.3534,0.4905,1.767,0.2986,1.184,0.106019,0.069576,0.050669,0.047094,0.041881,0.038165,1,0.2994,1.180
2026-07-31T19:34:00,lesechos3j_d15_s4_sans_verbes_n0_e5000,lesechos3j,15,4,sans_verbes,0,_s3,21705,5675,16126,176,0,0,5000,31,10,0.3333,22.91,0.7636,0.2417,0.3708,0.5047,1.854,0.3096,1.198,0.111281,0.074601,0.055866,0.048504,0.041859,0.038672,1,0.3052,1.215
2026-07-31T19:34:02,lesechos3j_d15_s4_noms_n0_e5000,lesechos3j,15,4,noms,0,_s3,19195,4783,14190,155,0,0,5000,31,10,0.3333,23.32,0.7773,0.2364,0.3651,0.5010,1.826,0.3037,1.202,0.107954,0.073062,0.055418,0.047804,0.042265,0.038633,1,0.3056,1.195
2026-07-31T19:34:04,lesechos3j_d15_s4_noms_propres_n0_e5000,lesechos3j,15,4,noms_propres,0,_s3,2961,587,2064,22,0,0,2042,31,9,0.3000,19.98,0.6659,0.2795,0.4204,0.5575,2.102,0.3516,1.196,0.130977,0.087524,0.061008,0.054349,0.045593,0.040945,0,0.3330,1.262
2026-07-31T19:34:05,lesechos3j_d15_s6_tous_n0_e5000,lesechos3j,15,6,tous,0,_s3,5834,2693,4533,51,0,0,4482,31,8,0.2667,17.15,0.5717,0.3204,0.4580,0.5848,2.290,0.3701,1.238,0.159834,0.096167,0.064434,0.054461,0.044411,0.038703,1,0.3271,1.400
2026-07-31T19:34:07,lesechos3j_d15_s6_sans_verbes_n0_e5000,lesechos3j,15,6,sans_verbes,0,_s3,5583,2544,4340,47,0,0,4293,31,8,0.2667,17.02,0.5673,0.3228,0.4604,0.5868,2.302,0.3719,1.238,0.160825,0.097144,0.064874,0.054622,0.044617,0.038323,1,0.3281,1.403
2026-07-31T19:34:09,lesechos3j_d15_s6_noms_n0_e5000,lesechos3j,15,6,noms,0,_s3,4969,2242,3855,43,0,0,3812,31,7,0.2333,16.92,0.5640,0.3248,0.4634,0.5887,2.317,0.3733,1.241,0.160880,0.098960,0.064996,0.054587,0.045127,0.038864,1,0.3310,1.400
2026-07-31T19:34:10,lesechos3j_d15_s6_noms_propres_n0_e5000,lesechos3j,15,6,noms_propres,0,_s3,806,347,632,10,0,0,622,31,6,0.2000,13.65,0.4549,0.3798,0.5250,0.6541,2.625,0.4274,1.228,0.190150,0.119843,0.069808,0.057698,0.046182,0.041310,0,0.3480,1.509
2026-07-31T19:34:12,lesechos3j_d25_s4_tous_n0_e5000,lesechos3j,25,4,tous,0,_s3,23167,6486,16721,287,0,0,5000,51,17,0.3400,37.39,0.7479,0.1724,0.2666,0.3645,2.222,0.2220,1.201,0.083616,0.049631,0.039184,0.036314,0.029980,0.027916,1,0.2156,1.237
2026-07-31T19:34:14,lesechos3j_d25_s4_sans_verbes_n0_e5000,lesechos3j,25,4,sans_verbes,0,_s3,21705,5668,15495,266,0,0,5000,51,17,0.3400,36.48,0.7296,0.1764,0.2717,0.3703,2.264,0.2259,1.203,0.088164,0.049825,0.038446,0.036350,0.030023,0.028927,1,0.2166,1.255
2026-07-31T19:34:16,lesechos3j_d25_s4_noms_n0_e5000,lesechos3j,25,4,noms,0,_s3,19195,4777,13616,234,0,0,5000,51,17,0.3400,36.77,0.7354,0.1757,0.2711,0.3695,2.259,0.2243,1.209,0.086560,0.050153,0.038937,0.035756,0.030903,0.028799,1,0.2170,1.249
2026-07-31T19:34:18,lesechos3j_d25_s4_noms_propres_n0_e5000,lesechos3j,25,4,noms_propres,0,_s3,2961,587,1967,31,0,0,1936,51,14,0.2800,30.49,0.6098,0.2154,0.3225,0.4268,2.687,0.2689,1.199,0.107332,0.061558,0.046546,0.041177,0.033295,0.032565,0,0.2396,1.346
2026-07-31T19:34:19,lesechos3j_d25_s6_tous_n0_e5000,lesechos3j,25,6,tous,0,_s3,5834,2683,4450,70,0,0,4380,51,13,0.2600,25.65,0.5130,0.2499,0.3558,0.4550,2.965,0.2860,1.244,0.134326,0.068466,0.047153,0.041837,0.032509,0.031489,1,0.2373,1.499
2026-07-31T19:34:21,lesechos3j_d25_s6_sans_verbes_n0_e5000,lesechos3j,25,6,sans_verbes,0,_s3,5583,2535,4258,65,0,0,4193,51,13,0.2600,25.40,0.5079,0.2519,0.3583,0.4578,2.986,0.2880,1.244,0.135422,0.069127,0.047389,0.042026,0.032772,0.031535,1,0.2385,1.502
2026-07-31T19:34:23,lesechos3j_d25_s6_noms_n0_e5000,lesechos3j,25,6,noms,0,_s3,4969,2233,3781,61,0,0,3720,51,13,0.2600,25.39,0.5079,0.2526,0.3595,0.4594,2.996,0.2887,1.245,0.134590,0.070349,0.047674,0.041987,0.033182,0.031739,1,0.2399,1.499
2026-07-31T19:34:24,lesechos3j_d25_s6_noms_propres_n0_e5000,lesechos3j,25,6,noms_propres,0,_s3,806,347,612,11,0,0,601,51,9,0.1800,19.24,0.3848,0.3098,0.4257,0.5346,3.548,0.3480,1.223,0.164950,0.086837,0.057979,0.045259,0.037073,0.033616,0,0.2569,1.657
2026-07-31T19:34:26,lesechos3j_d50_s4_tous_n0_e5000,lesechos3j,50,4,tous,0,_s3,23167,6453,15430,548,0,0,5000,101,34,0.3400,70.35,0.7035,0.1203,0.1807,0.2399,3.011,0.1438,1.256,0.059671,0.031201,0.029444,0.021930,0.019580,0.018824,1,0.1350,1.338
2026-07-31T19:34:28,lesechos3j_d50_s4_sans_verbes_n0_e5000,lesechos3j,50,4,sans_verbes,0,_s3,21705,5636,14255,509,0,0,5000,101,33,0.3300,68.37,0.6837,0.1240,0.1869,0.2490,3.115,0.1494,1.251,0.061801,0.032562,0.029671,0.023567,0.020471,0.018836,1,0.1386,1.348
2026-07-31T19:34:31,lesechos3j_d50_s4_noms_n0_e5000,lesechos3j,50,4,noms,0,_s3,19195,4752,12503,446,0,0,5000,101,34,0.3400,68.26,0.6826,0.1249,0.1883,0.2492,3.138,0.1498,1.256,0.061846,0.032055,0.030962,0.023560,0.020839,0.018996,1,0.1384,1.361
2026-07-31T19:34:32,lesechos3j_d50_s4_noms_propres_n0_e5000,lesechos3j,50,4,noms_propres,0,_s3,2961,586,1809,50,0,0,1759,101,27,0.2700,55.23,0.5523,0.1514,0.2281,0.2971,3.801,0.1843,1.237,0.077698,0.040006,0.033667,0.031630,0.024302,0.020769,1,0.1526,1.495
2026-07-31T19:34:34,lesechos3j_d50_s6_tous_n0_e5000,lesechos3j,50,6,tous,0,_s3,5834,2647,4254,169,0,0,4085,101,27,0.2700,46.47,0.4647,0.1755,0.2510,0.3183,4.184,0.1989,1.262,0.099825,0.043068,0.032634,0.029947,0.024104,0.021459,1,0.1539,1.631
2026-07-31T19:34:36,lesechos3j_d50_s6_sans_verbes_n0_e5000,lesechos3j,50,6,sans_verbes,0,_s3,5583,2502,4065,158,0,0,3907,101,26,0.2600,45.91,0.4591,0.1768,0.2534,0.3211,4.224,0.2004,1.265,0.100796,0.043476,0.032576,0.030317,0.024516,0.021744,1,0.1551,1.634
2026-07-31T19:34:38,lesechos3j_d50_s6_noms_n0_e5000,lesechos3j,50,6,noms,0,_s3,4969,2206,3608,141,0,0,3467,101,26,0.2600,45.53,0.4553,0.1782,0.2554,0.3238,4.257,0.2011,1.270,0.101068,0.044225,0.032931,0.030557,0.024585,0.022038,1,0.1572,1.624
2026-07-31T19:34:40,lesechos3j_d50_s6_noms_propres_n0_e5000,lesechos3j,50,6,noms_propres,0,_s3,806,346,585,17,0,0,568,101,17,0.1700,32.24,0.3224,0.2304,0.3178,0.3958,5.296,0.2514,1.264,0.126656,0.060309,0.043430,0.035638,0.028060,0.023697,0,0.1732,1.835
2026-07-31T19:34:41,lesechos7j_d10_s4_tous_n0_e5000,lesechos7j,10,4,tous,0,_s3,12297,4584,8821,188,0,0,5000,21,6,0.3000,14.64,0.7319,0.3413,0.5056,0.6727,1.685,0.3976,1.271,0.149575,0.113948,0.077812,0.061341,0.056583,0.046330,1,0.4543,1.113
2026-07-31T19:34:43,lesechos7j_d10_s4_sans_verbes_n0_e5000,lesechos7j,10,4,sans_verbes,0,_s3,11594,4155,8257,175,0,0,5000,21,6,0.3000,14.63,0.7316,0.3427,0.5063,0.6745,1.688,0.4034,1.255,0.147687,0.116441,0.078587,0.061522,0.055506,0.046516,1,0.4571,1.107
2026-07-31T19:34:44,lesechos7j_d10_s4_noms_n0_e5000,lesechos7j,10,4,noms,0,_s3,10215,3568,7256,156,0,0,5000,21,6,0.3000,14.45,0.7224,0.3482,0.5110,0.6783,1.703,0.4026,1.269,0.149167,0.119503,0.079511,0.060674,0.054528,0.047654,0,0.4599,1.111
2026-07-31T19:34:46,lesechos7j_d10_s4_noms_propres_n0_e5000,lesechos7j,10,4,noms_propres,0,_s3,1690,493,1158,22,0,0,1136,21,6,0.3000,13.53,0.6763,0.3735,0.5418,0.7065,1.806,0.4350,1.246,0.151517,0.135552,0.086432,0.064038,0.054343,0.049948,0,0.4649,1.165
2026-07-31T19:34:47,lesechos7j_d10_s6_tous_n0_e5000,lesechos7j,10,6,tous,0,_s3,3321,1742,2451,55,0,0,2396,21,4,0.2000,10.69,0.5343,0.4480,0.6101,0.7512,2.034,0.4716,1.294,0.202808,0.154947,0.090212,0.062736,0.056428,0.042972,0,0.4946,1.234
2026-07-31T19:34:49,lesechos7j_d10_s6_sans_verbes_n0_e5000,lesechos7j,10,6,sans_verbes,0,_s3,3170,1654,2342,52,0,0,2290,21,4,0.2000,10.68,0.5339,0.4489,0.6110,0.7522,2.037,0.4721,1.294,0.202431,0.155359,0.091080,0.062824,0.056193,0.043068,0,0.4955,1.233
2026-07-31T19:34:50,lesechos7j_d10_s6_noms_n0_e5000,lesechos7j,10,6,noms,0,_s3,2807,1466,2080,47,0,0,2033,21,4,0.2000,10.65,0.5324,0.4498,0.6132,0.7538,2.044,0.4746,1.292,0.203603,0.153752,0.092452,0.063289,0.056601,0.043506,0,0.4974,1.233
2026-07-31T19:34:51,lesechos7j_d10_s6_noms_propres_n0_e5000,lesechos7j,10,6,noms_propres,0,_s3,470,243,368,10,0,0,358,21,4,0.2000,9.73,0.4867,0.4850,0.6522,0.7941,2.174,0.5235,1.246,0.204906,0.175063,0.105080,0.062214,0.060269,0.044663,0,0.5074,1.285
2026-07-31T19:34:53,lesechos7j_d15_s4_tous_n0_e5000,lesechos7j,15,4,tous,0,_s3,12297,4566,8567,271,0,0,5000,31,10,0.3333,21.09,0.7031,0.2703,0.4003,0.5299,2.001,0.3139,1.275,0.122612,0.086482,0.061220,0.048953,0.044356,0.036628,1,0.3519,1.138
2026-07-31T19:34:55,lesechos7j_d15_s4_sans_verbes_n0_e5000,lesechos7j,15,4,sans_verbes,0,_s3,11594,4139,8009,253,0,0,5000,31,9,0.3000,21.18,0.7060,0.2693,0.3995,0.5327,1.997,0.3154,1.267,0.120161,0.088025,0.061153,0.049722,0.043004,0.037392,1,0.3544,1.127
2026-07-31T19:34:57,lesechos7j_d15_s4_noms_n0_e5000,lesechos7j,15,4,noms,0,_s3,10215,3554,7033,227,0,0,5000,31,9,0.3000,20.69,0.6896,0.2770,0.4069,0.5373,2.035,0.3164,1.286,0.124741,0.089259,0.062968,0.048944,0.043895,0.037093,1,0.3566,1.141
2026-07-31T19:34:58,lesechos7j_d15_s4_noms_propres_n0_e5000,lesechos7j,15,4,noms_propres,0,_s3,1690,493,1117,36,0,0,1081,31,8,0.2667,19.05,0.6349,0.2998,0.4398,0.5750,2.199,0.3442,1.278,0.128745,0.103683,0.067338,0.054081,0.046046,0.039886,0,0.3598,1.222
2026-07-31T19:35:00,lesechos7j_d15_s6_tous_n0_e5000,lesechos7j,15,6,tous,0,_s3,3321,1727,2416,79,0,0,2337,31,6,0.2000,14.34,0.4780,0.3756,0.5111,0.6307,2.555,0.3916,1.305,0.180081,0.122865,0.072649,0.053096,0.046410,0.035967,0,0.3885,1.315
2026-07-31T19:35:01,lesechos7j_d15_s6_sans_verbes_n0_e5000,lesechos7j,15,6,sans_verbes,0,_s3,3170,1639,2310,76,0,0,2234,31,6,0.2000,14.31,0.4771,0.3766,0.5121,0.6324,2.561,0.3926,1.305,0.180050,0.123052,0.073490,0.053118,0.046553,0.035868,0,0.3901,1.313
2026-07-31T19:35:02,lesechos7j_d15_s6_noms_n0_e5000,lesechos7j,15,6,noms,0,_s3,2807,1452,2050,69,0,0,1981,31,6,0.2000,14.17,0.4723,0.3788,0.5161,0.6362,2.580,0.3964,1.302,0.182155,0.121830,0.074828,0.053870,0.047398,0.035986,0,0.3924,1.315
2026-07-31T19:35:04,lesechos7j_d15_s6_noms_propres_n0_e5000,lesechos7j,15,6,noms_propres,0,_s3,470,240,364,16,0,0,348,31,5,0.1667,13.01,0.4338,0.4061,0.5558,0.6870,2.779,0.4406,1.261,0.177965,0.143487,0.084643,0.057816,0.050327,0.041525,0,0.3923,1.417
2026-07-31T19:35:05,lesechos7j_d25_s4_tous_n0_e5000,lesechos7j,25,4,tous,0,_s3,12297,4508,8099,424,0,0,5000,51,16,0.3200,33.69,0.6738,0.2010,0.2960,0.3935,2.466,0.2300,1.287,0.095234,0.060560,0.045214,0.035649,0.031948,0.027361,1,0.2561,1.156
2026-07-31T19:35:07,lesechos7j_d25_s4_sans_verbes_n0_e5000,lesechos7j,25,4,sans_verbes,0,_s3,11594,4085,7555,397,0,0,5000,51,15,0.3000,33.04,0.6608,0.2056,0.3022,0.4007,2.519,0.2307,1.310,0.096239,0.063635,0.045762,0.036216,0.032751,0.027647,1,0.2604,1.161
2026-07-31T19:35:08,lesechos7j_d25_s4_noms_n0_e5000,lesechos7j,25,4,noms,0,_s3,10215,3508,6622,355,0,0,5000,51,15,0.3000,32.99,0.6597,0.2062,0.3027,0.4022,2.522,0.2324,1.302,0.095507,0.064892,0.045828,0.036444,0.032575,0.027452,1,0.2608,1.160
2026-07-31T19:35:10,lesechos7j_d25_s4_noms_propres_n0_e5000,lesechos7j,25,4,noms_propres,0,_s3,1690,490,1059,45,0,0,1014,51,13,0.2600,29.15,0.5830,0.2316,0.3394,0.4452,2.829,0.2615,1.298,0.102354,0.078960,0.050279,0.041717,0.035567,0.030556,0,0.2630,1.290
2026-07-31T19:35:11,lesechos7j_d25_s6_tous_n0_e5000,lesechos7j,25,6,tous,0,_s3,3321,1700,2338,135,0,0,2203,51,11,0.2200,21.74,0.4348,0.2939,0.3978,0.4931,3.315,0.2995,1.328,0.148090,0.090445,0.055401,0.039223,0.037404,0.027222,0,0.2902,1.371
2026-07-31T19:35:12,lesechos7j_d25_s6_sans_verbes_n0_e5000,lesechos7j,25,6,sans_verbes,0,_s3,3170,1612,2236,132,0,0,2104,51,11,0.2200,21.64,0.4327,0.2952,0.3995,0.4955,3.329,0.3013,1.326,0.148245,0.090800,0.056112,0.039595,0.037632,0.027128,0,0.2909,1.374
2026-07-31T19:35:14,lesechos7j_d25_s6_noms_n0_e5000,lesechos7j,25,6,noms,0,_s3,2807,1429,1984,119,0,0,1865,51,11,0.2200,21.35,0.4271,0.2972,0.4040,0.4993,3.367,0.3023,1.337,0.150201,0.090126,0.056910,0.040938,0.038140,0.027704,0,0.2937,1.376
2026-07-31T19:35:15,lesechos7j_d25_s6_noms_propres_n0_e5000,lesechos7j,25,6,noms_propres,0,_s3,470,240,356,18,0,0,338,51,8,0.1600,18.96,0.3793,0.3260,0.4472,0.5497,3.727,0.3451,1.296,0.150195,0.109654,0.066116,0.048679,0.040641,0.031941,0,0.3142,1.423
2026-07-31T19:35:17,lesechos7j_d50_s4_tous_n0_e5000,lesechos7j,50,4,tous,0,_s3,12297,4394,7427,659,0,0,5000,101,31,0.3100,61.72,0.6172,0.1407,0.2110,0.2746,3.517,0.1484,1.422,0.067419,0.042107,0.031168,0.028202,0.021888,0.020256,1,0.1712,1.233
2026-07-31T19:35:19,lesechos7j_d50_s4_sans_verbes_n0_e5000,lesechos7j,50,4,sans_verbes,0,_s3,11594,3980,6896,620,0,0,5000,101,30,0.3000,60.99,0.6099,0.1430,0.2144,0.2785,3.574,0.1513,1.418,0.067362,0.043066,0.032620,0.028328,0.022484,0.020588,1,0.1727,1.242
2026-07-31T19:35:21,lesechos7j_d50_s4_noms_n0_e5000,lesechos7j,50,4,noms,0,_s3,10215,3416,6034,558,0,0,5000,101,30,0.3000,60.64,0.6064,0.1436,0.2157,0.2801,3.594,0.1513,1.426,0.067837,0.043606,0.032180,0.028506,0.022863,0.020659,1,0.1729,1.247
2026-07-31T19:35:23,lesechos7j_d50_s4_noms_propres_n0_e5000,lesechos7j,50,4,noms_propres,0,_s3,1690,484,960,69,0,0,891,101,24,0.2400,49.49,0.4949,0.1712,0.2537,0.3239,4.229,0.1811,1.401,0.077826,0.058441,0.034929,0.032204,0.026403,0.023929,0,0.1847,1.373
2026-07-31T19:35:24,lesechos7j_d50_s6_tous_n0_e5000,lesechos7j,50,6,tous,0,_s3,3321,1660,2243,197,0,0,2046,101,22,0.2200,39.91,0.3991,0.2060,0.2847,0.3559,4.745,0.2047,1.391,0.106345,0.060209,0.039487,0.029588,0.026638,0.022410,1,0.1961,1.451
2026-07-31T19:35:26,lesechos7j_d50_s6_sans_verbes_n0_e5000,lesechos7j,50,6,sans_verbes,0,_s3,3170,1572,2142,194,0,0,1948,101,22,0.2200,39.47,0.3947,0.2076,0.2873,0.3587,4.788,0.2053,1.399,0.107018,0.060770,0.039786,0.029885,0.027025,0.022772,1,0.1978,1.452
2026-07-31T19:35:28,lesechos7j_d50_s6_noms_n0_e5000,lesechos7j,50,6,noms,0,_s3,2807,1392,1907,177,0,0,1730,101,22,0.2200,38.89,0.3889,0.2089,0.2899,0.3624,4.831,0.2068,1.402,0.108443,0.060578,0.039917,0.030545,0.027201,0.023170,1,0.1993,1.455
2026-07-31T19:35:30,lesechos7j_d50_s6_noms_propres_n0_e5000,lesechos7j,50,6,noms_propres,0,_s3,470,234,339,28,0,0,311,101,15,0.1500,30.94,0.3094,0.2422,0.3352,0.4181,5.586,0.2521,1.330,0.119861,0.073907,0.048474,0.036981,0.030590,0.025338,0,0.2131,1.573
2026-07-31T19:35:33,mediapart_d10_s4_tous_n2000_e5000,mediapart,10,4,tous,2000,_s3,31232,7348,27443,79,1294,0,5000,21,7,0.3500,16.33,0.8163,0.3018,0.4615,0.6403,1.538,0.4291,1.075,0.122983,0.105851,0.072937,0.054900,0.053913,0.050928,2,0.3429,1.346
2026-07-31T19:35:36,mediapart_d10_s4_sans_verbes_n2000_e5000,mediapart,10,4,sans_verbes,2000,_s3,29154,6208,25448,70,1228,0,5000,21,7,0.3500,16.26,0.8131,0.3030,0.4585,0.6374,1.528,0.4277,1.072,0.125387,0.106805,0.070798,0.054039,0.052728,0.048747,2,0.3415,1.343
2026-07-31T19:35:39,mediapart_d10_s4_noms_n2000_e5000,mediapart,10,4,noms,2000,_s3,26160,5147,22709,64,1119,0,5000,21,7,0.3500,16.59,0.8294,0.2961,0.4581,0.6387,1.527,0.4250,1.078,0.118605,0.101923,0.075575,0.056058,0.054668,0.051224,2,0.3429,1.336
2026-07-31T19:35:42,mediapart_d10_s4_noms_propres_n2000_e5000,mediapart,10,4,noms_propres,2000,_s3,3039,503,2611,10,157,0,2444,21,6,0.3000,14.59,0.7294,0.3392,0.5050,0.6746,1.683,0.4667,1.082,0.142585,0.128145,0.068444,0.060104,0.055471,0.050299,1,0.3562,1.418
2026-07-31T19:35:44,mediapart_d10_s6_tous_n2000_e5000,mediapart,10,6,tous,2000,_s3,9225,2661,7595,24,383,0,5000,21,7,0.3500,15.22,0.7610,0.3348,0.4891,0.6591,1.630,0.4574,1.069,0.141425,0.102737,0.090637,0.055025,0.051428,0.047833,1,0.3424,1.428
2026-07-31T19:35:47,mediapart_d10_s6_sans_verbes_n2000_e5000,mediapart,10,6,sans_verbes,2000,_s3,8967,2479,7345,23,370,0,5000,21,7,0.3500,15.32,0.7662,0.3342,0.4827,0.6558,1.609,0.4549,1.061,0.138660,0.104478,0.091034,0.053604,0.048232,0.046663,1,0.3430,1.407
2026-07-31T19:35:49,mediapart_d10_s6_noms_n2000_e5000,mediapart,10,6,noms,2000,_s3,8229,2194,6695,21,349,0,5000,21,7,0.3500,15.36,0.7681,0.3326,0.4817,0.6544,1.606,0.4526,1.064,0.139234,0.101677,0.091689,0.052533,0.050623,0.045987,1,0.3437,1.402
2026-07-31T19:35:51,mediapart_d10_s6_noms_propres_n2000_e5000,mediapart,10,6,noms_propres,2000,_s3,918,210,794,4,48,0,742,21,5,0.2500,12.47,0.6233,0.3908,0.5623,0.7256,1.874,0.5224,1.076,0.171179,0.144071,0.075585,0.067506,0.054328,0.049605,1,0.3728,1.508
2026-07-31T19:35:54,mediapart_d15_s4_tous_n2000_e5000,mediapart,15,4,tous,2000,_s3,31232,7336,26599,130,1261,0,5000,31,11,0.3667,24.41,0.8137,0.2317,0.3469,0.4827,1.735,0.3265,1.063,0.092230,0.077961,0.061537,0.041971,0.037240,0.036008,1,0.2398,1.447
2026-07-31T19:35:56,mediapart_d15_s4_sans_verbes_n2000_e5000,mediapart,15,4,sans_verbes,2000,_s3,29154,6200,24621,115,1197,0,5000,31,11,0.3667,23.78,0.7925,0.2418,0.3547,0.4869,1.774,0.3346,1.060,0.097062,0.081540,0.063170,0.040056,0.038002,0.034920,1,0.2399,1.479
2026-07-31T19:35:58,mediapart_d15_s4_noms_n2000_e5000,mediapart,15,4,noms,2000,_s3,26160,5140,21934,102,1088,0,5000,31,11,0.3667,24.58,0.8195,0.2289,0.3459,0.4799,1.729,0.3246,1.065,0.091410,0.075813,0.061637,0.041842,0.038872,0.036298,1,0.2376,1.456
2026-07-31T19:35:59,mediapart_d15_s4_noms_propres_n2000_e5000,mediapart,15,4,noms_propres,2000,_s3,3039,502,2515,13,155,0,2347,31,9,0.3000,20.92,0.6973,0.2767,0.4029,0.5340,2.014,0.3789,1.063,0.116188,0.098179,0.062300,0.045171,0.042824,0.038218,1,0.2477,1.627
2026-07-31T19:36:01,mediapart_d15_s6_tous_n2000_e5000,mediapart,15,6,tous,2000,_s3,9225,2661,7303,30,376,0,5000,31,10,0.3333,21.39,0.7130,0.2764,0.3895,0.5160,1.947,0.3712,1.049,0.118615,0.082436,0.075329,0.041484,0.037246,0.034346,1,0.2388,1.631
2026-07-31T19:36:03,mediapart_d15_s6_sans_verbes_n2000_e5000,mediapart,15,6,sans_verbes,2000,_s3,8967,2479,7054,29,363,0,5000,31,10,0.3333,21.71,0.7236,0.2722,0.3831,0.5104,1.915,0.3641,1.052,0.117137,0.080477,0.074544,0.039316,0.036464,0.035138,1,0.2382,1.608
2026-07-31T19:36:05,mediapart_d15_s6_noms_n2000_e5000,mediapart,15,6,noms,2000,_s3,8229,2194,6419,27,342,0,5000,31,10,0.3333,21.16,0.7053,0.2804,0.3913,0.5157,1.956,0.3729,1.049,0.121207,0.083115,0.076079,0.040033,0.036721,0.034130,1,0.2384,1.641
2026-07-31T19:36:07,mediapart_d15_s6_noms_propres_n2000_e5000,mediapart,15,6,noms_propres,2000,_s3,918,210,772,5,49,0,718,31,8,0.2667,17.73,0.5910,0.3203,0.4535,0.5840,2.268,0.4252,1.067,0.141402,0.111341,0.067571,0.050106,0.045492,0.037616,1,0.2661,1.704
2026-07-31T19:36:10,mediapart_d25_s4_tous_n2000_e5000,mediapart,25,4,tous,2000,_s3,31232,7311,25424,223,1204,0,5000,51,18,0.3600,38.17,0.7634,0.1798,0.2627,0.3522,2.189,0.2501,1.050,0.075895,0.054528,0.049348,0.029092,0.028098,0.025738,1,0.1539,1.707
2026-07-31T19:36:12,mediapart_d25_s4_sans_verbes_n2000_e5000,mediapart,25,4,sans_verbes,2000,_s3,29154,6188,23478,188,1140,0,5000,51,18,0.3600,37.61,0.7521,0.1835,0.2648,0.3536,2.207,0.2531,1.046,0.079055,0.054933,0.049484,0.028887,0.026962,0.025505,1,0.1537,1.723
2026-07-31T19:36:14,mediapart_d25_s4_noms_n2000_e5000,mediapart,25,4,noms,2000,_s3,26160,5135,20872,159,1033,0,5000,51,18,0.3600,37.04,0.7408,0.1892,0.2684,0.3570,2.236,0.2555,1.050,0.079326,0.056161,0.053734,0.028325,0.026168,0.024656,1,0.1541,1.741
2026-07-31T19:36:16,mediapart_d25_s4_noms_propres_n2000_e5000,mediapart,25,4,noms_propres,2000,_s3,3039,501,2366,17,144,0,2205,51,15,0.3000,31.92,0.6384,0.2207,0.3120,0.4072,2.600,0.2982,1.046,0.094416,0.071312,0.055019,0.033195,0.030855,0.027190,1,0.1615,1.932
2026-07-31T19:36:18,mediapart_d25_s6_tous_n2000_e5000,mediapart,25,6,tous,2000,_s3,9225,2658,6896,45,365,0,5000,51,16,0.3200,31.14,0.6227,0.2274,0.3069,0.3935,2.558,0.2950,1.040,0.106809,0.061247,0.059331,0.029660,0.025735,0.024150,1,0.1527,2.011
2026-07-31T19:36:20,mediapart_d25_s6_sans_verbes_n2000_e5000,mediapart,25,6,sans_verbes,2000,_s3,8967,2477,6649,43,352,0,5000,51,16,0.3200,31.59,0.6317,0.2246,0.3031,0.3895,2.526,0.2913,1.041,0.104856,0.060529,0.059224,0.028391,0.026103,0.024045,1,0.1536,1.973
2026-07-31T19:36:22,mediapart_d25_s6_noms_n2000_e5000,mediapart,25,6,noms,2000,_s3,8229,2192,6047,41,331,0,5000,51,16,0.3200,31.26,0.6253,0.2267,0.3039,0.3896,2.532,0.2913,1.043,0.106780,0.061580,0.058322,0.028007,0.025257,0.023936,1,0.1511,2.011
2026-07-31T19:36:23,mediapart_d25_s6_noms_propres_n2000_e5000,mediapart,25,6,noms_propres,2000,_s3,918,210,728,6,45,0,677,51,12,0.2400,26.20,0.5240,0.2598,0.3637,0.4660,3.031,0.3402,1.069,0.114031,0.084410,0.061399,0.037303,0.035828,0.030739,1,0.1830,1.987
2026-07-31T19:36:26,mediapart_d50_s4_tous_n2000_e5000,mediapart,50,4,tous,2000,_s3,31232,7256,23451,406,1117,0,5000,101,35,0.3500,67.77,0.6777,0.1327,0.1814,0.2349,3.024,0.1740,1.043,0.064209,0.035468,0.033036,0.018689,0.015217,0.014830,2,0.0863,2.103
2026-07-31T19:36:29,mediapart_d50_s4_sans_verbes_n2000_e5000,mediapart,50,4,sans_verbes,2000,_s3,29154,6153,21548,345,1056,0,5000,101,35,0.3500,68.01,0.6801,0.1318,0.1803,0.2329,3.004,0.1726,1.044,0.064399,0.034889,0.032557,0.017774,0.015833,0.014801,2,0.0856,2.105
2026-07-31T19:36:32,mediapart_d50_s4_noms_n2000_e5000,mediapart,50,4,noms,2000,_s3,26160,5117,19074,283,956,0,5000,101,35,0.3500,66.68,0.6668,0.1354,0.1842,0.2382,3.070,0.1769,1.041,0.065637,0.035922,0.033799,0.018042,0.015820,0.014969,1,0.0869,2.119
2026-07-31T19:36:34,mediapart_d50_s4_noms_propres_n2000_e5000,mediapart,50,4,noms_propres,2000,_s3,3039,501,2113,24,126,0,1963,101,29,0.2900,54.99,0.5499,0.1662,0.2273,0.2880,3.788,0.2162,1.051,0.075546,0.047172,0.043445,0.023247,0.020036,0.017825,1,0.0957,2.375
2026-07-31T19:36:36,mediapart_d50_s6_tous_n2000_e5000,mediapart,50,6,tous,2000,_s3,9225,2647,6296,86,351,0,5000,101,32,0.3200,53.55,0.5355,0.1699,0.2195,0.2713,3.659,0.2126,1.033,0.086813,0.042095,0.041008,0.018960,0.016061,0.014587,1,0.0860,2.552
2026-07-31T19:36:38,mediapart_d50_s6_sans_verbes_n2000_e5000,mediapart,50,6,sans_verbes,2000,_s3,8967,2467,6053,83,338,0,5000,101,32,0.3200,53.47,0.5347,0.1700,0.2189,0.2706,3.648,0.2119,1.033,0.087292,0.041424,0.041238,0.018628,0.015593,0.014721,1,0.0855,2.561
2026-07-31T19:36:40,mediapart_d50_s6_noms_n2000_e5000,mediapart,50,6,noms,2000,_s3,8229,2183,5489,77,317,0,5000,101,32,0.3200,53.03,0.5303,0.1720,0.2202,0.2722,3.671,0.2138,1.030,0.087609,0.042431,0.041915,0.018187,0.015634,0.014464,1,0.0859,2.564
2026-07-31T19:36:42,mediapart_d50_s6_noms_propres_n2000_e5000,mediapart,50,6,noms_propres,2000,_s3,918,209,659,9,42,0,608,101,21,0.2100,42.31,0.4231,0.2014,0.2746,0.3483,4.577,0.2609,1.053,0.090172,0.062171,0.049082,0.026843,0.025459,0.020881,1,0.1151,2.386
2026-07-31T19:36:44,mediapart3j_d10_s4_tous_n0_e5000,mediapart3j,10,4,tous,0,_s3,12059,5204,10646,82,0,0,5000,21,8,0.4000,18.25,0.9124,0.2401,0.4106,0.5989,1.369,0.3707,1.108,0.102127,0.073977,0.063998,0.062956,0.056731,0.050805,1,0.3403,1.206
2026-07-31T19:36:46,mediapart3j_d10_s4_sans_verbes_n0_e5000,mediapart3j,10,4,sans_verbes,0,_s3,11300,4660,9939,75,0,0,5000,21,8,0.4000,18.26,0.9132,0.2420,0.4070,0.5983,1.357,0.3697,1.101,0.102071,0.074268,0.065702,0.059597,0.055096,0.050299,1,0.3410,1.194
2026-07-31T19:36:47,mediapart3j_d10_s4_noms_n0_e5000,mediapart3j,10,4,noms,0,_s3,10024,3999,8814,65,0,0,5000,21,8,0.4000,18.16,0.9080,0.2453,0.4111,0.5975,1.370,0.3700,1.111,0.104302,0.073368,0.067674,0.061130,0.055230,0.049411,1,0.3413,1.205
2026-07-31T19:36:49,mediapart3j_d10_s4_noms_propres_n0_e5000,mediapart3j,10,4,noms_propres,0,_s3,1135,405,970,2,0,0,968,21,7,0.3500,16.62,0.8312,0.2783,0.4561,0.6483,1.520,0.4088,1.116,0.128589,0.080078,0.069619,0.064600,0.057342,0.055888,0,0.3632,1.256
2026-07-31T19:36:50,mediapart3j_d10_s6_tous_n0_e5000,mediapart3j,10,6,tous,0,_s3,2772,1568,2469,13,0,0,2456,21,8,0.4000,17.17,0.8583,0.2705,0.4472,0.6357,1.491,0.4116,1.086,0.115811,0.080673,0.074049,0.063934,0.060525,0.052167,0,0.3479,1.285
2026-07-31T19:36:52,mediapart3j_d10_s6_sans_verbes_n0_e5000,mediapart3j,10,6,sans_verbes,0,_s3,2675,1488,2374,13,0,0,2361,21,8,0.4000,17.17,0.8583,0.2689,0.4461,0.6349,1.487,0.4099,1.088,0.116892,0.079654,0.072345,0.063872,0.061108,0.052188,0,0.3518,1.268
2026-07-31T19:36:53,mediapart3j_d10_s6_noms_n0_e5000,mediapart3j,10,6,noms,0,_s3,2390,1327,2129,11,0,0,2118,21,8,0.4000,17.11,0.8557,0.2698,0.4472,0.6363,1.491,0.4098,1.091,0.117738,0.079910,0.072180,0.063670,0.061037,0.052667,0,0.3488,1.282
2026-07-31T19:36:54,mediapart3j_d10_s6_noms_propres_n0_e5000,mediapart3j,10,6,noms_propres,0,_s3,273,131,247,0,0,0,247,21,6,0.3000,14.72,0.7361,0.3058,0.5128,0.7223,1.709,0.4504,1.139,0.145717,0.080491,0.079560,0.071154,0.070350,0.065479,0,0.4205,1.219
2026-07-31T19:36:56,mediapart3j_d15_s4_tous_n0_e5000,mediapart3j,15,4,tous,0,_s3,12059,5161,10413,161,0,0,5000,31,12,0.4000,26.83,0.8943,0.1809,0.3080,0.4460,1.540,0.2833,1.087,0.080972,0.051463,0.048474,0.046524,0.041469,0.039075,1,0.2416,1.275
2026-07-31T19:36:58,mediapart3j_d15_s4_sans_verbes_n0_e5000,mediapart3j,15,4,sans_verbes,0,_s3,11300,4625,9708,143,0,0,5000,31,12,0.4000,26.50,0.8834,0.1869,0.3141,0.4548,1.571,0.2908,1.080,0.083563,0.054372,0.048932,0.044410,0.043780,0.039055,1,0.2430,1.293
2026-07-31T19:37:00,mediapart3j_d15_s4_noms_n0_e5000,mediapart3j,15,4,noms,0,_s3,10024,3979,8602,114,0,0,5000,31,12,0.4000,26.56,0.8854,0.1856,0.3124,0.4525,1.562,0.2896,1.078,0.083116,0.052728,0.049793,0.045530,0.042203,0.039002,1,0.2416,1.293
2026-07-31T19:37:01,mediapart3j_d15_s4_noms_propres_n0_e5000,mediapart3j,15,4,noms_propres,0,_s3,1135,405,942,6,0,0,936,31,10,0.3333,23.07,0.7690,0.2263,0.3660,0.5132,1.830,0.3344,1.095,0.110525,0.060604,0.055135,0.051452,0.046148,0.042171,0,0.2630,1.392
2026-07-31T19:37:02,mediapart3j_d15_s6_tous_n0_e5000,mediapart3j,15,6,tous,0,_s3,2772,1564,2407,25,0,0,2382,31,11,0.3667,24.43,0.8142,0.2148,0.3512,0.4948,1.756,0.3292,1.067,0.097140,0.059199,0.058434,0.051581,0.044783,0.040068,0,0.2451,1.433
2026-07-31T19:37:03,mediapart3j_d15_s6_sans_verbes_n0_e5000,mediapart3j,15,6,sans_verbes,0,_s3,2675,1484,2312,25,0,0,2287,31,11,0.3667,24.40,0.8135,0.2145,0.3510,0.4945,1.755,0.3291,1.067,0.097824,0.059509,0.057176,0.051148,0.045069,0.040261,0,0.2469,1.422
2026-07-31T19:37:05,mediapart3j_d15_s6_noms_n0_e5000,mediapart3j,15,6,noms,0,_s3,2390,1325,2073,19,0,0,2054,31,11,0.3667,24.39,0.8129,0.2146,0.3504,0.4949,1.752,0.3274,1.070,0.097908,0.059966,0.056731,0.051254,0.044758,0.039743,0,0.2487,1.409
2026-07-31T19:37:06,mediapart3j_d15_s6_noms_propres_n0_e5000,mediapart3j,15,6,noms_propres,0,_s3,273,131,237,2,0,0,235,31,8,0.2667,19.45,0.6482,0.2627,0.4281,0.6033,2.141,0.3867,1.107,0.125476,0.073674,0.063524,0.059567,0.054795,0.051066,0,0.3004,1.425
2026-07-31T19:37:08,mediapart3j_d25_s4_tous_n0_e5000,mediapart3j,25,4,tous,0,_s3,12059,5135,10039,231,0,0,5000,51,19,0.3800,42.29,0.8457,0.1397,0.2279,0.3222,1.899,0.2114,1.078,0.066719,0.038055,0.034924,0.031711,0.028580,0.027880,1,0.1596,1.428
2026-07-31T19:37:10,mediapart3j_d25_s4_sans_verbes_n0_e5000,mediapart3j,25,4,sans_verbes,0,_s3,11300,4601,9340,210,0,0,5000,51,19,0.3800,42.35,0.8470,0.1392,0.2272,0.3214,1.893,0.2105,1.079,0.066474,0.037823,0.034885,0.031386,0.029299,0.027284,1,0.1585,1.433
2026-07-31T19:37:11,mediapart3j_d25_s4_noms_n0_e5000,mediapart3j,25,4,noms,0,_s3,10024,3962,8258,168,0,0,5000,51,19,0.3800,42.05,0.8411,0.1412,0.2303,0.3226,1.919,0.2127,1.082,0.067693,0.039370,0.034097,0.031873,0.029674,0.027546,1,0.1596,1.443
2026-07-31T19:37:13,mediapart3j_d25_s4_noms_propres_n0_e5000,mediapart3j,25,4,noms_propres,0,_s3,1135,405,892,7,0,0,885,51,16,0.3200,35.34,0.7067,0.1757,0.2781,0.3854,2.318,0.2571,1.082,0.088917,0.045521,0.041290,0.036703,0.034864,0.030832,0,0.1839,1.512
2026-07-31T19:37:14,mediapart3j_d25_s6_tous_n0_e5000,mediapart3j,25,6,tous,0,_s3,2772,1556,2335,41,0,0,2294,51,17,0.3400,37.63,0.7527,0.1691,0.2657,0.3652,2.214,0.2506,1.060,0.081209,0.046692,0.041214,0.036401,0.030923,0.029228,0,0.1617,1.643
2026-07-31T19:37:15,mediapart3j_d25_s6_sans_verbes_n0_e5000,mediapart3j,25,6,sans_verbes,0,_s3,2675,1477,2240,40,0,0,2200,51,17,0.3400,37.52,0.7503,0.1691,0.2657,0.3656,2.215,0.2506,1.060,0.081857,0.047302,0.039975,0.036238,0.031204,0.029169,0,0.1614,1.646
2026-07-31T19:37:17,mediapart3j_d25_s6_noms_n0_e5000,mediapart3j,25,6,noms,0,_s3,2390,1318,2006,32,0,0,1974,51,17,0.3400,37.18,0.7436,0.1711,0.2678,0.3679,2.232,0.2526,1.060,0.082890,0.048353,0.039844,0.036273,0.031336,0.029149,0,0.1618,1.655
2026-07-31T19:37:18,mediapart3j_d25_s6_noms_propres_n0_e5000,mediapart3j,25,6,noms_propres,0,_s3,273,131,228,2,0,0,226,51,12,0.2400,28.81,0.5763,0.2070,0.3305,0.4654,2.754,0.3035,1.089,0.098716,0.060518,0.047724,0.043047,0.041359,0.039102,0,0.2363,1.398
2026-07-31T19:37:20,mediapart3j_d50_s4_tous_n0_e5000,mediapart3j,50,4,tous,0,_s3,12059,5024,9378,470,0,0,5000,101,38,0.3800,78.95,0.7895,0.0999,0.1499,0.2043,2.499,0.1404,1.068,0.051107,0.028561,0.020205,0.018016,0.016283,0.015751,1,0.0901,1.664
2026-07-31T19:37:22,mediapart3j_d50_s4_sans_verbes_n0_e5000,mediapart3j,50,4,sans_verbes,0,_s3,11300,4524,8695,405,0,0,5000,101,38,0.3800,78.46,0.7846,0.1006,0.1501,0.2043,2.501,0.1408,1.066,0.052168,0.028523,0.019926,0.018287,0.015974,0.015206,1,0.0896,1.674
2026-07-31T19:37:24,mediapart3j_d50_s4_noms_n0_e5000,mediapart3j,50,4,noms,0,_s3,10024,3906,7675,334,0,0,5000,101,38,0.3800,77.16,0.7716,0.1035,0.1541,0.2083,2.568,0.1429,1.078,0.053885,0.029488,0.020114,0.018258,0.016370,0.015991,1,0.0908,1.698
2026-07-31T19:37:26,mediapart3j_d50_s4_noms_propres_n0_e5000,mediapart3j,50,4,noms_propres,0,_s3,1135,399,813,23,0,0,790,101,27,0.2700,60.98,0.6098,0.1303,0.1965,0.2671,3.275,0.1784,1.102,0.067587,0.036899,0.025820,0.024651,0.021836,0.019725,0,0.1107,1.775
2026-07-31T19:37:27,mediapart3j_d50_s6_tous_n0_e5000,mediapart3j,50,6,tous,0,_s3,2772,1528,2216,80,0,0,2136,101,33,0.3300,67.49,0.6749,0.1229,0.1808,0.2409,3.013,0.1725,1.048,0.064036,0.034574,0.024297,0.022109,0.018157,0.017610,1,0.0933,1.937
2026-07-31T19:37:29,mediapart3j_d50_s6_sans_verbes_n0_e5000,mediapart3j,50,6,sans_verbes,0,_s3,2675,1452,2123,76,0,0,2047,101,32,0.3200,67.10,0.6710,0.1229,0.1809,0.2416,3.015,0.1727,1.047,0.064630,0.035022,0.023256,0.022118,0.018297,0.017563,1,0.0946,1.911
2026-07-31T19:37:31,mediapart3j_d50_s6_noms_n0_e5000,mediapart3j,50,6,noms,0,_s3,2390,1296,1902,65,0,0,1837,101,32,0.3200,66.50,0.6650,0.1242,0.1820,0.2429,3.033,0.1732,1.051,0.065193,0.035874,0.023104,0.022183,0.018186,0.017438,0,0.0968,1.881
2026-07-31T19:37:32,mediapart3j_d50_s6_noms_propres_n0_e5000,mediapart3j,50,6,noms_propres,0,_s3,273,128,213,8,0,0,205,101,18,0.1800,46.29,0.4629,0.1485,0.2379,0.3386,3.965,0.2209,1.077,0.072134,0.043271,0.033124,0.031426,0.029703,0.028246,0,0.1593,1.493
2026-07-31T19:37:33,mediapart7j_d10_s4_tous_n0_e5000,mediapart7j,10,4,tous,0,_s3,6571,3665,5645,162,0,0,5000,21,8,0.4000,16.65,0.8323,0.2858,0.4494,0.6305,1.498,0.3964,1.134,0.129457,0.086932,0.069403,0.060633,0.054269,0.048709,0,0.3696,1.216
2026-07-31T19:37:35,mediapart7j_d10_s4_sans_verbes_n0_e5000,mediapart7j,10,4,sans_verbes,0,_s3,6139,3364,5273,148,0,0,5000,21,8,0.4000,16.68,0.8341,0.2843,0.4502,0.6309,1.501,0.3957,1.137,0.128555,0.085970,0.069791,0.061922,0.054709,0.049207,0,0.3687,1.221
2026-07-31T19:37:36,mediapart7j_d10_s4_noms_n0_e5000,mediapart7j,10,4,noms,0,_s3,5458,2964,4694,120,0,0,4574,21,7,0.3500,16.59,0.8296,0.2872,0.4525,0.6335,1.508,0.3992,1.133,0.129750,0.086710,0.070700,0.060761,0.054998,0.049546,0,0.3696,1.224
2026-07-31T19:37:37,mediapart7j_d10_s4_noms_propres_n0_e5000,mediapart7j,10,4,noms_propres,0,_s3,622,327,512,4,0,0,508,21,6,0.3000,13.61,0.6806,0.3628,0.5364,0.7129,1.788,0.4758,1.127,0.164703,0.107933,0.090139,0.067941,0.053479,0.052252,0,0.4163,1.289
2026-07-31T19:37:38,mediapart7j_d10_s6_tous_n0_e5000,mediapart7j,10,6,tous,0,_s3,1485,1010,1307,37,0,0,1270,21,6,0.3000,13.35,0.6676,0.3582,0.5340,0.7019,1.780,0.4794,1.114,0.175981,0.109922,0.072346,0.067997,0.057832,0.049939,0,0.3795,1.407
2026-07-31T19:37:39,mediapart7j_d10_s6_sans_verbes_n0_e5000,mediapart7j,10,6,sans_verbes,0,_s3,1405,954,1238,35,0,0,1203,21,6,0.3000,13.30,0.6650,0.3598,0.5345,0.7041,1.782,0.4803,1.113,0.176203,0.111511,0.072054,0.068521,0.056397,0.049766,0,0.3786,1.412
2026-07-31T19:37:41,mediapart7j_d10_s6_noms_n0_e5000,mediapart7j,10,6,noms,0,_s3,1254,855,1106,29,0,0,1077,21,6,0.3000,13.37,0.6683,0.3590,0.5353,0.7052,1.784,0.4796,1.116,0.174903,0.109662,0.074434,0.069117,0.056355,0.050855,0,0.3782,1.415
2026-07-31T19:37:42,mediapart7j_d10_s6_noms_propres_n0_e5000,mediapart7j,10,6,noms_propres,0,_s3,134,80,100,1,0,0,99,21,5,0.2500,11.24,0.5619,0.3946,0.6159,0.8113,2.053,0.5627,1.095,0.197492,0.107007,0.090128,0.081594,0.071973,0.067717,0,0.4681,1.316
2026-07-31T19:37:43,mediapart7j_d15_s4_tous_n0_e5000,mediapart7j,15,4,tous,0,_s3,6571,3618,5505,235,0,0,5000,31,11,0.3667,24.60,0.8201,0.2164,0.3392,0.4753,1.696,0.3065,1.107,0.101931,0.063555,0.050960,0.045495,0.040559,0.036710,0,0.2654,1.278
2026-07-31T19:37:45,mediapart7j_d15_s4_sans_verbes_n0_e5000,mediapart7j,15,4,sans_verbes,0,_s3,6139,3326,5136,213,0,0,4923,31,11,0.3667,24.41,0.8136,0.2189,0.3416,0.4780,1.708,0.3097,1.103,0.103751,0.063516,0.051650,0.046000,0.040239,0.036447,0,0.2664,1.282
2026-07-31T19:37:46,mediapart7j_d15_s4_noms_n0_e5000,mediapart7j,15,4,noms,0,_s3,5458,2939,4570,168,0,0,4402,31,11,0.3667,24.35,0.8118,0.2197,0.3428,0.4800,1.714,0.3110,1.102,0.104139,0.063399,0.052187,0.045565,0.040615,0.036846,0,0.2683,1.278
2026-07-31T19:37:47,mediapart7j_d15_s4_noms_propres_n0_e5000,mediapart7j,15,4,noms_propres,0,_s3,622,324,499,9,0,0,490,31,8,0.2667,19.11,0.6370,0.2922,0.4337,0.5745,2.168,0.3849,1.127,0.137478,0.082537,0.072150,0.051385,0.046994,0.043129,0,0.3077,1.409
2026-07-31T19:37:48,mediapart7j_d15_s6_tous_n0_e5000,mediapart7j,15,6,tous,0,_s3,1485,1001,1276,48,0,0,1228,31,9,0.3000,19.73,0.6576,0.2800,0.4137,0.5470,2.068,0.3782,1.094,0.139037,0.083612,0.057349,0.051906,0.043561,0.038186,0,0.2684,1.541
2026-07-31T19:37:49,mediapart7j_d15_s6_sans_verbes_n0_e5000,mediapart7j,15,6,sans_verbes,0,_s3,1405,947,1208,45,0,0,1163,31,9,0.3000,19.61,0.6538,0.2821,0.4143,0.5480,2.072,0.3795,1.092,0.139886,0.084170,0.058011,0.052168,0.042760,0.037345,0,0.2701,1.534
2026-07-31T19:37:50,mediapart7j_d15_s6_noms_n0_e5000,mediapart7j,15,6,noms,0,_s3,1254,848,1078,39,0,0,1039,31,9,0.3000,19.74,0.6581,0.2808,0.4138,0.5482,2.069,0.3769,1.098,0.138479,0.082637,0.059691,0.052482,0.042164,0.038373,0,0.2732,1.515
2026-07-31T19:37:51,mediapart7j_d15_s6_noms_propres_n0_e5000,mediapart7j,15,6,noms_propres,0,_s3,134,78,97,3,0,0,94,31,6,0.2000,14.34,0.4781,0.3431,0.5309,0.6995,2.654,0.4912,1.081,0.172282,0.094330,0.076448,0.072645,0.061554,0.053618,0,0.3771,1.408
2026-07-31T19:37:53,mediapart7j_d25_s4_tous_n0_e5000,mediapart7j,25,4,tous,0,_s3,6571,3527,5299,384,0,0,4915,51,19,0.3800,40.61,0.8122,0.1516,0.2400,0.3343,2.000,0.2216,1.083,0.073478,0.042165,0.035997,0.032639,0.028336,0.027424,0,0.1752,1.370
2026-07-31T19:37:54,mediapart7j_d25_s4_sans_verbes_n0_e5000,mediapart7j,25,4,sans_verbes,0,_s3,6139,3251,4936,344,0,0,4592,51,18,0.3600,40.15,0.8029,0.1540,0.2432,0.3375,2.027,0.2237,1.087,0.075355,0.042458,0.036194,0.033234,0.028432,0.027527,1,0.1761,1.381
2026-07-31T19:37:56,mediapart7j_d25_s4_noms_n0_e5000,mediapart7j,25,4,noms,0,_s3,5458,2869,4388,287,0,0,4101,51,18,0.3600,40.04,0.8007,0.1546,0.2441,0.3391,2.035,0.2245,1.087,0.075578,0.042451,0.036554,0.033145,0.028796,0.027617,0,0.1770,1.380
2026-07-31T19:37:57,mediapart7j_d25_s4_noms_propres_n0_e5000,mediapart7j,25,4,noms_propres,0,_s3,622,316,479,23,0,0,456,51,13,0.2600,28.88,0.5776,0.2236,0.3343,0.4451,2.786,0.2985,1.120,0.109915,0.061205,0.052453,0.041007,0.037053,0.032662,0,0.2235,1.496
2026-07-31T19:37:58,mediapart7j_d25_s6_tous_n0_e5000,mediapart7j,25,6,tous,0,_s3,1485,975,1245,78,0,0,1167,51,15,0.3000,33.08,0.6615,0.1986,0.2931,0.3936,2.442,0.2733,1.072,0.099839,0.056622,0.042161,0.034829,0.031350,0.028288,0,0.1804,1.625
2026-07-31T19:37:59,mediapart7j_d25_s6_sans_verbes_n0_e5000,mediapart7j,25,6,sans_verbes,0,_s3,1405,924,1178,72,0,0,1106,51,15,0.3000,32.91,0.6581,0.2001,0.2942,0.3948,2.451,0.2744,1.072,0.100090,0.057122,0.042914,0.035081,0.030819,0.028128,0,0.1825,1.612
2026-07-31T19:38:01,mediapart7j_d25_s6_noms_n0_e5000,mediapart7j,25,6,noms,0,_s3,1254,827,1051,64,0,0,987,51,15,0.3000,33.06,0.6611,0.1992,0.2935,0.3954,2.446,0.2765,1.061,0.098914,0.056366,0.043951,0.035434,0.030196,0.028623,0,0.1840,1.595
2026-07-31T19:38:02,mediapart7j_d25_s6_noms_propres_n0_e5000,mediapart7j,25,6,noms_propres,0,_s3,134,77,95,4,0,0,91,51,9,0.1800,21.31,0.4263,0.2582,0.4155,0.5728,3.462,0.3979,1.044,0.121824,0.074881,0.061486,0.056928,0.054314,0.046051,0,0.2936,1.415
2026-07-31T19:38:03,mediapart7j_d50_s4_tous_n0_e5000,mediapart7j,50,4,tous,0,_s3,6571,3379,4949,624,0,0,4325,101,37,0.3700,77.91,0.7791,0.1046,0.1597,0.2153,2.662,0.1451,1.101,0.048411,0.031709,0.024512,0.019800,0.018305,0.016995,1,0.1021,1.564
2026-07-31T19:38:05,mediapart7j_d50_s4_sans_verbes_n0_e5000,mediapart7j,50,4,sans_verbes,0,_s3,6139,3110,4599,573,0,0,4026,101,36,0.3600,76.90,0.7690,0.1065,0.1623,0.2181,2.704,0.1469,1.104,0.049835,0.032003,0.024619,0.020068,0.018564,0.017171,1,0.1026,1.582
2026-07-31T19:38:07,mediapart7j_d50_s4_noms_n0_e5000,mediapart7j,50,4,noms,0,_s3,5458,2746,4078,491,0,0,3587,101,36,0.3600,76.41,0.7641,0.1072,0.1636,0.2203,2.726,0.1479,1.106,0.050121,0.032268,0.024762,0.020381,0.018508,0.017515,1,0.1035,1.581
2026-07-31T19:38:08,mediapart7j_d50_s4_noms_propres_n0_e5000,mediapart7j,50,4,noms_propres,0,_s3,622,296,443,51,0,0,392,101,22,0.2200,50.70,0.5070,0.1542,0.2360,0.3152,3.933,0.2109,1.119,0.077916,0.041622,0.034624,0.031484,0.026880,0.023426,0,0.1464,1.612
2026-07-31T19:38:09,mediapart7j_d50_s6_tous_n0_e5000,mediapart7j,50,6,tous,0,_s3,1485,929,1184,132,0,0,1052,101,29,0.2900,61.45,0.6145,0.1379,0.2029,0.2673,3.381,0.1887,1.075,0.068128,0.036353,0.033417,0.023429,0.022302,0.019234,0,0.1105,1.835
2026-07-31T19:38:11,mediapart7j_d50_s6_sans_verbes_n0_e5000,mediapart7j,50,6,sans_verbes,0,_s3,1405,878,1120,125,0,0,995,101,29,0.2900,60.74,0.6074,0.1397,0.2053,0.2700,3.421,0.1895,1.083,0.068574,0.037161,0.034011,0.023777,0.022600,0.019161,0,0.1110,1.849
2026-07-31T19:38:12,mediapart7j_d50_s6_noms_n0_e5000,mediapart7j,50,6,noms,0,_s3,1254,787,1001,110,0,0,891,101,28,0.2800,60.51,0.6051,0.1392,0.2054,0.2719,3.423,0.1895,1.084,0.068181,0.037250,0.033761,0.023858,0.023103,0.019230,0,0.1117,1.839
2026-07-31T19:38:13,mediapart7j_d50_s6_noms_propres_n0_e5000,mediapart7j,50,6,noms_propres,0,_s3,134,73,94,10,0,0,84,101,11,0.1100,29.00,0.2900,0.2103,0.3408,0.4739,5.680,0.3205,1.063,0.097649,0.062937,0.049681,0.047144,0.044179,0.039180,0,0.2219,1.536
2026-07-31T19:38:18,lemonde_d10_s4_tous_n5000_e5000_log,lemonde,10,4,tous,5000,_s3,164258,9816,127434,120,1548,0,5000,21,9,0.4500,18.79,0.9396,0.2210,0.3902,0.5883,1.301,0.3316,1.177,0.082612,0.074576,0.063849,0.059358,0.056787,0.052969,4,0.3878,1.006
2026-07-31T19:38:23,lemonde_d10_s4_sans_verbes_n5000_e5000_log,lemonde,10,4,sans_verbes,5000,_s3,153204,7847,117598,115,1507,0,5000,21,9,0.4500,18.74,0.9368,0.2215,0.3899,0.5892,1.300,0.3303,1.180,0.087399,0.072162,0.061968,0.058425,0.055587,0.054312,4,0.3876,1.006
2026-07-31T19:38:27,lemonde_d10_s4_noms_n5000_e5000_log,lemonde,10,4,noms,5000,_s3,136633,6256,104219,102,1410,0,5000,21,9,0.4500,18.73,0.9364,0.2213,0.3912,0.5923,1.304,0.3300,1.186,0.084382,0.073756,0.063139,0.060928,0.055630,0.053385,3,0.3902,1.003
2026-07-31T19:38:31,lemonde_d10_s4_noms_propres_n5000_e5000_log,lemonde,10,4,noms_propres,5000,_s3,15829,511,10294,11,183,0,5000,21,8,0.4000,17.46,0.8730,0.2652,0.4327,0.6213,1.442,0.3383,1.279,0.110507,0.087450,0.067267,0.058312,0.056614,0.052600,3,0.4379,0.988
2026-07-31T19:38:35,lemonde_d10_s6_tous_n5000_e5000_log,lemonde,10,6,tous,5000,_s3,40619,7206,32541,34,668,0,5000,21,8,0.4000,18.09,0.9043,0.2431,0.4111,0.6090,1.370,0.3386,1.214,0.101654,0.077643,0.063845,0.058791,0.056057,0.053152,3,0.4038,1.018
2026-07-31T19:38:39,lemonde_d10_s6_sans_verbes_n5000_e5000_log,lemonde,10,6,sans_verbes,5000,_s3,38449,6292,30625,33,659,0,5000,21,8,0.4000,18.07,0.9034,0.2449,0.4133,0.6059,1.378,0.3361,1.230,0.101790,0.078449,0.064623,0.060712,0.055472,0.052225,3,0.4070,1.015
2026-07-31T19:38:43,lemonde_d10_s6_noms_n5000_e5000_log,lemonde,10,6,noms,5000,_s3,34507,5324,27424,30,628,0,5000,21,8,0.4000,18.01,0.9005,0.2474,0.4122,0.6069,1.374,0.3381,1.219,0.103134,0.080035,0.064222,0.058388,0.054149,0.052284,3,0.4060,1.015
2026-07-31T19:38:46,lemonde_d10_s6_noms_propres_n5000_e5000_log,lemonde,10,6,noms_propres,5000,_s3,4505,477,3144,3,97,0,3044,21,7,0.3500,15.99,0.7994,0.3046,0.4702,0.6497,1.567,0.3496,1.345,0.135417,0.093708,0.075426,0.060727,0.053632,0.051262,3,0.4575,1.028
2026-07-31T19:38:51,lemonde_d15_s4_tous_n5000_e5000_log,lemonde,15,4,tous,5000,_s3,164258,9816,123469,155,1506,0,5000,31,13,0.4333,28.11,0.9369,0.1599,0.2792,0.4239,1.396,0.2303,1.213,0.062405,0.055843,0.041676,0.041270,0.039749,0.038299,4,0.2783,1.003
2026-07-31T19:38:56,lemonde_d15_s4_sans_verbes_n5000_e5000_log,lemonde,15,4,sans_verbes,5000,_s3,153204,7847,113769,146,1465,0,5000,31,13,0.4333,27.88,0.9293,0.1650,0.2861,0.4279,1.431,0.2298,1.245,0.065401,0.056498,0.043128,0.042299,0.040081,0.038707,4,0.2803,1.021
2026-07-31T19:39:01,lemonde_d15_s4_noms_n5000_e5000_log,lemonde,15,4,noms,5000,_s3,136633,6256,100721,130,1373,0,5000,31,13,0.4333,28.00,0.9335,0.1618,0.2825,0.4235,1.413,0.2279,1.240,0.063424,0.055648,0.042711,0.042187,0.040106,0.038451,4,0.2808,1.006
2026-07-31T19:39:05,lemonde_d15_s4_noms_propres_n5000_e5000_log,lemonde,15,4,noms_propres,5000,_s3,15829,511,9839,16,177,0,5000,31,12,0.4000,25.99,0.8663,0.1994,0.3229,0.4616,1.614,0.2369,1.363,0.082760,0.068314,0.048333,0.043547,0.041716,0.038221,3,0.3243,0.996
2026-07-31T19:39:09,lemonde_d15_s6_tous_n5000_e5000_log,lemonde,15,6,tous,5000,_s3,40619,7206,31855,44,650,0,5000,31,12,0.4000,26.88,0.8959,0.1836,0.3049,0.4466,1.525,0.2398,1.271,0.077463,0.060435,0.045720,0.041758,0.040729,0.038802,3,0.2948,1.034
2026-07-31T19:39:13,lemonde_d15_s6_sans_verbes_n5000_e5000_log,lemonde,15,6,sans_verbes,5000,_s3,38449,6292,29963,42,641,0,5000,31,12,0.4000,26.88,0.8961,0.1845,0.3065,0.4470,1.533,0.2363,1.297,0.075110,0.063829,0.045544,0.042435,0.040715,0.038913,3,0.2973,1.031
2026-07-31T19:39:17,lemonde_d15_s6_noms_n5000_e5000_log,lemonde,15,6,noms,5000,_s3,34507,5324,26826,39,613,0,5000,31,12,0.4000,26.62,0.8873,0.1877,0.3104,0.4484,1.552,0.2373,1.308,0.080062,0.061805,0.045838,0.042504,0.040513,0.039646,3,0.2983,1.041
2026-07-31T19:39:21,lemonde_d15_s6_noms_propres_n5000_e5000_log,lemonde,15,6,noms_propres,5000,_s3,4505,477,3051,5,94,0,2952,31,11,0.3667,23.24,0.7747,0.2382,0.3643,0.4992,1.821,0.2497,1.459,0.108389,0.075417,0.054348,0.046306,0.041557,0.038247,3,0.3510,1.038
2026-07-31T19:39:26,lemonde_d25_s4_tous_n5000_e5000_log,lemonde,25,4,tous,5000,_s3,164258,9816,117949,215,1448,0,5000,51,21,0.4200,46.01,0.9201,0.1141,0.1941,0.2879,1.618,0.1469,1.321,0.046228,0.039573,0.028302,0.027812,0.026500,0.025724,4,0.1911,1.016
2026-07-31T19:39:31,lemonde_d25_s4_sans_verbes_n5000_e5000_log,lemonde,25,4,sans_verbes,5000,_s3,153204,7847,108434,203,1408,0,5000,51,21,0.4200,45.83,0.9166,0.1161,0.1981,0.2905,1.651,0.1477,1.341,0.046031,0.040707,0.029354,0.028417,0.027181,0.026414,4,0.1956,1.013
2026-07-31T19:39:35,lemonde_d25_s4_noms_n5000_e5000_log,lemonde,25,4,noms,5000,_s3,136633,6256,95905,182,1317,0,5000,51,21,0.4200,45.65,0.9131,0.1175,0.1991,0.2916,1.659,0.1468,1.356,0.048908,0.039665,0.028926,0.028545,0.027036,0.025981,4,0.1953,1.019
2026-07-31T19:39:39,lemonde_d25_s4_noms_propres_n5000_e5000_log,lemonde,25,4,noms_propres,5000,_s3,15829,511,9304,22,169,0,5000,51,19,0.3800,41.45,0.8290,0.1498,0.2350,0.3286,1.958,0.1558,1.509,0.066009,0.050979,0.032842,0.030312,0.029613,0.025254,3,0.2414,0.974
2026-07-31T19:39:44,lemonde_d25_s6_tous_n5000_e5000_log,lemonde,25,6,tous,5000,_s3,40619,7204,30928,68,624,0,5000,51,20,0.4000,43.74,0.8748,0.1327,0.2169,0.3105,1.808,0.1560,1.390,0.056572,0.045071,0.031028,0.029457,0.028143,0.026643,3,0.2109,1.029
2026-07-31T19:39:48,lemonde_d25_s6_sans_verbes_n5000_e5000_log,lemonde,25,6,sans_verbes,5000,_s3,38449,6290,29058,66,615,0,5000,51,20,0.4000,43.08,0.8616,0.1382,0.2211,0.3143,1.842,0.1558,1.418,0.059002,0.048624,0.030600,0.029208,0.027602,0.026018,3,0.2145,1.031
2026-07-31T19:39:53,lemonde_d25_s6_noms_n5000_e5000_log,lemonde,25,6,noms,5000,_s3,34507,5322,26017,60,589,0,5000,51,20,0.4000,43.28,0.8656,0.1373,0.2201,0.3127,1.834,0.1551,1.419,0.058240,0.047179,0.031905,0.028675,0.027917,0.026196,3,0.2132,1.033
2026-07-31T19:39:56,lemonde_d25_s6_noms_propres_n5000_e5000_log,lemonde,25,6,noms_propres,5000,_s3,4505,477,2950,9,89,0,2852,51,17,0.3400,36.84,0.7367,0.1781,0.2706,0.3643,2.255,0.1684,1.607,0.083085,0.058884,0.036170,0.035591,0.030715,0.026181,3,0.2695,1.004
2026-07-31T19:40:02,lemonde_d50_s4_tous_n5000_e5000_log,lemonde,50,4,tous,5000,_s3,164258,9815,109086,378,1351,0,5000,101,40,0.4000,89.31,0.8931,0.0739,0.1216,0.1757,2.027,0.0821,1.481,0.032005,0.024394,0.017463,0.016854,0.015781,0.015107,5,0.1215,1.001
2026-07-31T19:40:07,lemonde_d50_s4_sans_verbes_n5000_e5000_log,lemonde,50,4,sans_verbes,5000,_s3,153204,7846,99888,355,1312,0,5000,101,40,0.4000,88.88,0.8888,0.0757,0.1239,0.1782,2.064,0.0810,1.529,0.030821,0.027645,0.017263,0.017094,0.016088,0.014943,4,0.1224,1.012
2026-07-31T19:40:12,lemonde_d50_s4_noms_n5000_e5000_log,lemonde,50,4,noms,5000,_s3,136633,6255,88163,314,1226,0,5000,101,39,0.3900,88.14,0.8814,0.0773,0.1264,0.1812,2.106,0.0817,1.547,0.032358,0.027192,0.017754,0.017597,0.015800,0.015671,4,0.1248,1.013
2026-07-31T19:40:17,lemonde_d50_s4_noms_propres_n5000_e5000_log,lemonde,50,4,noms_propres,5000,_s3,15829,511,8450,31,154,0,5000,101,37,0.3700,78.79,0.7879,0.1026,0.1544,0.2115,2.573,0.0893,1.728,0.046109,0.034277,0.022257,0.019016,0.016556,0.016180,3,0.1631,0.947
2026-07-31T19:40:22,lemonde_d50_s6_tous_n5000_e5000_log,lemonde,50,6,tous,5000,_s3,40619,7203,29461,108,591,0,5000,101,38,0.3800,83.16,0.8316,0.0921,0.1410,0.1960,2.351,0.0856,1.647,0.040960,0.031398,0.019742,0.017144,0.016386,0.015405,4,0.1405,1.004
2026-07-31T19:40:27,lemonde_d50_s6_sans_verbes_n5000_e5000_log,lemonde,50,6,sans_verbes,5000,_s3,38449,6289,27632,106,583,0,5000,101,38,0.3800,83.07,0.8307,0.0915,0.1413,0.1972,2.355,0.0852,1.659,0.040316,0.032158,0.019075,0.018081,0.016000,0.015676,4,0.1413,1.000
2026-07-31T19:40:34,lemonde_d50_s6_noms_n5000_e5000_log,lemonde,50,6,noms,5000,_s3,34507,5322,24755,94,557,0,5000,101,38,0.3800,82.50,0.8250,0.0930,0.1434,0.1996,2.390,0.0860,1.668,0.041150,0.032375,0.019457,0.017816,0.016607,0.015989,6,0.1440,0.996
2026-07-31T19:40:39,lemonde_d50_s6_noms_propres_n5000_e5000_log,lemonde,50,6,noms_propres,5000,_s3,4505,477,2761,13,81,0,2667,101,33,0.3300,67.98,0.6798,0.1275,0.1857,0.2448,3.095,0.0995,1.866,0.058793,0.043279,0.025402,0.020692,0.019754,0.017804,4,0.1918,0.968
2026-07-31T19:40:42,lemonde3j_d10_s4_tous_n0_e5000_log,lemonde3j,10,4,tous,0,_s3,76271,8511,51689,183,0,0,5000,21,8,0.4000,17.31,0.8656,0.2706,0.4288,0.6143,1.429,0.3324,1.290,0.110599,0.095003,0.065021,0.055022,0.051755,0.051421,2,0.4365,0.982
2026-07-31T19:40:45,lemonde3j_d10_s4_sans_verbes_n0_e5000_log,lemonde3j,10,4,sans_verbes,0,_s3,71883,7104,48055,178,0,0,5000,21,8,0.4000,17.25,0.8625,0.2724,0.4306,0.6165,1.435,0.3303,1.304,0.112090,0.094992,0.065358,0.055967,0.052364,0.049797,2,0.4474,0.962
2026-07-31T19:40:48,lemonde3j_d10_s4_noms_n0_e5000_log,lemonde3j,10,4,noms,0,_s3,64363,5845,42722,160,0,0,5000,21,8,0.4000,17.04,0.8518,0.2790,0.4380,0.6210,1.460,0.3310,1.323,0.115033,0.097314,0.066629,0.055105,0.052852,0.051068,2,0.4486,0.976
2026-07-31T19:40:50,lemonde3j_d10_s4_noms_propres_n0_e5000_log,lemonde3j,10,4,noms_propres,0,_s3,8546,503,4820,21,0,0,4799,21,7,0.3500,15.54,0.7770,0.3147,0.4776,0.6509,1.592,0.3467,1.378,0.141083,0.102549,0.071049,0.060987,0.051375,0.050530,1,0.5029,0.950
2026-07-31T19:40:52,lemonde3j_d10_s6_tous_n0_e5000_log,lemonde3j,10,6,tous,0,_s3,20809,5134,14497,81,0,0,5000,21,7,0.3500,15.67,0.7836,0.3147,0.4695,0.6434,1.565,0.3405,1.379,0.137493,0.107234,0.069952,0.055674,0.050235,0.048926,2,0.4808,0.976
2026-07-31T19:40:55,lemonde3j_d10_s6_sans_verbes_n0_e5000_log,lemonde3j,10,6,sans_verbes,0,_s3,19764,4682,13642,79,0,0,5000,21,7,0.3500,15.40,0.7699,0.3227,0.4783,0.6509,1.594,0.3428,1.395,0.140239,0.109873,0.072579,0.056232,0.051762,0.047631,2,0.4854,0.985
2026-07-31T19:40:57,lemonde3j_d10_s6_noms_n0_e5000_log,lemonde3j,10,6,noms,0,_s3,17704,4057,12161,71,0,0,5000,21,7,0.3500,15.30,0.7650,0.3239,0.4787,0.6514,1.596,0.3424,1.398,0.140976,0.112647,0.070324,0.057141,0.050126,0.047498,1,0.4885,0.980
2026-07-31T19:41:00,lemonde3j_d10_s6_noms_propres_n0_e5000_log,lemonde3j,10,6,noms_propres,0,_s3,2757,451,1683,11,0,0,1672,21,6,0.3000,13.72,0.6858,0.3575,0.5235,0.6909,1.745,0.3676,1.424,0.167405,0.114418,0.075686,0.063909,0.053266,0.048826,1,0.5428,0.964
2026-07-31T19:41:02,lemonde3j_d15_s4_tous_n0_e5000_log,lemonde3j,15,4,tous,0,_s3,76271,8508,49984,212,0,0,5000,31,12,0.4000,25.75,0.8582,0.2055,0.3221,0.4557,1.611,0.2377,1.355,0.083553,0.074146,0.047808,0.041969,0.037895,0.036752,2,0.3426,0.940
2026-07-31T19:41:05,lemonde3j_d15_s4_sans_verbes_n0_e5000_log,lemonde3j,15,4,sans_verbes,0,_s3,71883,7102,46409,205,0,0,5000,31,12,0.4000,25.44,0.8480,0.2111,0.3290,0.4621,1.645,0.2400,1.371,0.085580,0.075166,0.050376,0.042459,0.038908,0.036545,2,0.3477,0.946
2026-07-31T19:41:08,lemonde3j_d15_s4_noms_n0_e5000_log,lemonde3j,15,4,noms,0,_s3,64363,5844,41261,182,0,0,5000,31,12,0.4000,25.42,0.8473,0.2109,0.3277,0.4604,1.639,0.2364,1.386,0.087522,0.073895,0.049449,0.041651,0.038114,0.037093,2,0.3510,0.934
2026-07-31T19:41:10,lemonde3j_d15_s4_noms_propres_n0_e5000_log,lemonde3j,15,4,noms_propres,0,_s3,8546,503,4641,26,0,0,4615,31,10,0.3333,22.70,0.7567,0.2486,0.3722,0.5045,1.861,0.2514,1.481,0.110239,0.082598,0.055787,0.045123,0.039757,0.038700,1,0.4082,0.912
2026-07-31T19:41:13,lemonde3j_d15_s6_tous_n0_e5000_log,lemonde3j,15,6,tous,0,_s3,20809,5127,14162,88,0,0,5000,31,11,0.3667,22.53,0.7509,0.2533,0.3706,0.4987,1.853,0.2486,1.491,0.110270,0.088321,0.054751,0.043237,0.037524,0.036527,1,0.3858,0.961
2026-07-31T19:41:15,lemonde3j_d15_s6_sans_verbes_n0_e5000_log,lemonde3j,15,6,sans_verbes,0,_s3,19764,4677,13320,85,0,0,5000,31,10,0.3333,22.22,0.7408,0.2577,0.3747,0.5027,1.874,0.2492,1.504,0.110851,0.092320,0.054542,0.042794,0.038661,0.035546,1,0.3924,0.955
2026-07-31T19:41:18,lemonde3j_d15_s6_noms_n0_e5000_log,lemonde3j,15,6,noms,0,_s3,17704,4053,11888,78,0,0,5000,31,10,0.3333,22.26,0.7421,0.2568,0.3767,0.5032,1.883,0.2485,1.516,0.111297,0.090148,0.055336,0.045061,0.038328,0.036520,1,0.3963,0.951
2026-07-31T19:41:21,lemonde3j_d15_s6_noms_propres_n0_e5000_log,lemonde3j,15,6,noms_propres,0,_s3,2757,451,1650,11,0,0,1639,31,9,0.3000,19.78,0.6593,0.2875,0.4163,0.5483,2.081,0.2707,1.538,0.132331,0.095558,0.059594,0.047639,0.042030,0.039133,1,0.4506,0.924
2026-07-31T19:41:24,lemonde3j_d25_s4_tous_n0_e5000_log,lemonde3j,25,4,tous,0,_s3,76271,8506,47506,286,0,0,5000,51,19,0.3800,41.42,0.8285,0.1527,0.2360,0.3268,1.967,0.1564,1.509,0.063642,0.054627,0.034457,0.030205,0.027648,0.025445,2,0.2553,0.924
2026-07-31T19:41:27,lemonde3j_d25_s4_sans_verbes_n0_e5000_log,lemonde3j,25,4,sans_verbes,0,_s3,71883,7100,44005,275,0,0,5000,51,19,0.3800,41.23,0.8247,0.1548,0.2372,0.3273,1.976,0.1565,1.515,0.064696,0.055013,0.035054,0.029821,0.027540,0.025053,2,0.2563,0.925
2026-07-31T19:41:30,lemonde3j_d25_s4_noms_n0_e5000_log,lemonde3j,25,4,noms,0,_s3,64363,5843,39072,246,0,0,5000,51,19,0.3800,40.97,0.8194,0.1565,0.2380,0.3280,1.983,0.1571,1.514,0.065284,0.056252,0.034944,0.030316,0.027130,0.024044,2,0.2589,0.919
2026-07-31T19:41:32,lemonde3j_d25_s4_noms_propres_n0_e5000_log,lemonde3j,25,4,noms_propres,0,_s3,8546,503,4362,35,0,0,4327,51,17,0.3400,36.07,0.7215,0.1884,0.2806,0.3739,2.338,0.1679,1.671,0.082093,0.064196,0.042095,0.034610,0.030428,0.027193,1,0.3135,0.895
2026-07-31T19:41:35,lemonde3j_d25_s6_tous_n0_e5000_log,lemonde3j,25,6,tous,0,_s3,20809,5121,13745,109,0,0,5000,51,17,0.3400,35.87,0.7173,0.1911,0.2761,0.3652,2.300,0.1711,1.614,0.084245,0.067395,0.039453,0.032057,0.028166,0.024743,1,0.2932,0.942
2026-07-31T19:41:37,lemonde3j_d25_s6_sans_verbes_n0_e5000_log,lemonde3j,25,6,sans_verbes,0,_s3,19764,4673,12915,105,0,0,5000,51,17,0.3400,35.54,0.7108,0.1936,0.2809,0.3702,2.341,0.1685,1.668,0.084333,0.068836,0.040384,0.033175,0.028159,0.026061,1,0.3000,0.937
2026-07-31T19:41:40,lemonde3j_d25_s6_noms_n0_e5000_log,lemonde3j,25,6,noms,0,_s3,17704,4050,11519,94,0,0,5000,51,17,0.3400,35.37,0.7074,0.1949,0.2822,0.3710,2.352,0.1694,1.666,0.083386,0.071478,0.040053,0.032700,0.028625,0.025994,2,0.3003,0.940
2026-07-31T19:41:42,lemonde3j_d25_s6_noms_propres_n0_e5000_log,lemonde3j,25,6,noms_propres,0,_s3,2757,451,1593,15,0,0,1578,51,14,0.2800,30.12,0.6024,0.2286,0.3265,0.4215,2.721,0.1868,1.748,0.103183,0.077668,0.047712,0.036665,0.032539,0.028739,1,0.3562,0.917
2026-07-31T19:41:45,lemonde3j_d50_s4_tous_n0_e5000_log,lemonde3j,50,4,tous,0,_s3,76271,8495,43362,633,0,0,5000,101,37,0.3700,80.27,0.8027,0.1001,0.1530,0.2093,2.550,0.0890,1.720,0.043591,0.033304,0.023236,0.019342,0.017535,0.015991,2,0.1637,0.935
2026-07-31T19:41:49,lemonde3j_d50_s4_sans_verbes_n0_e5000_log,lemonde3j,50,4,sans_verbes,0,_s3,71883,7094,40008,600,0,0,5000,101,37,0.3700,79.83,0.7983,0.1008,0.1542,0.2105,2.571,0.0890,1.734,0.044766,0.032803,0.023228,0.019639,0.017833,0.015979,2,0.1672,0.923
2026-07-31T19:41:52,lemonde3j_d50_s4_noms_n0_e5000_log,lemonde3j,50,4,noms,0,_s3,64363,5840,35469,539,0,0,5000,101,37,0.3700,78.48,0.7848,0.1045,0.1590,0.2156,2.649,0.0899,1.768,0.044629,0.036568,0.023260,0.019881,0.017917,0.016695,2,0.1721,0.924
2026-07-31T19:41:54,lemonde3j_d50_s4_noms_propres_n0_e5000_log,lemonde3j,50,4,noms_propres,0,_s3,8546,503,3907,74,0,0,3833,101,33,0.3300,67.30,0.6730,0.1304,0.1921,0.2557,3.201,0.0991,1.939,0.057449,0.044178,0.028739,0.022830,0.020423,0.018447,1,0.2128,0.902
2026-07-31T19:41:57,lemonde3j_d50_s6_tous_n0_e5000_log,lemonde3j,50,6,tous,0,_s3,20809,5102,13019,246,0,0,5000,101,35,0.3500,69.24,0.6924,0.1277,0.1852,0.2421,3.087,0.0996,1.860,0.057271,0.043424,0.027005,0.021371,0.019376,0.016791,2,0.1974,0.939
2026-07-31T19:42:00,lemonde3j_d50_s6_sans_verbes_n0_e5000_log,lemonde3j,50,6,sans_verbes,0,_s3,19764,4658,12216,236,0,0,5000,101,34,0.3400,67.82,0.6782,0.1321,0.1903,0.2477,3.172,0.0998,1.906,0.057965,0.045646,0.028457,0.021679,0.019645,0.016915,2,0.2044,0.931
2026-07-31T19:42:03,lemonde3j_d50_s6_noms_n0_e5000_log,lemonde3j,50,6,noms,0,_s3,17704,4037,10921,218,0,0,5000,101,34,0.3400,67.90,0.6790,0.1312,0.1896,0.2475,3.160,0.0998,1.901,0.058298,0.044712,0.028229,0.021836,0.019035,0.017472,2,0.2073,0.915
2026-07-31T19:42:05,lemonde3j_d50_s6_noms_propres_n0_e5000_log,lemonde3j,50,6,noms_propres,0,_s3,2757,451,1496,35,0,0,1461,101,28,0.2800,54.67,0.5467,0.1613,0.2306,0.2981,3.843,0.1132,2.037,0.074686,0.052319,0.034290,0.025953,0.022875,0.020440,1,0.2527,0.912
2026-07-31T19:42:07,lemonde7j_d10_s4_tous_n0_e5000_log,lemonde7j,10,4,tous,0,_s3,44959,7009,27941,232,0,0,5000,21,7,0.3500,16.06,0.8028,0.3035,0.4718,0.6499,1.573,0.3463,1.362,0.126426,0.106218,0.070891,0.062568,0.054991,0.050681,1,0.5063,0.932
2026-07-31T19:42:09,lemonde7j_d10_s4_sans_verbes_n0_e5000_log,lemonde7j,10,4,sans_verbes,0,_s3,42018,6066,25967,221,0,0,5000,21,7,0.3500,15.96,0.7980,0.3066,0.4740,0.6493,1.580,0.3450,1.374,0.129442,0.105114,0.072064,0.060628,0.057118,0.049592,1,0.5061,0.937
2026-07-31T19:42:11,lemonde7j_d10_s4_noms_n0_e5000_log,lemonde7j,10,4,noms,0,_s3,37624,5120,23108,197,0,0,5000,21,7,0.3500,15.88,0.7940,0.3094,0.4787,0.6543,1.596,0.3500,1.368,0.128755,0.106559,0.074102,0.061152,0.058523,0.049592,1,0.5111,0.937
2026-07-31T19:42:12,lemonde7j_d10_s4_noms_propres_n0_e5000_log,lemonde7j,10,4,noms_propres,0,_s3,5357,477,2925,24,0,0,2901,21,6,0.3000,14.46,0.7231,0.3451,0.5139,0.6847,1.713,0.3566,1.441,0.151888,0.109711,0.083483,0.064618,0.056461,0.047739,1,0.5524,0.930
2026-07-31T19:42:14,lemonde7j_d10_s6_tous_n0_e5000_log,lemonde7j,10,6,tous,0,_s3,13664,3945,8835,89,0,0,5000,21,6,0.3000,14.00,0.7001,0.3559,0.5217,0.6864,1.739,0.3623,1.440,0.156090,0.122945,0.076836,0.063514,0.054012,0.048349,1,0.5519,0.945
2026-07-31T19:42:16,lemonde7j_d10_s6_sans_verbes_n0_e5000_log,lemonde7j,10,6,sans_verbes,0,_s3,12963,3652,8329,86,0,0,5000,21,6,0.3000,13.97,0.6984,0.3560,0.5256,0.6896,1.752,0.3632,1.447,0.157219,0.120441,0.078347,0.065692,0.056051,0.047814,1,0.5532,0.950
2026-07-31T19:42:18,lemonde7j_d10_s6_noms_n0_e5000_log,lemonde7j,10,6,noms,0,_s3,11633,3227,7472,76,0,0,5000,21,6,0.3000,13.85,0.6926,0.3587,0.5256,0.6888,1.752,0.3603,1.459,0.159862,0.121637,0.077221,0.064038,0.055054,0.047769,1,0.5580,0.942
2026-07-31T19:42:19,lemonde7j_d10_s6_noms_propres_n0_e5000_log,lemonde7j,10,6,noms_propres,0,_s3,1907,394,1126,10,0,0,1116,21,5,0.2500,12.39,0.6193,0.3957,0.5662,0.7273,1.887,0.3795,1.492,0.183650,0.123439,0.088623,0.065794,0.057758,0.046919,1,0.5972,0.948
2026-07-31T19:42:22,lemonde7j_d15_s4_tous_n0_e5000_log,lemonde7j,15,4,tous,0,_s3,44959,6998,26786,327,0,0,5000,31,11,0.3667,23.75,0.7917,0.2349,0.3653,0.4995,1.826,0.2531,1.443,0.094144,0.084081,0.056685,0.047698,0.043404,0.039265,1,0.4019,0.909
2026-07-31T19:42:24,lemonde7j_d15_s4_sans_verbes_n0_e5000_log,lemonde7j,15,4,sans_verbes,0,_s3,42018,6060,24866,304,0,0,5000,31,10,0.3333,23.58,0.7861,0.2368,0.3675,0.5032,1.837,0.2529,1.453,0.096960,0.082713,0.057142,0.048499,0.043643,0.038532,1,0.4039,0.910
2026-07-31T19:42:26,lemonde7j_d15_s4_noms_n0_e5000_log,lemonde7j,15,4,noms,0,_s3,37624,5116,22134,269,0,0,5000,31,10,0.3333,23.21,0.7735,0.2428,0.3755,0.5086,1.878,0.2517,1.492,0.099726,0.083926,0.059185,0.047828,0.044731,0.040127,1,0.4128,0.910
2026-07-31T19:42:27,lemonde7j_d15_s4_noms_propres_n0_e5000_log,lemonde7j,15,4,noms_propres,0,_s3,5357,477,2798,27,0,0,2771,31,9,0.3000,20.86,0.6954,0.2743,0.4110,0.5461,2.055,0.2596,1.583,0.120346,0.087524,0.066427,0.050401,0.045941,0.040371,1,0.4489,0.916
2026-07-31T19:42:29,lemonde7j_d15_s6_tous_n0_e5000_log,lemonde7j,15,6,tous,0,_s3,13664,3932,8575,134,0,0,5000,31,9,0.3000,20.22,0.6738,0.2836,0.4186,0.5459,2.093,0.2665,1.571,0.124509,0.097419,0.061631,0.050665,0.044550,0.039782,1,0.4483,0.934
2026-07-31T19:42:31,lemonde7j_d15_s6_sans_verbes_n0_e5000_log,lemonde7j,15,6,sans_verbes,0,_s3,12963,3643,8075,126,0,0,5000,31,9,0.3000,20.30,0.6768,0.2827,0.4169,0.5462,2.085,0.2674,1.559,0.122840,0.098168,0.061708,0.050044,0.044967,0.039215,1,0.4514,0.924
2026-07-31T19:42:32,lemonde7j_d15_s6_noms_n0_e5000_log,lemonde7j,15,6,noms,0,_s3,11633,3220,7248,110,0,0,5000,31,9,0.3000,20.10,0.6701,0.2852,0.4192,0.5484,2.096,0.2658,1.577,0.125302,0.098261,0.061588,0.050067,0.044751,0.039198,1,0.4543,0.923
2026-07-31T19:42:34,lemonde7j_d15_s6_noms_propres_n0_e5000_log,lemonde7j,15,6,noms_propres,0,_s3,1907,394,1089,12,0,0,1077,31,8,0.2667,17.53,0.5842,0.3188,0.4619,0.5946,2.310,0.2784,1.659,0.150398,0.099130,0.069227,0.051725,0.049613,0.041816,1,0.4935,0.936
2026-07-31T19:42:36,lemonde7j_d25_s4_tous_n0_e5000_log,lemonde7j,25,4,tous,0,_s3,44959,6977,24793,579,0,0,5000,51,18,0.3600,38.93,0.7786,0.1680,0.2625,0.3596,2.188,0.1662,1.580,0.069951,0.057397,0.040666,0.034849,0.030422,0.029244,1,0.2930,0.896
2026-07-31T19:42:38,lemonde7j_d25_s4_sans_verbes_n0_e5000_log,lemonde7j,25,4,sans_verbes,0,_s3,42018,6041,22964,544,0,0,5000,51,17,0.3400,38.62,0.7724,0.1705,0.2653,0.3635,2.210,0.1680,1.579,0.070017,0.058447,0.041994,0.034567,0.030890,0.029339,1,0.2946,0.900
2026-07-31T19:42:40,lemonde7j_d25_s4_noms_n0_e5000_log,lemonde7j,25,4,noms,0,_s3,37624,5100,20409,490,0,0,5000,51,17,0.3400,38.03,0.7606,0.1739,0.2702,0.3682,2.252,0.1692,1.597,0.071351,0.060938,0.041640,0.035977,0.030997,0.029283,1,0.2992,0.903
2026-07-31T19:42:41,lemonde7j_d25_s4_noms_propres_n0_e5000_log,lemonde7j,25,4,noms_propres,0,_s3,5357,476,2549,64,0,0,2485,51,15,0.3000,33.08,0.6617,0.2038,0.3073,0.4096,2.561,0.1751,1.755,0.092100,0.064595,0.047076,0.039946,0.032875,0.030674,1,0.3395,0.905
2026-07-31T19:42:43,lemonde7j_d25_s6_tous_n0_e5000_log,lemonde7j,25,6,tous,0,_s3,13664,3903,8179,251,0,0,5000,51,15,0.3000,32.88,0.6577,0.2086,0.3086,0.4069,2.571,0.1831,1.686,0.092227,0.070085,0.046248,0.038269,0.031788,0.029943,1,0.3376,0.914
2026-07-31T19:42:45,lemonde7j_d25_s6_sans_verbes_n0_e5000_log,lemonde7j,25,6,sans_verbes,0,_s3,12963,3615,7700,242,0,0,5000,51,15,0.3000,32.32,0.6464,0.2131,0.3132,0.4116,2.610,0.1830,1.711,0.093682,0.072324,0.047079,0.038361,0.031611,0.030190,1,0.3431,0.913
2026-07-31T19:42:46,lemonde7j_d25_s6_noms_n0_e5000_log,lemonde7j,25,6,noms,0,_s3,11633,3194,6912,219,0,0,5000,51,15,0.3000,32.32,0.6465,0.2125,0.3133,0.4121,2.611,0.1826,1.716,0.093514,0.072089,0.046897,0.038972,0.031454,0.030408,1,0.3442,0.910
2026-07-31T19:42:48,lemonde7j_d25_s6_noms_propres_n0_e5000_log,lemonde7j,25,6,noms_propres,0,_s3,1907,391,1030,35,0,0,995,51,12,0.2400,27.15,0.5429,0.2437,0.3506,0.4573,2.922,0.1948,1.800,0.119139,0.072964,0.051583,0.040063,0.035315,0.031578,1,0.3826,0.916
2026-07-31T19:42:50,lemonde7j_d50_s4_tous_n0_e5000_log,lemonde7j,50,4,tous,0,_s3,44959,6933,21803,906,0,0,5000,101,34,0.3400,73.58,0.7358,0.1129,0.1761,0.2387,2.935,0.0945,1.864,0.048643,0.037141,0.027082,0.024418,0.019833,0.019011,1,0.1846,0.954
2026-07-31T19:42:52,lemonde7j_d50_s4_sans_verbes_n0_e5000_log,lemonde7j,50,4,sans_verbes,0,_s3,42018,6009,20135,843,0,0,5000,101,34,0.3400,73.32,0.7332,0.1133,0.1766,0.2398,2.943,0.0960,1.840,0.048106,0.037744,0.027496,0.025313,0.019443,0.018462,1,0.1856,0.951
2026-07-31T19:42:54,lemonde7j_d50_s4_noms_n0_e5000_log,lemonde7j,50,4,noms,0,_s3,37624,5079,17839,744,0,0,5000,101,33,0.3300,73.03,0.7303,0.1135,0.1779,0.2420,2.965,0.0966,1.841,0.047983,0.037769,0.027776,0.025496,0.019745,0.019113,1,0.1866,0.953
2026-07-31T19:42:56,lemonde7j_d50_s4_noms_propres_n0_e5000_log,lemonde7j,50,4,noms_propres,0,_s3,5357,476,2203,90,0,0,2113,101,28,0.2800,59.06,0.5906,0.1468,0.2179,0.2869,3.632,0.1031,2.114,0.067051,0.046026,0.033745,0.026884,0.022248,0.021967,1,0.2276,0.957
2026-07-31T19:42:58,lemonde7j_d50_s6_tous_n0_e5000_log,lemonde7j,50,6,tous,0,_s3,13664,3863,7571,376,0,0,5000,101,30,0.3000,60.69,0.6069,0.1457,0.2139,0.2789,3.566,0.1073,1.993,0.066402,0.047110,0.032147,0.026484,0.021998,0.019800,1,0.2211,0.968
2026-07-31T19:43:00,lemonde7j_d50_s6_sans_verbes_n0_e5000_log,lemonde7j,50,6,sans_verbes,0,_s3,12963,3576,7126,363,0,0,5000,101,30,0.3000,61.43,0.6143,0.1437,0.2121,0.2777,3.535,0.1067,1.987,0.064897,0.046030,0.032755,0.027018,0.021432,0.019974,1,0.2219,0.956
2026-07-31T19:43:02,lemonde7j_d50_s6_noms_n0_e5000_log,lemonde7j,50,6,noms,0,_s3,11633,3160,6395,334,0,0,5000,101,30,0.3000,61.47,0.6147,0.1434,0.2131,0.2788,3.551,0.1058,2.013,0.063752,0.046742,0.032935,0.027458,0.021897,0.020286,1,0.2234,0.954
2026-07-31T19:43:03,lemonde7j_d50_s6_noms_propres_n0_e5000_log,lemonde7j,50,6,noms_propres,0,_s3,1907,390,941,49,0,0,892,101,23,0.2300,47.07,0.4707,0.1795,0.2550,0.3294,4.250,0.1207,2.113,0.086748,0.054432,0.038316,0.028589,0.024462,0.022482,1,0.2653,0.961
2026-07-31T19:43:05,lefigaro_d10_s4_tous_n5000_e5000_log,lefigaro,10,4,tous,5000,_s3,60558,8823,40897,84,792,3,5000,21,8,0.4000,18.02,0.9012,0.2436,0.4229,0.6193,1.410,0.3381,1.251,0.096155,0.079648,0.067775,0.066101,0.057924,0.055264,1,0.4296,0.984
2026-07-31T19:43:08,lefigaro_d10_s4_sans_verbes_n5000_e5000_log,lefigaro,10,4,sans_verbes,5000,_s3,55761,7348,36960,79,773,3,5000,21,8,0.4000,17.81,0.8905,0.2515,0.4286,0.6232,1.429,0.3379,1.268,0.101029,0.082393,0.068072,0.066122,0.057213,0.053742,1,0.4361,0.983
2026-07-31T19:43:10,lefigaro_d10_s4_noms_n5000_e5000_log,lefigaro,10,4,noms,5000,_s3,46726,6065,32088,69,705,3,5000,21,8,0.4000,17.69,0.8845,0.2537,0.4356,0.6289,1.452,0.3404,1.280,0.100013,0.083679,0.069997,0.068122,0.058540,0.055285,1,0.4390,0.992
2026-07-31T19:43:12,lefigaro_d10_s4_noms_propres_n5000_e5000_log,lefigaro,10,4,noms_propres,5000,_s3,7950,812,5095,24,130,1,4940,21,7,0.3500,16.51,0.8256,0.2840,0.4617,0.6479,1.539,0.3445,1.340,0.125632,0.090372,0.068026,0.063634,0.060586,0.053457,1,0.4904,0.941
2026-07-31T19:43:14,lefigaro_d10_s6_tous_n5000_e5000_log,lefigaro,10,6,tous,5000,_s3,18963,4608,10653,35,350,2,5000,21,7,0.3500,16.90,0.8451,0.2769,0.4510,0.6353,1.503,0.3459,1.304,0.122113,0.087570,0.067217,0.065794,0.057634,0.050707,1,0.4529,0.996
2026-07-31T19:43:16,lefigaro_d10_s6_sans_verbes_n5000_e5000_log,lefigaro,10,6,sans_verbes,5000,_s3,18131,4153,9965,32,342,2,5000,21,7,0.3500,16.72,0.8361,0.2833,0.4560,0.6390,1.520,0.3435,1.328,0.124446,0.089947,0.068932,0.063655,0.056835,0.052186,1,0.4591,0.993
2026-07-31T19:43:18,lefigaro_d10_s6_noms_n5000_e5000_log,lefigaro,10,6,noms,5000,_s3,13666,3645,8617,30,312,2,5000,21,7,0.3500,16.59,0.8293,0.2858,0.4615,0.6448,1.538,0.3469,1.330,0.124931,0.091074,0.069826,0.065141,0.057831,0.052727,1,0.4613,1.000
2026-07-31T19:43:19,lefigaro_d10_s6_noms_propres_n5000_e5000_log,lefigaro,10,6,noms_propres,5000,_s3,2275,567,1440,12,52,1,1375,21,7,0.3500,14.83,0.7414,0.3238,0.4956,0.6742,1.652,0.3608,1.373,0.156638,0.095800,0.071385,0.061669,0.058761,0.051318,1,0.5217,0.950
2026-07-31T19:43:22,lefigaro_d15_s4_tous_n5000_e5000_log,lefigaro,15,4,tous,5000,_s3,60558,8822,39118,133,702,0,5000,31,11,0.3667,26.13,0.8710,0.1944,0.3281,0.4730,1.640,0.2399,1.368,0.076155,0.064835,0.053392,0.049576,0.042271,0.041859,1,0.3198,1.026
2026-07-31T19:43:24,lefigaro_d15_s4_sans_verbes_n5000_e5000_log,lefigaro,15,4,sans_verbes,5000,_s3,55761,7347,35309,126,685,0,5000,31,11,0.3667,26.12,0.8708,0.1931,0.3270,0.4731,1.635,0.2412,1.355,0.076337,0.064991,0.051801,0.050931,0.042485,0.040441,1,0.3202,1.021
2026-07-31T19:43:26,lefigaro_d15_s4_noms_n5000_e5000_log,lefigaro,15,4,noms,5000,_s3,46726,6064,30713,113,627,0,5000,31,11,0.3667,25.81,0.8602,0.1979,0.3340,0.4797,1.670,0.2399,1.392,0.078221,0.066850,0.052809,0.051197,0.043425,0.041520,1,0.3266,1.023
2026-07-31T19:43:28,lefigaro_d15_s4_noms_propres_n5000_e5000_log,lefigaro,15,4,noms_propres,5000,_s3,7950,812,4854,28,116,0,4710,31,10,0.3333,23.78,0.7928,0.2257,0.3648,0.5089,1.824,0.2473,1.475,0.098477,0.074673,0.052559,0.047682,0.046945,0.044426,1,0.3790,0.962
2026-07-31T19:43:30,lefigaro_d15_s6_tous_n5000_e5000_log,lefigaro,15,6,tous,5000,_s3,18963,4605,10211,56,309,0,5000,31,11,0.3667,24.41,0.8135,0.2203,0.3522,0.4930,1.761,0.2472,1.425,0.094814,0.074509,0.051007,0.049169,0.042643,0.040094,1,0.3452,1.020
2026-07-31T19:43:32,lefigaro_d15_s6_sans_verbes_n5000_e5000_log,lefigaro,15,6,sans_verbes,5000,_s3,18131,4150,9532,53,302,0,5000,31,11,0.3667,23.99,0.7998,0.2253,0.3601,0.4984,1.801,0.2483,1.450,0.098633,0.075032,0.051658,0.049680,0.044709,0.040431,1,0.3508,1.027
2026-07-31T19:43:34,lefigaro_d15_s6_noms_n5000_e5000_log,lefigaro,15,6,noms,5000,_s3,13666,3642,8305,50,277,0,5000,31,10,0.3333,23.61,0.7871,0.2303,0.3653,0.5045,1.826,0.2487,1.469,0.101863,0.075867,0.052552,0.050020,0.044836,0.040138,1,0.3586,1.019
2026-07-31T19:43:36,lefigaro_d15_s6_noms_propres_n5000_e5000_log,lefigaro,15,6,noms_propres,5000,_s3,2275,567,1391,13,47,0,1331,31,9,0.3000,21.03,0.7009,0.2630,0.3981,0.5403,1.991,0.2641,1.507,0.125137,0.081433,0.056417,0.047017,0.045647,0.042451,1,0.4185,0.951
2026-07-31T19:43:39,lefigaro_d25_s4_tous_n5000_e5000_log,lefigaro,25,4,tous,5000,_s3,60558,8821,37160,166,636,0,5000,51,18,0.3600,42.06,0.8412,0.1432,0.2398,0.3411,1.998,0.1561,1.536,0.055678,0.045198,0.042337,0.035658,0.032168,0.028753,1,0.2352,1.020
2026-07-31T19:43:41,lefigaro_d25_s4_sans_verbes_n5000_e5000_log,lefigaro,25,4,sans_verbes,5000,_s3,55761,7346,33508,159,619,0,5000,51,18,0.3600,41.76,0.8351,0.1449,0.2420,0.3459,2.017,0.1573,1.539,0.055827,0.047026,0.042055,0.036748,0.031220,0.029169,1,0.2398,1.009
2026-07-31T19:43:43,lefigaro_d25_s4_noms_n5000_e5000_log,lefigaro,25,4,noms,5000,_s3,46726,6064,29184,143,572,0,5000,51,18,0.3600,41.14,0.8228,0.1489,0.2482,0.3502,2.068,0.1556,1.595,0.057485,0.049229,0.042175,0.036945,0.033507,0.028820,1,0.2477,1.002
2026-07-31T19:43:45,lefigaro_d25_s4_noms_propres_n5000_e5000_log,lefigaro,25,4,noms_propres,5000,_s3,7950,812,4579,30,106,0,4443,51,16,0.3200,37.77,0.7553,0.1691,0.2751,0.3795,2.293,0.1639,1.679,0.071310,0.057178,0.040613,0.037843,0.034843,0.033353,1,0.2882,0.955
2026-07-31T19:43:47,lefigaro_d25_s6_tous_n5000_e5000_log,lefigaro,25,6,tous,5000,_s3,18963,4600,9788,70,286,0,5000,51,17,0.3400,38.36,0.7672,0.1693,0.2676,0.3689,2.230,0.1636,1.636,0.071930,0.056266,0.041094,0.035528,0.033047,0.029757,1,0.2681,0.998
2026-07-31T19:43:49,lefigaro_d25_s6_sans_verbes_n5000_e5000_log,lefigaro,25,6,sans_verbes,5000,_s3,18131,4145,9131,67,279,0,5000,51,17,0.3400,37.55,0.7509,0.1746,0.2722,0.3715,2.268,0.1630,1.670,0.076233,0.058349,0.040067,0.035397,0.033065,0.029079,1,0.2734,0.996
2026-07-31T19:43:52,lefigaro_d25_s6_noms_n5000_e5000_log,lefigaro,25,6,noms,5000,_s3,13666,3639,8008,62,257,0,5000,51,17,0.3400,37.19,0.7438,0.1760,0.2763,0.3774,2.303,0.1654,1.671,0.076741,0.058354,0.040895,0.036375,0.033440,0.030499,1,0.2778,0.995
2026-07-31T19:43:53,lefigaro_d25_s6_noms_propres_n5000_e5000_log,lefigaro,25,6,noms_propres,5000,_s3,2275,567,1343,15,45,0,1283,51,15,0.3000,33.05,0.6610,0.1992,0.3058,0.4102,2.549,0.1809,1.690,0.093279,0.063101,0.042787,0.038686,0.035664,0.032331,1,0.3336,0.917
2026-07-31T19:43:56,lefigaro_d50_s4_tous_n5000_e5000_log,lefigaro,50,4,tous,5000,_s3,60558,8818,34313,233,562,0,5000,101,35,0.3500,78.04,0.7804,0.1012,0.1661,0.2303,2.768,0.0863,1.923,0.039062,0.032347,0.029742,0.025402,0.020300,0.019206,2,0.1522,1.091
2026-07-31T19:43:59,lefigaro_d50_s4_sans_verbes_n5000_e5000_log,lefigaro,50,4,sans_verbes,5000,_s3,55761,7343,30871,222,546,0,5000,101,34,0.3400,76.40,0.7640,0.1051,0.1702,0.2365,2.837,0.0853,1.997,0.041642,0.033683,0.029812,0.025027,0.020806,0.019247,2,0.1566,1.087
2026-07-31T19:44:01,lefigaro_d50_s4_noms_n5000_e5000_log,lefigaro,50,4,noms,5000,_s3,46726,6062,26923,200,506,0,5000,101,34,0.3400,75.68,0.7568,0.1053,0.1738,0.2396,2.897,0.0858,2.025,0.042240,0.032905,0.030149,0.027098,0.021709,0.019722,2,0.1602,1.085
2026-07-31T19:44:03,lefigaro_d50_s4_noms_propres_n5000_e5000_log,lefigaro,50,4,noms_propres,5000,_s3,7950,812,4189,38,94,0,4057,101,31,0.3100,68.28,0.6828,0.1227,0.1932,0.2619,3.220,0.0913,2.117,0.050013,0.043240,0.029451,0.025930,0.022880,0.021665,1,0.1964,0.984
2026-07-31T19:44:05,lefigaro_d50_s6_tous_n5000_e5000_log,lefigaro,50,6,tous,5000,_s3,18963,4596,9280,83,258,0,5000,101,32,0.3200,68.69,0.6869,0.1253,0.1931,0.2600,3.218,0.0930,2.076,0.052889,0.041637,0.030732,0.024913,0.023277,0.019628,1,0.1837,1.051
2026-07-31T19:44:08,lefigaro_d50_s6_sans_verbes_n5000_e5000_log,lefigaro,50,6,sans_verbes,5000,_s3,18131,4141,8649,80,251,0,5000,101,32,0.3200,68.43,0.6843,0.1248,0.1942,0.2612,3.237,0.0934,2.078,0.053638,0.040563,0.030587,0.025153,0.023992,0.020264,1,0.1847,1.051
2026-07-31T19:44:10,lefigaro_d50_s6_noms_n5000_e5000_log,lefigaro,50,6,noms,5000,_s3,13666,3635,7630,75,233,0,5000,101,32,0.3200,67.85,0.6785,0.1253,0.1958,0.2646,3.264,0.0939,2.086,0.053472,0.042021,0.029853,0.025711,0.024719,0.020042,1,0.1878,1.043
2026-07-31T19:44:12,lefigaro_d50_s6_noms_propres_n5000_e5000_log,lefigaro,50,6,noms_propres,5000,_s3,2275,567,1282,16,40,0,1226,101,27,0.2700,58.98,0.5898,0.1444,0.2165,0.2886,3.609,0.1059,2.044,0.064888,0.048380,0.031101,0.026221,0.023901,0.022056,1,0.2347,0.922
2026-07-31T19:44:14,lefigaro3j_d10_s4_tous_n0_e5000_log,lefigaro3j,10,4,tous,0,_s3,28362,7240,19147,122,0,0,5000,21,7,0.3500,16.50,0.8249,0.2913,0.4594,0.6443,1.531,0.3407,1.348,0.121965,0.099016,0.070361,0.060711,0.054377,0.052967,1,0.4807,0.956
2026-07-31T19:44:15,lefigaro3j_d10_s4_sans_verbes_n0_e5000_log,lefigaro3j,10,4,sans_verbes,0,_s3,26006,6235,17421,113,0,0,5000,21,7,0.3500,16.45,0.8226,0.2913,0.4604,0.6449,1.535,0.3403,1.353,0.123765,0.098753,0.068808,0.060676,0.054898,0.053538,1,0.4811,0.957
2026-07-31T19:44:17,lefigaro3j_d10_s4_noms_n0_e5000_log,lefigaro3j,10,4,noms,0,_s3,23039,5277,15350,98,0,0,5000,21,7,0.3500,16.33,0.8163,0.2961,0.4623,0.6461,1.541,0.3383,1.366,0.125787,0.099664,0.070632,0.059666,0.054166,0.052425,1,0.4863,0.951
2026-07-31T19:44:18,lefigaro3j_d10_s4_noms_propres_n0_e5000_log,lefigaro3j,10,4,noms_propres,0,_s3,3996,736,2419,31,0,0,2388,21,7,0.3500,14.65,0.7325,0.3352,0.4983,0.6777,1.661,0.3496,1.425,0.155404,0.102849,0.076945,0.060355,0.053389,0.049358,0,0.5513,0.904
2026-07-31T19:44:20,lefigaro3j_d10_s6_tous_n0_e5000_log,lefigaro3j,10,6,tous,0,_s3,7994,3310,5581,49,0,0,5000,21,6,0.3000,14.45,0.7226,0.3429,0.5051,0.6779,1.684,0.3565,1.417,0.153647,0.115400,0.073888,0.059105,0.053451,0.049601,1,0.5264,0.960
2026-07-31T19:44:21,lefigaro3j_d10_s6_sans_verbes_n0_e5000_log,lefigaro3j,10,6,sans_verbes,0,_s3,7519,3051,5236,47,0,0,5000,21,6,0.3000,14.35,0.7173,0.3465,0.5069,0.6792,1.690,0.3569,1.420,0.154651,0.117087,0.074733,0.058585,0.053190,0.048618,1,0.5282,0.960
2026-07-31T19:44:23,lefigaro3j_d10_s6_noms_n0_e5000_log,lefigaro3j,10,6,noms,0,_s3,6757,2718,4698,43,0,0,4655,21,6,0.3000,14.26,0.7129,0.3485,0.5089,0.6816,1.696,0.3561,1.429,0.156698,0.115970,0.075789,0.058879,0.053083,0.048470,1,0.5315,0.957
2026-07-31T19:44:24,lefigaro3j_d10_s6_noms_propres_n0_e5000_log,lefigaro3j,10,6,noms_propres,0,_s3,1281,426,790,16,0,0,774,21,5,0.2500,12.41,0.6204,0.3899,0.5495,0.7160,1.832,0.3773,1.457,0.190816,0.115744,0.083370,0.061111,0.051884,0.046614,0,0.6063,0.906
2026-07-31T19:44:26,lefigaro3j_d15_s4_tous_n0_e5000_log,lefigaro3j,15,4,tous,0,_s3,28362,7232,18521,146,0,0,5000,31,11,0.3667,23.88,0.7959,0.2302,0.3579,0.4966,1.789,0.2430,1.473,0.099828,0.075764,0.054596,0.045743,0.042537,0.039425,1,0.3836,0.933
2026-07-31T19:44:27,lefigaro3j_d15_s4_sans_verbes_n0_e5000_log,lefigaro3j,15,4,sans_verbes,0,_s3,26006,6228,16843,136,0,0,5000,31,10,0.3333,23.33,0.7778,0.2386,0.3651,0.5049,1.825,0.2422,1.508,0.103797,0.078771,0.056079,0.046577,0.040483,0.039393,1,0.3932,0.928
2026-07-31T19:44:29,lefigaro3j_d15_s4_noms_n0_e5000_log,lefigaro3j,15,4,noms,0,_s3,23039,5271,14830,117,0,0,5000,31,10,0.3333,23.40,0.7800,0.2373,0.3668,0.5068,1.834,0.2436,1.506,0.102045,0.079173,0.056048,0.047195,0.042143,0.040207,1,0.3964,0.925
2026-07-31T19:44:30,lefigaro3j_d15_s4_noms_propres_n0_e5000_log,lefigaro3j,15,4,noms_propres,0,_s3,3996,735,2326,33,0,0,2293,31,9,0.3000,20.66,0.6886,0.2714,0.4054,0.5410,2.027,0.2540,1.596,0.127149,0.084525,0.059754,0.051549,0.043316,0.039084,0,0.4518,0.897
2026-07-31T19:44:32,lefigaro3j_d15_s6_tous_n0_e5000_log,lefigaro3j,15,6,tous,0,_s3,7994,3304,5482,56,0,0,5000,31,9,0.3000,20.39,0.6798,0.2811,0.4077,0.5409,2.039,0.2580,1.580,0.126491,0.093953,0.060683,0.047141,0.041841,0.037612,1,0.4364,0.934
2026-07-31T19:44:33,lefigaro3j_d15_s6_sans_verbes_n0_e5000_log,lefigaro3j,15,6,sans_verbes,0,_s3,7519,3045,5143,54,0,0,5000,31,9,0.3000,20.21,0.6737,0.2848,0.4103,0.5436,2.052,0.2609,1.573,0.127176,0.095731,0.061870,0.046541,0.041485,0.037519,1,0.4397,0.933
2026-07-31T19:44:35,lefigaro3j_d15_s6_noms_n0_e5000_log,lefigaro3j,15,6,noms,0,_s3,6757,2712,4611,50,0,0,4561,31,9,0.3000,20.13,0.6710,0.2857,0.4116,0.5449,2.058,0.2613,1.575,0.128533,0.094283,0.062911,0.046968,0.041653,0.037255,1,0.4420,0.931
2026-07-31T19:44:36,lefigaro3j_d15_s6_noms_propres_n0_e5000_log,lefigaro3j,15,6,noms_propres,0,_s3,1281,424,771,18,0,0,753,31,8,0.2667,17.00,0.5668,0.3259,0.4628,0.5932,2.314,0.2821,1.641,0.159195,0.096277,0.070459,0.052094,0.045074,0.039686,0,0.5120,0.904
2026-07-31T19:44:38,lefigaro3j_d25_s4_tous_n0_e5000_log,lefigaro3j,25,4,tous,0,_s3,28362,7222,17645,263,0,0,5000,51,17,0.3400,37.37,0.7473,0.1778,0.2728,0.3718,2.273,0.1590,1.716,0.076412,0.060487,0.040894,0.033845,0.031562,0.029601,1,0.2937,0.929
2026-07-31T19:44:40,lefigaro3j_d25_s4_sans_verbes_n0_e5000_log,lefigaro3j,25,4,sans_verbes,0,_s3,26006,6219,16022,250,0,0,5000,51,17,0.3400,36.94,0.7388,0.1811,0.2755,0.3769,2.296,0.1607,1.715,0.076670,0.062699,0.041713,0.033821,0.030760,0.029871,1,0.3016,0.914
2026-07-31T19:44:42,lefigaro3j_d25_s4_noms_n0_e5000_log,lefigaro3j,25,4,noms,0,_s3,23039,5264,14086,217,0,0,5000,51,17,0.3400,37.13,0.7427,0.1802,0.2744,0.3756,2.287,0.1590,1.726,0.076057,0.061292,0.042852,0.033364,0.030986,0.029835,1,0.3025,0.907
2026-07-31T19:44:44,lefigaro3j_d25_s4_noms_propres_n0_e5000_log,lefigaro3j,25,4,noms_propres,0,_s3,3996,732,2186,49,0,0,2137,51,15,0.3000,32.43,0.6485,0.2093,0.3107,0.4122,2.589,0.1700,1.828,0.092790,0.069951,0.046569,0.038826,0.033520,0.029049,0,0.3492,0.890
2026-07-31T19:44:46,lefigaro3j_d25_s6_tous_n0_e5000_log,lefigaro3j,25,6,tous,0,_s3,7994,3280,5370,111,0,0,5000,51,15,0.3000,32.01,0.6401,0.2167,0.3121,0.4114,2.601,0.1759,1.774,0.094807,0.074545,0.047314,0.036608,0.030840,0.028013,1,0.3390,0.921
2026-07-31T19:44:47,lefigaro3j_d25_s6_sans_verbes_n0_e5000_log,lefigaro3j,25,6,sans_verbes,0,_s3,7519,3022,5036,107,0,0,4929,51,15,0.3000,31.68,0.6337,0.2190,0.3145,0.4140,2.621,0.1774,1.773,0.095812,0.075759,0.047379,0.036183,0.031165,0.028243,1,0.3419,0.920
2026-07-31T19:44:49,lefigaro3j_d25_s6_noms_n0_e5000_log,lefigaro3j,25,6,noms,0,_s3,6757,2693,4509,94,0,0,4415,51,15,0.3000,31.48,0.6296,0.2200,0.3161,0.4161,2.634,0.1777,1.779,0.097275,0.074858,0.047830,0.036248,0.031536,0.028359,1,0.3428,0.922
2026-07-31T19:44:51,lefigaro3j_d25_s6_noms_propres_n0_e5000_log,lefigaro3j,25,6,noms_propres,0,_s3,1281,420,747,25,0,0,722,51,12,0.2400,26.89,0.5377,0.2463,0.3568,0.4595,2.973,0.1979,1.803,0.118560,0.073932,0.053776,0.042134,0.035739,0.032656,0,0.3987,0.895
2026-07-31T19:44:54,lefigaro3j_d50_s4_tous_n0_e5000_log,lefigaro3j,50,4,tous,0,_s3,28362,7159,16046,597,0,0,5000,101,32,0.3200,67.46,0.6746,0.1299,0.1944,0.2627,3.240,0.0909,2.139,0.054490,0.044606,0.030789,0.023303,0.020962,0.020261,1,0.2108,0.922
2026-07-31T19:44:56,lefigaro3j_d50_s4_sans_verbes_n0_e5000_log,lefigaro3j,50,4,sans_verbes,0,_s3,26006,6165,14546,568,0,0,5000,101,32,0.3200,66.42,0.6642,0.1317,0.1977,0.2668,3.296,0.0927,2.133,0.055143,0.046223,0.030362,0.024405,0.021456,0.020144,1,0.2137,0.925
2026-07-31T19:44:58,lefigaro3j_d50_s4_noms_n0_e5000_log,lefigaro3j,50,4,noms,0,_s3,23039,5217,12777,503,0,0,5000,101,32,0.3200,66.45,0.6645,0.1305,0.1982,0.2683,3.304,0.0925,2.144,0.055585,0.044596,0.030313,0.025374,0.021470,0.020894,1,0.2133,0.930
2026-07-31T19:44:59,lefigaro3j_d50_s4_noms_propres_n0_e5000_log,lefigaro3j,50,4,noms_propres,0,_s3,3996,729,1976,96,0,0,1880,101,27,0.2700,57.68,0.5768,0.1513,0.2253,0.2977,3.754,0.1005,2.242,0.064983,0.049850,0.036515,0.028708,0.023614,0.021594,1,0.2547,0.885
2026-07-31T19:45:02,lefigaro3j_d50_s6_tous_n0_e5000_log,lefigaro3j,50,6,tous,0,_s3,7994,3204,5106,257,0,0,4849,101,29,0.2900,57.59,0.5759,0.1569,0.2239,0.2935,3.732,0.1043,2.146,0.067541,0.054015,0.035318,0.024926,0.022009,0.020117,1,0.2430,0.922
2026-07-31T19:45:03,lefigaro3j_d50_s6_sans_verbes_n0_e5000_log,lefigaro3j,50,6,sans_verbes,0,_s3,7519,2951,4786,248,0,0,4538,101,29,0.2900,57.12,0.5712,0.1580,0.2258,0.2959,3.763,0.1050,2.150,0.067705,0.054588,0.035743,0.025260,0.022262,0.020243,1,0.2449,0.922
2026-07-31T19:45:05,lefigaro3j_d50_s6_noms_n0_e5000_log,lefigaro3j,50,6,noms,0,_s3,6757,2630,4288,219,0,0,4069,101,28,0.2800,56.55,0.5655,0.1592,0.2278,0.2984,3.796,0.1058,2.154,0.068835,0.054172,0.036144,0.025519,0.022565,0.020534,1,0.2461,0.925
2026-07-31T19:45:07,lefigaro3j_d50_s6_noms_propres_n0_e5000_log,lefigaro3j,50,6,noms_propres,0,_s3,1281,410,717,50,0,0,667,101,22,0.2200,47.89,0.4789,0.1761,0.2560,0.3329,4.266,0.1207,2.120,0.081805,0.052928,0.041400,0.029275,0.026446,0.024101,0,0.2861,0.895
2026-07-31T19:45:08,lefigaro7j_d10_s4_tous_n0_e5000_log,lefigaro7j,10,4,tous,0,_s3,18274,5951,11512,201,0,0,5000,21,7,0.3500,15.23,0.7613,0.3232,0.4943,0.6663,1.648,0.3432,1.440,0.144315,0.102520,0.076317,0.063394,0.057156,0.050643,1,0.5343,0.925
2026-07-31T19:45:10,lefigaro7j_d10_s4_sans_verbes_n0_e5000_log,lefigaro7j,10,4,sans_verbes,0,_s3,16710,5184,10440,191,0,0,5000,21,7,0.3500,15.10,0.7548,0.3271,0.4967,0.6694,1.656,0.3437,1.445,0.145544,0.104707,0.076865,0.062755,0.057269,0.049532,1,0.5362,0.926
2026-07-31T19:45:12,lefigaro7j_d10_s4_noms_n0_e5000_log,lefigaro7j,10,4,noms,0,_s3,14775,4428,9167,173,0,0,5000,21,7,0.3500,15.03,0.7516,0.3277,0.4995,0.6737,1.665,0.3452,1.447,0.146782,0.103601,0.077309,0.062607,0.058659,0.050506,1,0.5420,0.921
2026-07-31T19:45:14,lefigaro7j_d10_s4_noms_propres_n0_e5000_log,lefigaro7j,10,4,noms_propres,0,_s3,2290,617,1426,47,0,0,1379,21,6,0.3000,13.50,0.6748,0.3589,0.5354,0.7106,1.785,0.3604,1.486,0.172920,0.103416,0.082576,0.064586,0.060567,0.051358,0,0.5799,0.923
2026-07-31T19:45:16,lefigaro7j_d10_s6_tous_n0_e5000_log,lefigaro7j,10,6,tous,0,_s3,6157,2542,3678,78,0,0,3600,21,6,0.3000,13.28,0.6641,0.3708,0.5422,0.7014,1.807,0.3563,1.522,0.171537,0.118132,0.081172,0.066569,0.056233,0.048509,0,0.5781,0.938
2026-07-31T19:45:17,lefigaro7j_d10_s6_sans_verbes_n0_e5000_log,lefigaro7j,10,6,sans_verbes,0,_s3,5825,2338,3438,76,0,0,3362,21,6,0.3000,13.32,0.6659,0.3701,0.5419,0.7018,1.806,0.3566,1.519,0.170429,0.118544,0.081156,0.066388,0.056676,0.048707,0,0.5782,0.937
2026-07-31T19:45:19,lefigaro7j_d10_s6_noms_n0_e5000_log,lefigaro7j,10,6,noms,0,_s3,5218,2095,3070,71,0,0,2999,21,6,0.3000,13.40,0.6699,0.3677,0.5401,0.7012,1.800,0.3580,1.509,0.169737,0.116773,0.081155,0.065808,0.057470,0.049144,0,0.5793,0.932
2026-07-31T19:45:20,lefigaro7j_d10_s6_noms_propres_n0_e5000_log,lefigaro7j,10,6,noms_propres,0,_s3,767,339,515,24,0,0,491,21,5,0.2500,11.53,0.5765,0.4041,0.5807,0.7463,1.936,0.3927,1.479,0.207989,0.109124,0.086978,0.064234,0.057923,0.054480,0,0.6241,0.931
2026-07-31T19:45:22,lefigaro7j_d15_s4_tous_n0_e5000_log,lefigaro7j,15,4,tous,0,_s3,18274,5930,11061,289,0,0,5000,31,10,0.3333,21.81,0.7270,0.2604,0.3936,0.5278,1.968,0.2500,1.574,0.114461,0.084644,0.061283,0.050615,0.043513,0.039113,1,0.4351,0.905
2026-07-31T19:45:24,lefigaro7j_d15_s4_sans_verbes_n0_e5000_log,lefigaro7j,15,4,sans_verbes,0,_s3,16710,5164,10021,277,0,0,5000,31,9,0.3000,21.35,0.7116,0.2680,0.4005,0.5329,2.002,0.2482,1.613,0.118310,0.085647,0.064020,0.050078,0.042926,0.039510,1,0.4454,0.899
2026-07-31T19:45:25,lefigaro7j_d15_s4_noms_n0_e5000_log,lefigaro7j,15,4,noms,0,_s3,14775,4410,8800,247,0,0,5000,31,9,0.3000,21.26,0.7085,0.2686,0.4024,0.5353,2.012,0.2468,1.630,0.118469,0.086982,0.063172,0.050519,0.043294,0.039919,0,0.4463,0.902
2026-07-31T19:45:27,lefigaro7j_d15_s4_noms_propres_n0_e5000_log,lefigaro7j,15,4,noms_propres,0,_s3,2290,613,1374,61,0,0,1313,31,8,0.2667,19.44,0.6480,0.2901,0.4315,0.5701,2.157,0.2648,1.629,0.134379,0.085416,0.070296,0.052608,0.047715,0.041080,0,0.4780,0.903
2026-07-31T19:45:29,lefigaro7j_d15_s6_tous_n0_e5000_log,lefigaro7j,15,6,tous,0,_s3,6157,2510,3586,129,0,0,3457,31,8,0.2667,18.78,0.6262,0.3053,0.4409,0.5700,2.205,0.2675,1.649,0.136722,0.099224,0.069395,0.052534,0.044056,0.039003,1,0.4773,0.924
2026-07-31T19:45:30,lefigaro7j_d15_s6_sans_verbes_n0_e5000_log,lefigaro7j,15,6,sans_verbes,0,_s3,5825,2308,3350,125,0,0,3225,31,8,0.2667,18.81,0.6272,0.3050,0.4415,0.5703,2.207,0.2686,1.644,0.135590,0.100138,0.069228,0.052881,0.044697,0.038923,0,0.4761,0.927
2026-07-31T19:45:32,lefigaro7j_d15_s6_noms_n0_e5000_log,lefigaro7j,15,6,noms,0,_s3,5218,2071,2994,111,0,0,2883,31,8,0.2667,18.88,0.6293,0.3034,0.4398,0.5700,2.199,0.2696,1.631,0.136066,0.098247,0.069120,0.052293,0.044170,0.039907,0,0.4756,0.925
2026-07-31T19:45:34,lefigaro7j_d15_s6_noms_propres_n0_e5000_log,lefigaro7j,15,6,noms_propres,0,_s3,767,334,507,33,0,0,474,31,7,0.2333,16.60,0.5532,0.3320,0.4713,0.6157,2.356,0.2993,1.574,0.160348,0.093536,0.078156,0.052514,0.043911,0.042828,0,0.5127,0.919
2026-07-31T19:45:36,lefigaro7j_d25_s4_tous_n0_e5000_log,lefigaro7j,25,4,tous,0,_s3,18274,5842,10388,543,0,0,5000,51,15,0.3000,33.52,0.6703,0.2049,0.3035,0.4033,2.530,0.1642,1.849,0.091208,0.063386,0.050335,0.037053,0.032749,0.028811,1,0.3385,0.897
2026-07-31T19:45:38,lefigaro7j_d25_s4_sans_verbes_n0_e5000_log,lefigaro7j,25,4,sans_verbes,0,_s3,16710,5086,9403,517,0,0,5000,51,15,0.3000,33.45,0.6690,0.2045,0.3062,0.4072,2.551,0.1645,1.861,0.090392,0.063496,0.050597,0.038214,0.033265,0.030211,1,0.3421,0.895
2026-07-31T19:45:40,lefigaro7j_d25_s4_noms_n0_e5000_log,lefigaro7j,25,4,noms,0,_s3,14775,4345,8262,462,0,0,5000,51,15,0.3000,32.65,0.6530,0.2096,0.3112,0.4124,2.594,0.1648,1.889,0.094518,0.063919,0.051124,0.037992,0.033577,0.030116,1,0.3451,0.902
2026-07-31T19:45:41,lefigaro7j_d25_s4_noms_propres_n0_e5000_log,lefigaro7j,25,4,noms_propres,0,_s3,2290,608,1308,89,0,0,1219,51,13,0.2600,30.67,0.6134,0.2184,0.3304,0.4397,2.753,0.1796,1.840,0.098579,0.064629,0.055196,0.041181,0.037173,0.033654,0,0.3767,0.877
2026-07-31T19:45:43,lefigaro7j_d25_s6_tous_n0_e5000_log,lefigaro7j,25,6,tous,0,_s3,6157,2441,3459,241,0,0,3218,51,13,0.2600,28.70,0.5741,0.2392,0.3441,0.4455,2.867,0.1827,1.883,0.108515,0.074547,0.056172,0.038626,0.035106,0.031094,1,0.3757,0.916
2026-07-31T19:45:45,lefigaro7j_d25_s6_sans_verbes_n0_e5000_log,lefigaro7j,25,6,sans_verbes,0,_s3,5825,2242,3231,234,0,0,2997,51,13,0.2600,28.91,0.5781,0.2372,0.3430,0.4456,2.858,0.1839,1.865,0.106811,0.074929,0.055434,0.039186,0.035586,0.031026,1,0.3744,0.916
2026-07-31T19:45:47,lefigaro7j_d25_s6_noms_n0_e5000_log,lefigaro7j,25,6,noms,0,_s3,5218,2012,2896,208,0,0,2688,51,13,0.2600,28.76,0.5752,0.2378,0.3434,0.4469,2.862,0.1833,1.873,0.108075,0.073847,0.055904,0.039510,0.035100,0.030957,0,0.3756,0.914
2026-07-31T19:45:48,lefigaro7j_d25_s6_noms_propres_n0_e5000_log,lefigaro7j,25,6,noms_propres,0,_s3,767,328,496,44,0,0,452,51,11,0.2200,25.51,0.5102,0.2582,0.3719,0.4843,3.099,0.2098,1.772,0.119965,0.073098,0.065151,0.042634,0.038397,0.032672,0,0.4163,0.893
2026-07-31T19:45:50,lefigaro7j_d50_s4_tous_n0_e5000_log,lefigaro7j,50,4,tous,0,_s3,18274,5503,9279,1223,0,0,5000,101,28,0.2800,55.72,0.5572,0.1551,0.2318,0.3016,3.864,0.0955,2.426,0.074760,0.042540,0.037793,0.031589,0.023314,0.021825,1,0.2397,0.967
2026-07-31T19:45:53,lefigaro7j_d50_s4_sans_verbes_n0_e5000_log,lefigaro7j,50,4,sans_verbes,0,_s3,16710,4793,8364,1137,0,0,5000,101,27,0.2700,55.30,0.5530,0.1559,0.2336,0.3045,3.894,0.0965,2.421,0.074998,0.043028,0.037842,0.031723,0.023590,0.022461,1,0.2417,0.967
2026-07-31T19:45:54,lefigaro7j_d50_s4_noms_n0_e5000_log,lefigaro7j,50,4,noms,0,_s3,14775,4095,7340,1023,0,0,5000,101,27,0.2700,55.49,0.5549,0.1558,0.2351,0.3064,3.918,0.0976,2.409,0.072681,0.043030,0.040045,0.032730,0.024027,0.022561,1,0.2430,0.967
2026-07-31T19:45:55,lefigaro7j_d50_s4_noms_propres_n0_e5000_log,lefigaro7j,50,4,noms_propres,0,_s3,2290,592,1140,155,0,0,985,101,22,0.2200,50.71,0.5071,0.1636,0.2503,0.3311,4.172,0.1091,2.294,0.074388,0.046100,0.043081,0.034432,0.027057,0.025283,0,0.2696,0.929
2026-07-31T19:45:57,lefigaro7j_d50_s6_tous_n0_e5000_log,lefigaro7j,50,6,tous,0,_s3,6157,2292,3233,456,0,0,2777,101,24,0.2400,47.61,0.4761,0.1793,0.2595,0.3328,4.324,0.1095,2.370,0.087663,0.049768,0.041912,0.031712,0.025395,0.023000,1,0.2649,0.979
2026-07-31T19:45:59,lefigaro7j_d50_s6_sans_verbes_n0_e5000_log,lefigaro7j,50,6,sans_verbes,0,_s3,5825,2104,3014,438,0,0,2576,101,24,0.2400,48.47,0.4847,0.1769,0.2580,0.3323,4.299,0.1108,2.328,0.084156,0.050632,0.042095,0.032169,0.025512,0.023393,1,0.2638,0.978
2026-07-31T19:46:00,lefigaro7j_d50_s6_noms_n0_e5000_log,lefigaro7j,50,6,noms,0,_s3,5218,1884,2701,398,0,0,2303,101,24,0.2400,47.77,0.4777,0.1787,0.2603,0.3346,4.338,0.1105,2.356,0.085698,0.050100,0.042919,0.032103,0.025608,0.023868,0,0.2670,0.975
2026-07-31T19:46:01,lefigaro7j_d50_s6_noms_propres_n0_e5000_log,lefigaro7j,50,6,noms_propres,0,_s3,767,312,464,75,0,0,389,101,18,0.1800,41.07,0.4107,0.1916,0.2856,0.3723,4.761,0.1398,2.044,0.091831,0.054510,0.045279,0.034111,0.033436,0.026473,0,0.3040,0.940
2026-07-31T19:46:04,lesechos_d10_s4_tous_n5000_e5000_log,lesechos,10,4,tous,5000,_s3,62592,8655,50055,125,4011,0,5000,21,8,0.4000,18.41,0.9204,0.2316,0.4108,0.6134,1.369,0.3535,1.162,0.084831,0.078114,0.068666,0.066314,0.058273,0.054592,2,0.3991,1.029
2026-07-31T19:46:07,lesechos_d10_s4_sans_verbes_n5000_e5000_log,lesechos,10,4,sans_verbes,5000,_s3,58807,7144,46642,110,3834,0,5000,21,8,0.4000,18.54,0.9269,0.2290,0.4054,0.6083,1.351,0.3467,1.169,0.081964,0.076858,0.070133,0.064328,0.058701,0.053429,2,0.3957,1.025
2026-07-31T19:46:10,lesechos_d10_s4_noms_n5000_e5000_log,lesechos,10,4,noms,5000,_s3,52486,5792,41346,96,3507,0,5000,21,8,0.4000,18.37,0.9187,0.2351,0.4130,0.6131,1.377,0.3548,1.164,0.083186,0.079398,0.072493,0.065747,0.058299,0.053845,2,0.3995,1.034
2026-07-31T19:46:12,lesechos_d10_s4_noms_propres_n5000_e5000_log,lesechos,10,4,noms_propres,5000,_s3,8682,621,5995,12,798,0,5000,21,8,0.4000,17.63,0.8814,0.2612,0.4397,0.6358,1.466,0.3597,1.222,0.096441,0.088762,0.076018,0.064664,0.058578,0.055244,1,0.4311,1.020
2026-07-31T19:46:15,lesechos_d10_s6_tous_n5000_e5000_log,lesechos,10,6,tous,5000,_s3,16794,4650,13380,28,1532,0,5000,21,8,0.4000,17.83,0.8913,0.2535,0.4312,0.6310,1.437,0.3667,1.176,0.094361,0.084429,0.074707,0.067295,0.056115,0.054298,2,0.4139,1.042
2026-07-31T19:46:17,lesechos_d10_s6_sans_verbes_n5000_e5000_log,lesechos,10,6,sans_verbes,5000,_s3,16134,4288,12802,24,1479,0,5000,21,8,0.4000,17.67,0.8834,0.2584,0.4371,0.6322,1.457,0.3682,1.187,0.097972,0.085433,0.074954,0.067752,0.056715,0.054258,1,0.4159,1.051
2026-07-31T19:46:20,lesechos_d10_s6_noms_n5000_e5000_log,lesechos,10,6,noms,5000,_s3,14670,3724,11572,21,1358,0,5000,21,8,0.4000,17.65,0.8823,0.2590,0.4393,0.6346,1.464,0.3703,1.186,0.097122,0.086444,0.075463,0.068534,0.056918,0.054856,1,0.4181,1.051
2026-07-31T19:46:22,lesechos_d10_s6_noms_propres_n5000_e5000_log,lesechos,10,6,noms_propres,5000,_s3,2999,485,2012,4,325,0,1683,21,7,0.3500,16.81,0.8403,0.2841,0.4613,0.6565,1.538,0.3753,1.229,0.111421,0.094391,0.078308,0.062744,0.059247,0.055213,1,0.4522,1.020
2026-07-31T19:46:24,lesechos_d15_s4_tous_n5000_e5000_log,lesechos,15,4,tous,5000,_s3,62592,8652,48521,185,3871,0,5000,31,12,0.4000,27.67,0.9222,0.1656,0.2969,0.4453,1.484,0.2442,1.215,0.061578,0.052986,0.051026,0.046893,0.043107,0.041260,2,0.2839,1.046
2026-07-31T19:46:27,lesechos_d15_s4_sans_verbes_n5000_e5000_log,lesechos,15,4,sans_verbes,5000,_s3,58807,7143,45151,167,3694,0,5000,31,12,0.4000,27.80,0.9266,0.1638,0.2941,0.4398,1.470,0.2425,1.213,0.060190,0.054394,0.049215,0.046339,0.042776,0.041137,2,0.2804,1.049
2026-07-31T19:46:30,lesechos_d15_s4_noms_n5000_e5000_log,lesechos,15,4,noms,5000,_s3,52486,5792,39965,141,3375,0,5000,31,12,0.4000,27.70,0.9232,0.1646,0.2964,0.4431,1.482,0.2453,1.208,0.062331,0.052508,0.049799,0.046485,0.043428,0.041827,2,0.2840,1.043
2026-07-31T19:46:32,lesechos_d15_s4_noms_propres_n5000_e5000_log,lesechos,15,4,noms_propres,5000,_s3,8682,621,5747,16,768,0,4963,31,11,0.3667,26.36,0.8787,0.1911,0.3249,0.4711,1.624,0.2536,1.281,0.072973,0.063096,0.055031,0.046855,0.044138,0.042759,1,0.3186,1.020
2026-07-31T19:46:35,lesechos_d15_s6_tous_n5000_e5000_log,lesechos,15,6,tous,5000,_s3,16794,4645,13079,47,1492,0,5000,31,11,0.3667,26.44,0.8815,0.1893,0.3232,0.4696,1.616,0.2598,1.244,0.072222,0.061679,0.055365,0.046341,0.045409,0.042175,1,0.3026,1.068
2026-07-31T19:46:37,lesechos_d15_s6_sans_verbes_n5000_e5000_log,lesechos,15,6,sans_verbes,5000,_s3,16134,4283,12504,43,1439,0,5000,31,12,0.4000,26.56,0.8855,0.1889,0.3200,0.4654,1.600,0.2571,1.245,0.071441,0.062160,0.055331,0.046090,0.043610,0.041369,1,0.3014,1.062
2026-07-31T19:46:40,lesechos_d15_s6_noms_n5000_e5000_log,lesechos,15,6,noms,5000,_s3,14670,3720,11291,38,1320,0,5000,31,11,0.3667,26.19,0.8730,0.1922,0.3291,0.4739,1.646,0.2640,1.246,0.074409,0.062416,0.055399,0.047417,0.046343,0.043143,1,0.3035,1.084
2026-07-31T19:46:42,lesechos_d15_s6_noms_propres_n5000_e5000_log,lesechos,15,6,noms_propres,5000,_s3,2999,484,1943,5,309,0,1629,31,11,0.3667,24.79,0.8263,0.2131,0.3479,0.4964,1.739,0.2724,1.277,0.087324,0.069408,0.056399,0.049328,0.043864,0.041546,1,0.3413,1.019
2026-07-31T19:46:45,lesechos_d25_s4_tous_n5000_e5000_log,lesechos,25,4,tous,5000,_s3,62592,8645,46348,269,3658,0,5000,51,20,0.4000,45.52,0.9104,0.1144,0.2026,0.3017,1.688,0.1573,1.288,0.043402,0.037881,0.033086,0.031803,0.029008,0.027417,2,0.1913,1.059
2026-07-31T19:46:48,lesechos_d25_s4_sans_verbes_n5000_e5000_log,lesechos,25,4,sans_verbes,5000,_s3,58807,7141,43046,241,3488,0,5000,51,20,0.4000,45.40,0.9080,0.1146,0.2038,0.3034,1.699,0.1584,1.287,0.043457,0.038643,0.032501,0.032376,0.028968,0.027904,2,0.1941,1.050
2026-07-31T19:46:51,lesechos_d25_s4_noms_n5000_e5000_log,lesechos,25,4,noms,5000,_s3,52486,5790,38038,204,3186,0,5000,51,20,0.4000,45.33,0.9066,0.1160,0.2048,0.3033,1.707,0.1580,1.296,0.044157,0.038863,0.032941,0.032187,0.028723,0.027938,2,0.1917,1.069
2026-07-31T19:46:53,lesechos_d25_s4_noms_propres_n5000_e5000_log,lesechos,25,4,noms_propres,5000,_s3,8682,621,5383,24,714,0,4645,51,18,0.3600,42.96,0.8592,0.1334,0.2285,0.3295,1.904,0.1671,1.367,0.053618,0.043926,0.035872,0.033147,0.031738,0.030210,1,0.2227,1.026
2026-07-31T19:46:55,lesechos_d25_s6_tous_n5000_e5000_log,lesechos,25,6,tous,5000,_s3,16794,4638,12658,69,1450,0,5000,51,19,0.3800,43.34,0.8667,0.1311,0.2252,0.3262,1.877,0.1684,1.337,0.052421,0.042625,0.036077,0.033868,0.030446,0.029779,1,0.2107,1.069
2026-07-31T19:46:58,lesechos_d25_s6_sans_verbes_n5000_e5000_log,lesechos,25,6,sans_verbes,5000,_s3,16134,4277,12097,64,1398,0,5000,51,19,0.3800,43.23,0.8646,0.1329,0.2259,0.3257,1.882,0.1712,1.319,0.053208,0.043452,0.036266,0.033146,0.030612,0.029172,1,0.2114,1.068
2026-07-31T19:47:00,lesechos_d25_s6_noms_n5000_e5000_log,lesechos,25,6,noms,5000,_s3,14670,3715,10909,58,1281,0,5000,51,19,0.3800,43.21,0.8641,0.1328,0.2270,0.3271,1.891,0.1703,1.333,0.052528,0.043512,0.036754,0.034308,0.030484,0.029389,1,0.2101,1.080
2026-07-31T19:47:02,lesechos_d25_s6_noms_propres_n5000_e5000_log,lesechos,25,6,noms_propres,5000,_s3,2999,484,1843,9,299,0,1535,51,17,0.3400,39.86,0.7973,0.1529,0.2488,0.3545,2.074,0.1823,1.365,0.066490,0.048655,0.037788,0.035398,0.031626,0.028889,1,0.2441,1.019
2026-07-31T19:47:05,lesechos_d50_s4_tous_n5000_e5000_log,lesechos,50,4,tous,5000,_s3,62592,8637,42805,453,3348,0,5000,101,38,0.3800,88.77,0.8877,0.0726,0.1260,0.1831,2.101,0.0863,1.461,0.027773,0.023377,0.021430,0.019776,0.017259,0.016427,2,0.1150,1.096
2026-07-31T19:47:08,lesechos_d50_s4_sans_verbes_n5000_e5000_log,lesechos,50,4,sans_verbes,5000,_s3,58807,7136,39588,412,3184,0,5000,101,38,0.3800,88.23,0.8823,0.0736,0.1280,0.1859,2.133,0.0864,1.481,0.027455,0.024529,0.021643,0.020299,0.017535,0.016493,2,0.1165,1.098
2026-07-31T19:47:11,lesechos_d50_s4_noms_n5000_e5000_log,lesechos,50,4,noms,5000,_s3,52486,5789,34845,355,2906,0,5000,101,38,0.3800,87.94,0.8794,0.0752,0.1286,0.1863,2.144,0.0856,1.502,0.029268,0.024316,0.021665,0.019987,0.017402,0.015976,2,0.1183,1.087
2026-07-31T19:47:14,lesechos_d50_s4_noms_propres_n5000_e5000_log,lesechos,50,4,noms_propres,5000,_s3,8682,621,4789,46,639,0,4104,101,36,0.3600,82.95,0.8295,0.0849,0.1444,0.2073,2.406,0.0940,1.536,0.034755,0.029155,0.020989,0.020298,0.019909,0.019268,1,0.1396,1.035
2026-07-31T19:47:16,lesechos_d50_s6_tous_n5000_e5000_log,lesechos,50,6,tous,5000,_s3,16794,4628,12008,118,1370,0,5000,101,37,0.3700,84.58,0.8458,0.0827,0.1399,0.2004,2.332,0.0925,1.512,0.033959,0.027082,0.021688,0.020350,0.018894,0.017928,2,0.1307,1.070
2026-07-31T19:47:19,lesechos_d50_s6_sans_verbes_n5000_e5000_log,lesechos,50,6,sans_verbes,5000,_s3,16134,4268,11454,112,1318,0,5000,101,37,0.3700,83.61,0.8361,0.0858,0.1435,0.2035,2.391,0.0920,1.559,0.035234,0.028787,0.021825,0.020802,0.019024,0.017792,2,0.1329,1.079
2026-07-31T19:47:21,lesechos_d50_s6_noms_n5000_e5000_log,lesechos,50,6,noms,5000,_s3,14670,3707,10304,103,1207,0,5000,101,36,0.3600,83.68,0.8368,0.0854,0.1436,0.2039,2.393,0.0929,1.544,0.034548,0.028793,0.022013,0.020813,0.019277,0.018110,2,0.1339,1.072
2026-07-31T19:47:23,lesechos_d50_s6_noms_propres_n5000_e5000_log,lesechos,50,6,noms_propres,5000,_s3,2999,483,1692,15,275,0,1402,101,32,0.3200,74.98,0.7498,0.1009,0.1630,0.2313,2.716,0.1081,1.507,0.043370,0.034419,0.023148,0.022532,0.020885,0.018630,1,0.1593,1.023
2026-07-31T19:47:25,lesechos3j_d10_s4_tous_n0_e5000_log,lesechos3j,10,4,tous,0,_s3,23167,6500,17779,150,0,0,5000,21,8,0.4000,17.96,0.8979,0.2488,0.4098,0.6037,1.366,0.3311,1.238,0.100228,0.086673,0.061898,0.055823,0.052913,0.052280,1,0.4202,0.975
2026-07-31T19:47:27,lesechos3j_d10_s4_sans_verbes_n0_e5000_log,lesechos3j,10,4,sans_verbes,0,_s3,21705,5677,16521,136,0,0,5000,21,8,0.4000,17.99,0.8994,0.2483,0.4113,0.6040,1.371,0.3312,1.242,0.098179,0.087723,0.062374,0.056967,0.053593,0.052443,1,0.4219,0.975
2026-07-31T19:47:29,lesechos3j_d10_s4_noms_n0_e5000_log,lesechos3j,10,4,noms,0,_s3,19195,4784,14551,117,0,0,5000,21,8,0.4000,17.77,0.8885,0.2541,0.4187,0.6077,1.396,0.3312,1.264,0.104150,0.087309,0.062628,0.057912,0.054564,0.052156,1,0.4266,0.982
2026-07-31T19:47:30,lesechos3j_d10_s4_noms_propres_n0_e5000_log,lesechos3j,10,4,noms_propres,0,_s3,2961,587,2128,18,0,0,2110,21,8,0.4000,17.07,0.8537,0.2757,0.4438,0.6254,1.479,0.3400,1.305,0.114264,0.094687,0.066700,0.058781,0.055544,0.053833,0,0.4627,0.959
2026-07-31T19:47:32,lesechos3j_d10_s6_tous_n0_e5000_log,lesechos3j,10,6,tous,0,_s3,5834,2696,4595,36,0,0,4559,21,8,0.4000,16.38,0.8190,0.2946,0.4520,0.6330,1.507,0.3420,1.322,0.125213,0.103910,0.065474,0.056555,0.051693,0.049150,1,0.4575,0.988
2026-07-31T19:47:33,lesechos3j_d10_s6_sans_verbes_n0_e5000_log,lesechos3j,10,6,sans_verbes,0,_s3,5583,2547,4400,32,0,0,4368,21,7,0.3500,16.33,0.8164,0.2962,0.4530,0.6330,1.510,0.3429,1.321,0.125888,0.104419,0.065935,0.057151,0.051265,0.048386,1,0.4577,0.990
2026-07-31T19:47:35,lesechos3j_d10_s6_noms_n0_e5000_log,lesechos3j,10,6,noms,0,_s3,4969,2244,3911,29,0,0,3882,21,7,0.3500,16.29,0.8146,0.2963,0.4543,0.6346,1.514,0.3423,1.327,0.126993,0.103837,0.065512,0.057213,0.051655,0.049043,1,0.4615,0.984
2026-07-31T19:47:36,lesechos3j_d10_s6_noms_propres_n0_e5000_log,lesechos3j,10,6,noms_propres,0,_s3,806,347,643,9,0,0,634,21,7,0.3500,14.79,0.7395,0.3389,0.4977,0.6695,1.659,0.3720,1.338,0.143474,0.118371,0.077040,0.057506,0.052929,0.048382,0,0.4980,0.999
2026-07-31T19:47:38,lesechos3j_d15_s4_tous_n0_e5000_log,lesechos3j,15,4,tous,0,_s3,23167,6498,17371,191,0,0,5000,31,12,0.4000,26.91,0.8970,0.1855,0.3007,0.4390,1.504,0.2332,1.289,0.073601,0.066426,0.045523,0.039929,0.038681,0.036564,1,0.3142,0.957
2026-07-31T19:47:40,lesechos3j_d15_s4_sans_verbes_n0_e5000_log,lesechos3j,15,4,sans_verbes,0,_s3,21705,5675,16126,176,0,0,5000,31,12,0.4000,26.51,0.8835,0.1921,0.3070,0.4445,1.535,0.2354,1.304,0.076622,0.070319,0.045179,0.040746,0.038208,0.035946,1,0.3203,0.958
2026-07-31T19:47:42,lesechos3j_d15_s4_noms_n0_e5000_log,lesechos3j,15,4,noms,0,_s3,19195,4783,14190,155,0,0,5000,31,12,0.4000,26.68,0.8894,0.1902,0.3061,0.4431,1.530,0.2329,1.314,0.074777,0.068563,0.046832,0.040239,0.038093,0.037547,1,0.3211,0.953
2026-07-31T19:47:43,lesechos3j_d15_s4_noms_propres_n0_e5000_log,lesechos3j,15,4,noms_propres,0,_s3,2961,587,2064,22,0,0,2042,31,11,0.3667,25.20,0.8398,0.2120,0.3370,0.4756,1.685,0.2446,1.377,0.084976,0.076762,0.050218,0.045161,0.040274,0.039579,0,0.3587,0.940
2026-07-31T19:47:45,lesechos3j_d15_s6_tous_n0_e5000_log,lesechos3j,15,6,tous,0,_s3,5834,2693,4533,51,0,0,4482,31,11,0.3667,24.09,0.8031,0.2290,0.3472,0.4790,1.736,0.2438,1.424,0.096937,0.082925,0.049170,0.041321,0.040173,0.036625,1,0.3586,0.968
2026-07-31T19:47:46,lesechos3j_d15_s6_sans_verbes_n0_e5000_log,lesechos3j,15,6,sans_verbes,0,_s3,5583,2544,4340,47,0,0,4293,31,11,0.3667,24.01,0.8005,0.2300,0.3489,0.4798,1.744,0.2444,1.427,0.097309,0.083680,0.049020,0.041552,0.040415,0.036880,1,0.3597,0.970
2026-07-31T19:47:48,lesechos3j_d15_s6_noms_n0_e5000_log,lesechos3j,15,6,noms,0,_s3,4969,2242,3855,43,0,0,3812,31,11,0.3667,23.93,0.7976,0.2312,0.3497,0.4814,1.748,0.2448,1.428,0.098044,0.083922,0.049200,0.041219,0.040040,0.037242,1,0.3626,0.964
2026-07-31T19:47:49,lesechos3j_d15_s6_noms_propres_n0_e5000_log,lesechos3j,15,6,noms_propres,0,_s3,806,347,632,10,0,0,622,31,10,0.3333,21.68,0.7228,0.2612,0.3866,0.5265,1.933,0.2713,1.425,0.109302,0.096205,0.055742,0.046383,0.041226,0.037706,0,0.3924,0.985
2026-07-31T19:47:51,lesechos3j_d25_s4_tous_n0_e5000_log,lesechos3j,25,4,tous,0,_s3,23167,6486,16721,287,0,0,5000,51,20,0.4000,43.94,0.8789,0.1338,0.2132,0.3043,1.777,0.1504,1.417,0.053707,0.048809,0.031243,0.027920,0.026891,0.024624,1,0.2282,0.934
2026-07-31T19:47:53,lesechos3j_d25_s4_sans_verbes_n0_e5000_log,lesechos3j,25,4,sans_verbes,0,_s3,21705,5668,15495,266,0,0,5000,51,20,0.4000,43.40,0.8681,0.1379,0.2177,0.3081,1.814,0.1516,1.436,0.057205,0.049063,0.031593,0.028625,0.026535,0.024649,1,0.2294,0.949
2026-07-31T19:47:55,lesechos3j_d25_s4_noms_n0_e5000_log,lesechos3j,25,4,noms,0,_s3,19195,4777,13616,234,0,0,5000,51,20,0.4000,43.61,0.8723,0.1367,0.2157,0.3075,1.797,0.1503,1.435,0.056197,0.048562,0.031931,0.028437,0.026103,0.024425,1,0.2307,0.935
2026-07-31T19:47:56,lesechos3j_d25_s4_noms_propres_n0_e5000_log,lesechos3j,25,4,noms_propres,0,_s3,2961,587,1967,31,0,0,1936,51,18,0.3600,40.41,0.8081,0.1569,0.2437,0.3429,2.031,0.1631,1.494,0.062583,0.058300,0.036040,0.030548,0.029288,0.026958,1,0.2624,0.929
2026-07-31T19:47:58,lesechos3j_d25_s6_tous_n0_e5000_log,lesechos3j,25,6,tous,0,_s3,5834,2683,4450,70,0,0,4380,51,18,0.3600,39.07,0.7814,0.1684,0.2515,0.3419,2.096,0.1603,1.569,0.071802,0.061758,0.034839,0.030042,0.027951,0.025078,1,0.2643,0.952
2026-07-31T19:48:00,lesechos3j_d25_s6_sans_verbes_n0_e5000_log,lesechos3j,25,6,sans_verbes,0,_s3,5583,2535,4258,65,0,0,4193,51,18,0.3600,38.90,0.7780,0.1695,0.2530,0.3436,2.109,0.1603,1.578,0.072127,0.062413,0.034923,0.030210,0.027989,0.025359,1,0.2656,0.953
2026-07-31T19:48:01,lesechos3j_d25_s6_noms_n0_e5000_log,lesechos3j,25,6,noms,0,_s3,4969,2233,3781,61,0,0,3720,51,18,0.3600,38.77,0.7755,0.1702,0.2542,0.3455,2.118,0.1618,1.570,0.071997,0.062896,0.035339,0.030440,0.027918,0.025564,1,0.2687,0.946
2026-07-31T19:48:03,lesechos3j_d25_s6_noms_propres_n0_e5000_log,lesechos3j,25,6,noms_propres,0,_s3,806,347,612,11,0,0,601,51,15,0.3000,33.85,0.6769,0.1988,0.2924,0.3954,2.436,0.1906,1.534,0.080066,0.076864,0.041849,0.033115,0.030342,0.030125,0,0.2938,0.995
2026-07-31T19:48:05,lesechos3j_d50_s4_tous_n0_e5000_log,lesechos3j,50,4,tous,0,_s3,23167,6453,15430,548,0,0,5000,101,39,0.3900,85.29,0.8529,0.0874,0.1351,0.1902,2.251,0.0824,1.638,0.037159,0.030168,0.020029,0.017960,0.015071,0.014685,1,0.1426,0.947
2026-07-31T19:48:07,lesechos3j_d50_s4_sans_verbes_n0_e5000_log,lesechos3j,50,4,sans_verbes,0,_s3,21705,5636,14255,509,0,0,5000,101,39,0.3900,83.90,0.8390,0.0907,0.1396,0.1949,2.326,0.0840,1.662,0.039690,0.030499,0.020495,0.017872,0.015685,0.015314,1,0.1472,0.948
2026-07-31T19:48:09,lesechos3j_d50_s4_noms_n0_e5000_log,lesechos3j,50,4,noms,0,_s3,19195,4752,12503,446,0,0,5000,101,39,0.3900,84.31,0.8431,0.0902,0.1386,0.1931,2.310,0.0844,1.641,0.038048,0.031749,0.020429,0.017863,0.015423,0.015079,1,0.1463,0.947
2026-07-31T19:48:11,lesechos3j_d50_s4_noms_propres_n0_e5000_log,lesechos3j,50,4,noms_propres,0,_s3,2961,586,1809,50,0,0,1759,101,34,0.3400,75.44,0.7544,0.1067,0.1620,0.2240,2.700,0.0946,1.712,0.044510,0.040030,0.022206,0.020248,0.018061,0.016922,1,0.1703,0.951
2026-07-31T19:48:13,lesechos3j_d50_s6_tous_n0_e5000_log,lesechos3j,50,6,tous,0,_s3,5834,2647,4254,169,0,0,4085,101,36,0.3600,74.85,0.7485,0.1136,0.1649,0.2218,2.748,0.0919,1.794,0.049655,0.040762,0.023231,0.018809,0.016466,0.015966,1,0.1729,0.954
2026-07-31T19:48:15,lesechos3j_d50_s6_sans_verbes_n0_e5000_log,lesechos3j,50,6,sans_verbes,0,_s3,5583,2502,4065,158,0,0,3907,101,36,0.3600,74.42,0.7442,0.1147,0.1662,0.2231,2.770,0.0919,1.809,0.049937,0.041282,0.023530,0.018926,0.016506,0.015990,1,0.1746,0.952
2026-07-31T19:48:16,lesechos3j_d50_s6_noms_n0_e5000_log,lesechos3j,50,6,noms,0,_s3,4969,2206,3608,141,0,0,3467,101,35,0.3500,73.65,0.7365,0.1163,0.1684,0.2257,2.807,0.0926,1.819,0.050330,0.042165,0.023812,0.019230,0.016749,0.016114,1,0.1771,0.951
2026-07-31T19:48:18,lesechos3j_d50_s6_noms_propres_n0_e5000_log,lesechos3j,50,6,noms_propres,0,_s3,806,346,585,17,0,0,568,101,27,0.2700,60.02,0.6002,0.1400,0.2012,0.2725,3.353,0.1169,1.721,0.057886,0.054865,0.027281,0.021938,0.019769,0.019450,0,0.2037,0.988
2026-07-31T19:48:19,lesechos7j_d10_s4_tous_n0_e5000_log,lesechos7j,10,4,tous,0,_s3,12297,4584,8821,188,0,0,5000,21,7,0.3500,16.51,0.8254,0.2916,0.4554,0.6353,1.518,0.3377,1.349,0.123208,0.098968,0.069443,0.058791,0.055450,0.049518,1,0.4756,0.958
2026-07-31T19:48:21,lesechos7j_d10_s4_sans_verbes_n0_e5000_log,lesechos7j,10,4,sans_verbes,0,_s3,11594,4155,8257,175,0,0,5000,21,7,0.3500,16.47,0.8233,0.2927,0.4561,0.6368,1.520,0.3390,1.345,0.123540,0.100329,0.068784,0.058494,0.054820,0.050145,1,0.4805,0.949
2026-07-31T19:48:22,lesechos7j_d10_s4_noms_n0_e5000_log,lesechos7j,10,4,noms,0,_s3,10215,3568,7256,156,0,0,5000,21,7,0.3500,16.36,0.8181,0.2947,0.4575,0.6394,1.525,0.3388,1.350,0.125676,0.100538,0.068520,0.058281,0.054550,0.049905,0,0.4825,0.948
2026-07-31T19:48:23,lesechos7j_d10_s4_noms_propres_n0_e5000_log,lesechos7j,10,4,noms_propres,0,_s3,1690,493,1158,22,0,0,1136,21,7,0.3500,15.67,0.7835,0.3100,0.4797,0.6597,1.599,0.3584,1.338,0.135958,0.103722,0.070304,0.060740,0.057467,0.051469,0,0.4989,0.961
2026-07-31T19:48:25,lesechos7j_d10_s6_tous_n0_e5000_log,lesechos7j,10,6,tous,0,_s3,3321,1742,2451,55,0,0,2396,21,6,0.3000,14.01,0.7003,0.3515,0.5130,0.6798,1.710,0.3573,1.436,0.161877,0.117095,0.072498,0.058361,0.055776,0.047347,0,0.5306,0.967
2026-07-31T19:48:26,lesechos7j_d10_s6_sans_verbes_n0_e5000_log,lesechos7j,10,6,sans_verbes,0,_s3,3170,1654,2342,52,0,0,2290,21,6,0.3000,14.01,0.7007,0.3512,0.5134,0.6800,1.711,0.3551,1.446,0.161767,0.116829,0.072616,0.058510,0.056255,0.047453,0,0.5314,0.966
2026-07-31T19:48:28,lesechos7j_d10_s6_noms_n0_e5000_log,lesechos7j,10,6,noms,0,_s3,2807,1466,2080,47,0,0,2033,21,6,0.3000,14.00,0.7000,0.3521,0.5152,0.6830,1.717,0.3566,1.445,0.161548,0.116654,0.073925,0.059210,0.055623,0.048272,0,0.5339,0.965
2026-07-31T19:48:29,lesechos7j_d10_s6_noms_propres_n0_e5000_log,lesechos7j,10,6,noms_propres,0,_s3,470,243,368,10,0,0,358,21,6,0.3000,13.16,0.6579,0.3732,0.5481,0.7166,1.827,0.4022,1.363,0.171126,0.118887,0.083214,0.064656,0.056857,0.053408,0,0.5517,0.994
2026-07-31T19:48:31,lesechos7j_d15_s4_tous_n0_e5000_log,lesechos7j,15,4,tous,0,_s3,12297,4566,8567,271,0,0,5000,31,11,0.3667,24.43,0.8142,0.2242,0.3483,0.4823,1.742,0.2436,1.430,0.093934,0.077822,0.052431,0.044200,0.042850,0.037111,1,0.3717,0.937
2026-07-31T19:48:32,lesechos7j_d15_s4_sans_verbes_n0_e5000_log,lesechos7j,15,4,sans_verbes,0,_s3,11594,4139,8009,253,0,0,5000,31,11,0.3667,24.45,0.8150,0.2242,0.3484,0.4849,1.742,0.2445,1.425,0.092543,0.078798,0.052871,0.043872,0.042716,0.037633,1,0.3751,0.929
2026-07-31T19:48:34,lesechos7j_d15_s4_noms_n0_e5000_log,lesechos7j,15,4,noms,0,_s3,10215,3554,7033,227,0,0,5000,31,11,0.3667,24.03,0.8009,0.2311,0.3552,0.4884,1.776,0.2442,1.454,0.095915,0.080973,0.054219,0.043993,0.042761,0.037366,1,0.3792,0.937
2026-07-31T19:48:35,lesechos7j_d15_s4_noms_propres_n0_e5000_log,lesechos7j,15,4,noms_propres,0,_s3,1690,493,1117,36,0,0,1081,31,10,0.3333,22.77,0.7590,0.2447,0.3768,0.5172,1.884,0.2591,1.454,0.104554,0.083909,0.056211,0.048664,0.043863,0.039626,0,0.3926,0.960
2026-07-31T19:48:37,lesechos7j_d15_s6_tous_n0_e5000_log,lesechos7j,15,6,tous,0,_s3,3321,1727,2416,79,0,0,2337,31,9,0.3000,20.41,0.6805,0.2798,0.4070,0.5366,2.035,0.2626,1.550,0.124517,0.097875,0.057456,0.045244,0.044106,0.037762,0,0.4261,0.955
2026-07-31T19:48:38,lesechos7j_d15_s6_sans_verbes_n0_e5000_log,lesechos7j,15,6,sans_verbes,0,_s3,3170,1639,2310,76,0,0,2234,31,9,0.3000,20.39,0.6796,0.2802,0.4076,0.5376,2.038,0.2630,1.550,0.124589,0.098029,0.057600,0.045413,0.044181,0.037773,0,0.4274,0.954
2026-07-31T19:48:39,lesechos7j_d15_s6_noms_n0_e5000_log,lesechos7j,15,6,noms,0,_s3,2807,1452,2050,69,0,0,1981,31,9,0.3000,20.27,0.6757,0.2815,0.4108,0.5402,2.054,0.2638,1.557,0.125480,0.097944,0.058037,0.046565,0.044343,0.038417,0,0.4313,0.952
2026-07-31T19:48:41,lesechos7j_d15_s6_noms_propres_n0_e5000_log,lesechos7j,15,6,noms_propres,0,_s3,470,240,364,16,0,0,348,31,8,0.2667,18.87,0.6291,0.2952,0.4381,0.5811,2.190,0.3050,1.436,0.135199,0.097562,0.062410,0.051516,0.048845,0.042555,0,0.4402,0.995
2026-07-31T19:48:42,lesechos7j_d25_s4_tous_n0_e5000_log,lesechos7j,25,4,tous,0,_s3,12297,4508,8099,424,0,0,5000,51,18,0.3600,39.31,0.7862,0.1668,0.2515,0.3465,2.096,0.1597,1.575,0.071865,0.057660,0.037301,0.030093,0.028330,0.026251,1,0.2731,0.921
2026-07-31T19:48:44,lesechos7j_d25_s4_sans_verbes_n0_e5000_log,lesechos7j,25,4,sans_verbes,0,_s3,11594,4085,7555,397,0,0,5000,51,18,0.3600,38.68,0.7735,0.1710,0.2572,0.3526,2.143,0.1592,1.615,0.074170,0.058474,0.038313,0.030645,0.029012,0.026552,1,0.2788,0.922
2026-07-31T19:48:45,lesechos7j_d25_s4_noms_n0_e5000_log,lesechos7j,25,4,noms,0,_s3,10215,3508,6622,355,0,0,5000,51,18,0.3600,38.67,0.7733,0.1711,0.2580,0.3544,2.150,0.1605,1.607,0.071944,0.060702,0.038433,0.031065,0.029773,0.026047,1,0.2799,0.922
2026-07-31T19:48:47,lesechos7j_d25_s4_noms_propres_n0_e5000_log,lesechos7j,25,4,noms_propres,0,_s3,1690,490,1059,45,0,0,1014,51,16,0.3200,34.94,0.6987,0.1895,0.2848,0.3863,2.374,0.1796,1.586,0.085668,0.064559,0.039293,0.033962,0.031191,0.030155,0,0.2942,0.968
2026-07-31T19:48:48,lesechos7j_d25_s6_tous_n0_e5000_log,lesechos7j,25,6,tous,0,_s3,3321,1700,2338,135,0,0,2203,51,15,0.3000,32.13,0.6426,0.2157,0.3044,0.4010,2.537,0.1787,1.703,0.095392,0.076600,0.043690,0.030887,0.030243,0.027607,0,0.3241,0.939
2026-07-31T19:48:49,lesechos7j_d25_s6_sans_verbes_n0_e5000_log,lesechos7j,25,6,sans_verbes,0,_s3,3170,1612,2236,132,0,0,2104,51,15,0.3000,32.05,0.6410,0.2162,0.3056,0.4024,2.546,0.1784,1.713,0.095221,0.077060,0.043937,0.030974,0.030578,0.027794,0,0.3250,0.940
2026-07-31T19:48:50,lesechos7j_d25_s6_noms_n0_e5000_log,lesechos7j,25,6,noms,0,_s3,2807,1429,1984,119,0,0,1865,51,15,0.3000,31.77,0.6354,0.2177,0.3082,0.4051,2.568,0.1790,1.722,0.096156,0.077370,0.044184,0.031754,0.031107,0.027592,0,0.3293,0.936
2026-07-31T19:48:52,lesechos7j_d25_s6_noms_propres_n0_e5000_log,lesechos7j,25,6,noms_propres,0,_s3,470,240,356,18,0,0,338,51,13,0.2600,28.86,0.5771,0.2299,0.3318,0.4417,2.765,0.2158,1.537,0.103827,0.079510,0.046525,0.034925,0.034619,0.032383,0,0.3480,0.953
2026-07-31T19:48:53,lesechos7j_d50_s4_tous_n0_e5000_log,lesechos7j,50,4,tous,0,_s3,12297,4394,7427,659,0,0,5000,101,35,0.3500,70.82,0.7082,0.1219,0.1772,0.2366,2.953,0.0900,1.968,0.056947,0.039633,0.025336,0.021246,0.017677,0.016351,1,0.1852,0.957
2026-07-31T19:48:55,lesechos7j_d50_s4_sans_verbes_n0_e5000_log,lesechos7j,50,4,sans_verbes,0,_s3,11594,3980,6896,620,0,0,5000,101,35,0.3500,70.83,0.7083,0.1221,0.1781,0.2385,2.968,0.0902,1.974,0.055670,0.040862,0.025523,0.021081,0.018164,0.016790,1,0.1869,0.953
2026-07-31T19:48:57,lesechos7j_d50_s4_noms_n0_e5000_log,lesechos7j,50,4,noms,0,_s3,10215,3416,6034,558,0,0,5000,101,34,0.3400,70.17,0.7017,0.1235,0.1801,0.2405,3.002,0.0902,1.997,0.056359,0.041473,0.025618,0.021853,0.018012,0.016834,1,0.1883,0.957
2026-07-31T19:48:58,lesechos7j_d50_s4_noms_propres_n0_e5000_log,lesechos7j,50,4,noms_propres,0,_s3,1690,484,960,69,0,0,891,101,28,0.2800,57.97,0.5797,0.1480,0.2074,0.2742,3.457,0.1059,1.959,0.071294,0.050011,0.026673,0.020758,0.020359,0.018316,0,0.2147,0.966
2026-07-31T19:48:59,lesechos7j_d50_s6_tous_n0_e5000_log,lesechos7j,50,6,tous,0,_s3,3321,1660,2243,197,0,0,2046,101,30,0.3000,58.01,0.5801,0.1540,0.2156,0.2787,3.593,0.1068,2.020,0.070718,0.052499,0.030824,0.023932,0.020082,0.017545,0,0.2229,0.967
2026-07-31T19:49:01,lesechos7j_d50_s6_sans_verbes_n0_e5000_log,lesechos7j,50,6,sans_verbes,0,_s3,3170,1572,2142,194,0,0,1948,101,29,0.2900,57.60,0.5760,0.1550,0.2171,0.2806,3.618,0.1061,2.046,0.070698,0.053443,0.030908,0.024000,0.020348,0.017674,0,0.2256,0.962
2026-07-31T19:49:02,lesechos7j_d50_s6_noms_n0_e5000_log,lesechos7j,50,6,noms,0,_s3,2807,1392,1907,177,0,0,1730,101,29,0.2900,56.71,0.5671,0.1567,0.2192,0.2840,3.654,0.1078,2.033,0.071877,0.054256,0.030608,0.023883,0.020634,0.017956,0,0.2284,0.960
2026-07-31T19:49:03,lesechos7j_d50_s6_noms_propres_n0_e5000_log,lesechos7j,50,6,noms_propres,0,_s3,470,234,339,28,0,0,311,101,21,0.2100,46.72,0.4672,0.1750,0.2464,0.3259,4.106,0.1394,1.768,0.076782,0.065617,0.032606,0.024843,0.023456,0.023087,0,0.2549,0.966
2026-07-31T19:49:05,mediapart_d10_s4_tous_n2000_e5000_log,mediapart,10,4,tous,2000,_s3,31232,7348,27443,79,1294,0,5000,21,9,0.4500,19.20,0.9601,0.2102,0.3766,0.5771,1.255,0.3385,1.113,0.075009,0.072406,0.062810,0.058057,0.054789,0.053538,1,0.3533,1.066
2026-07-31T19:49:07,mediapart_d10_s4_sans_verbes_n2000_e5000_log,mediapart,10,4,sans_verbes,2000,_s3,29154,6208,25448,70,1228,0,5000,21,9,0.4500,19.20,0.9599,0.2104,0.3776,0.5782,1.259,0.3395,1.112,0.074783,0.072925,0.062682,0.057513,0.055877,0.053846,1,0.3539,1.067
2026-07-31T19:49:09,mediapart_d10_s4_noms_n2000_e5000_log,mediapart,10,4,noms,2000,_s3,26160,5147,22709,64,1119,0,5000,21,9,0.4500,19.23,0.9613,0.2087,0.3767,0.5763,1.256,0.3360,1.121,0.074850,0.071162,0.062717,0.057661,0.055444,0.054846,1,0.3539,1.064
2026-07-31T19:49:11,mediapart_d10_s4_noms_propres_n2000_e5000_log,mediapart,10,4,noms_propres,2000,_s3,3039,503,2611,10,157,0,2444,21,8,0.4000,18.53,0.9266,0.2338,0.4051,0.6005,1.350,0.3679,1.101,0.087180,0.082114,0.064539,0.061742,0.055054,0.054475,1,0.3662,1.106
2026-07-31T19:49:13,mediapart_d10_s6_tous_n2000_e5000_log,mediapart,10,6,tous,2000,_s3,9225,2661,7595,24,383,0,5000,21,9,0.4500,19.10,0.9550,0.2149,0.3804,0.5793,1.268,0.3421,1.112,0.078623,0.073669,0.062635,0.055946,0.054872,0.054653,1,0.3522,1.080
2026-07-31T19:49:14,mediapart_d10_s6_sans_verbes_n2000_e5000_log,mediapart,10,6,sans_verbes,2000,_s3,8967,2479,7345,23,370,0,5000,21,9,0.4500,19.09,0.9544,0.2155,0.3801,0.5792,1.267,0.3447,1.103,0.078179,0.075292,0.062041,0.056036,0.054687,0.053858,1,0.3551,1.070
2026-07-31T19:49:16,mediapart_d10_s6_noms_n2000_e5000_log,mediapart,10,6,noms,2000,_s3,8229,2194,6695,21,349,0,5000,21,9,0.4500,19.08,0.9542,0.2154,0.3815,0.5812,1.272,0.3418,1.116,0.077816,0.074816,0.062799,0.057029,0.055624,0.053444,1,0.3553,1.074
2026-07-31T19:49:18,mediapart_d10_s6_noms_propres_n2000_e5000_log,mediapart,10,6,noms_propres,2000,_s3,918,210,794,4,48,0,742,21,8,0.4000,17.84,0.8920,0.2528,0.4268,0.6227,1.423,0.3936,1.084,0.098922,0.086795,0.067079,0.063200,0.057555,0.053285,1,0.3869,1.103
2026-07-31T19:49:20,mediapart_d15_s4_tous_n2000_e5000_log,mediapart,15,4,tous,2000,_s3,31232,7336,26599,130,1261,0,5000,31,13,0.4333,28.58,0.9525,0.1506,0.2733,0.4189,1.367,0.2463,1.110,0.054084,0.051734,0.044762,0.043923,0.039841,0.038967,1,0.2513,1.088
2026-07-31T19:49:22,mediapart_d15_s4_sans_verbes_n2000_e5000_log,mediapart,15,4,sans_verbes,2000,_s3,29154,6200,24621,115,1197,0,5000,31,13,0.4333,28.63,0.9544,0.1517,0.2730,0.4154,1.365,0.2489,1.097,0.054846,0.051540,0.045304,0.042983,0.039230,0.039116,1,0.2475,1.103
2026-07-31T19:49:24,mediapart_d15_s4_noms_n2000_e5000_log,mediapart,15,4,noms,2000,_s3,26160,5140,21934,102,1088,0,5000,31,13,0.4333,28.74,0.9580,0.1469,0.2701,0.4146,1.351,0.2451,1.102,0.052317,0.049821,0.044739,0.043886,0.040748,0.038612,1,0.2472,1.093
2026-07-31T19:49:26,mediapart_d15_s4_noms_propres_n2000_e5000_log,mediapart,15,4,noms_propres,2000,_s3,3039,502,2515,13,155,0,2347,31,12,0.4000,27.35,0.9115,0.1755,0.3031,0.4477,1.516,0.2782,1.089,0.066624,0.059824,0.049006,0.045700,0.042188,0.039781,1,0.2597,1.167
2026-07-31T19:49:28,mediapart_d15_s6_tous_n2000_e5000_log,mediapart,15,6,tous,2000,_s3,9225,2661,7303,30,376,0,5000,31,13,0.4333,28.48,0.9494,0.1552,0.2747,0.4199,1.373,0.2516,1.091,0.055290,0.054288,0.045617,0.042359,0.038889,0.038216,1,0.2491,1.103
2026-07-31T19:49:30,mediapart_d15_s6_sans_verbes_n2000_e5000_log,mediapart,15,6,sans_verbes,2000,_s3,8967,2479,7054,29,363,0,5000,31,13,0.4333,28.49,0.9496,0.1544,0.2755,0.4210,1.378,0.2516,1.095,0.055817,0.052611,0.045954,0.042211,0.040191,0.038763,1,0.2474,1.114
2026-07-31T19:49:31,mediapart_d15_s6_noms_n2000_e5000_log,mediapart,15,6,noms,2000,_s3,8229,2194,6419,27,342,0,5000,31,13,0.4333,28.42,0.9474,0.1553,0.2768,0.4233,1.384,0.2529,1.094,0.056355,0.053650,0.045329,0.042823,0.039864,0.038741,1,0.2507,1.104
2026-07-31T19:49:33,mediapart_d15_s6_noms_propres_n2000_e5000_log,mediapart,15,6,noms_propres,2000,_s3,918,210,772,5,49,0,718,31,11,0.3667,25.96,0.8654,0.1926,0.3260,0.4763,1.630,0.3037,1.073,0.076411,0.064889,0.051304,0.048088,0.045857,0.039404,1,0.2829,1.152
2026-07-31T19:49:36,mediapart_d25_s4_tous_n2000_e5000_log,mediapart,25,4,tous,2000,_s3,31232,7311,25424,223,1204,0,5000,51,21,0.4200,46.95,0.9391,0.1059,0.1873,0.2808,1.561,0.1699,1.102,0.037582,0.034694,0.033588,0.028957,0.026782,0.025668,1,0.1629,1.149
2026-07-31T19:49:38,mediapart_d25_s4_sans_verbes_n2000_e5000_log,mediapart,25,4,sans_verbes,2000,_s3,29154,6188,23478,188,1140,0,5000,51,21,0.4200,47.05,0.9410,0.1047,0.1852,0.2793,1.543,0.1705,1.086,0.038077,0.033652,0.033009,0.028695,0.026695,0.025059,1,0.1618,1.145
2026-07-31T19:49:41,mediapart_d25_s4_noms_n2000_e5000_log,mediapart,25,4,noms,2000,_s3,26160,5135,20872,159,1033,0,5000,51,21,0.4200,46.89,0.9378,0.1067,0.1875,0.2821,1.563,0.1707,1.099,0.038120,0.034933,0.033659,0.028753,0.026930,0.025144,2,0.1634,1.147
2026-07-31T19:49:43,mediapart_d25_s4_noms_propres_n2000_e5000_log,mediapart,25,4,noms_propres,2000,_s3,3039,501,2366,17,144,0,2205,51,19,0.3800,44.10,0.8821,0.1280,0.2148,0.3140,1.790,0.1976,1.087,0.049576,0.040471,0.037983,0.030829,0.029340,0.026614,1,0.1741,1.234
2026-07-31T19:49:45,mediapart_d25_s6_tous_n2000_e5000_log,mediapart,25,6,tous,2000,_s3,9225,2658,6896,45,365,0,5000,51,21,0.4200,46.69,0.9339,0.1087,0.1894,0.2842,1.578,0.1737,1.091,0.039107,0.035392,0.034186,0.028780,0.026857,0.025092,1,0.1624,1.166
2026-07-31T19:49:47,mediapart_d25_s6_sans_verbes_n2000_e5000_log,mediapart,25,6,sans_verbes,2000,_s3,8967,2477,6649,43,352,0,5000,51,21,0.4200,46.78,0.9356,0.1080,0.1886,0.2828,1.571,0.1726,1.093,0.039026,0.035037,0.033959,0.028699,0.026541,0.025295,1,0.1622,1.163
2026-07-31T19:49:50,mediapart_d25_s6_noms_n2000_e5000_log,mediapart,25,6,noms,2000,_s3,8229,2192,6047,41,331,0,5000,51,21,0.4200,46.79,0.9358,0.1076,0.1879,0.2830,1.566,0.1718,1.094,0.038727,0.034985,0.033875,0.028483,0.026529,0.025266,1,0.1623,1.158
2026-07-31T19:49:51,mediapart_d25_s6_noms_propres_n2000_e5000_log,mediapart,25,6,noms_propres,2000,_s3,918,210,728,6,45,0,677,51,17,0.3400,40.96,0.8193,0.1417,0.2380,0.3486,1.984,0.2218,1.073,0.055723,0.045762,0.040167,0.033725,0.032609,0.030061,1,0.1967,1.210
2026-07-31T19:49:54,mediapart_d50_s4_tous_n2000_e5000_log,mediapart,50,4,tous,2000,_s3,31232,7256,23451,406,1117,0,5000,101,40,0.4000,92.53,0.9253,0.0632,0.1091,0.1626,1.818,0.0990,1.102,0.023941,0.021309,0.017923,0.016499,0.015216,0.014213,1,0.0916,1.192
2026-07-31T19:49:56,mediapart_d50_s4_sans_verbes_n2000_e5000_log,mediapart,50,4,sans_verbes,2000,_s3,29154,6153,21548,345,1056,0,5000,101,40,0.4000,92.14,0.9214,0.0646,0.1119,0.1649,1.866,0.0998,1.122,0.025314,0.020851,0.018458,0.016687,0.015804,0.014837,1,0.0914,1.225
2026-07-31T19:49:59,mediapart_d50_s4_noms_n2000_e5000_log,mediapart,50,4,noms,2000,_s3,26160,5117,19074,283,956,0,5000,101,40,0.4000,92.27,0.9227,0.0642,0.1115,0.1648,1.858,0.1009,1.105,0.024725,0.020718,0.018737,0.016560,0.015995,0.014768,1,0.0925,1.206
2026-07-31T19:50:01,mediapart_d50_s4_noms_propres_n2000_e5000_log,mediapart,50,4,noms_propres,2000,_s3,3039,501,2113,24,126,0,1963,101,36,0.3600,84.69,0.8469,0.0817,0.1360,0.1951,2.267,0.1229,1.107,0.032385,0.025596,0.023764,0.019373,0.017760,0.017156,1,0.1052,1.294
2026-07-31T19:50:03,mediapart_d50_s6_tous_n2000_e5000_log,mediapart,50,6,tous,2000,_s3,9225,2647,6296,86,351,0,5000,101,40,0.4000,91.76,0.9176,0.0667,0.1128,0.1665,1.880,0.1031,1.094,0.024592,0.021994,0.020159,0.016063,0.015311,0.014700,1,0.0917,1.231
2026-07-31T19:50:06,mediapart_d50_s6_sans_verbes_n2000_e5000_log,mediapart,50,6,sans_verbes,2000,_s3,8967,2467,6053,83,338,0,5000,101,40,0.4000,91.85,0.9185,0.0666,0.1126,0.1663,1.877,0.1025,1.098,0.024619,0.021650,0.020363,0.016156,0.015210,0.014602,1,0.0907,1.241
2026-07-31T19:50:08,mediapart_d50_s6_noms_n2000_e5000_log,mediapart,50,6,noms,2000,_s3,8229,2183,5489,77,317,0,5000,101,40,0.4000,91.69,0.9169,0.0671,0.1133,0.1671,1.888,0.1035,1.094,0.024603,0.021999,0.020457,0.016000,0.015360,0.014854,1,0.0914,1.239
2026-07-31T19:50:10,mediapart_d50_s6_noms_propres_n2000_e5000_log,mediapart,50,6,noms_propres,2000,_s3,918,209,659,9,42,0,608,101,30,0.3000,75.39,0.7539,0.0917,0.1528,0.2249,2.547,0.1424,1.073,0.036602,0.029323,0.025804,0.021923,0.019938,0.019257,1,0.1228,1.245
2026-07-31T19:50:12,mediapart3j_d10_s4_tous_n0_e5000_log,mediapart3j,10,4,tous,0,_s3,12059,5204,10646,82,0,0,5000,21,9,0.4500,19.48,0.9740,0.1927,0.3561,0.5571,1.187,0.3235,1.101,0.070449,0.065813,0.056470,0.055438,0.054989,0.052911,1,0.3487,1.021
2026-07-31T19:50:14,mediapart3j_d10_s4_sans_verbes_n0_e5000_log,mediapart3j,10,4,sans_verbes,0,_s3,11300,4660,9939,75,0,0,5000,21,9,0.4500,19.47,0.9736,0.1949,0.3556,0.5556,1.185,0.3228,1.102,0.071856,0.065761,0.057238,0.054692,0.053145,0.052908,1,0.3476,1.023
2026-07-31T19:50:16,mediapart3j_d10_s4_noms_n0_e5000_log,mediapart3j,10,4,noms,0,_s3,10024,3999,8814,65,0,0,5000,21,9,0.4500,19.45,0.9723,0.1958,0.3578,0.5574,1.193,0.3245,1.103,0.071855,0.065958,0.057941,0.055367,0.053881,0.052784,1,0.3518,1.017
2026-07-31T19:50:17,mediapart3j_d10_s4_noms_propres_n0_e5000_log,mediapart3j,10,4,noms_propres,0,_s3,1135,405,970,2,0,0,968,21,9,0.4500,18.87,0.9437,0.2177,0.3865,0.5873,1.288,0.3514,1.100,0.087401,0.070468,0.059846,0.058385,0.057452,0.052904,0,0.3789,1.020
2026-07-31T19:50:19,mediapart3j_d10_s6_tous_n0_e5000_log,mediapart3j,10,6,tous,0,_s3,2772,1568,2469,13,0,0,2456,21,9,0.4500,19.30,0.9651,0.1994,0.3657,0.5706,1.219,0.3372,1.084,0.074915,0.065797,0.058696,0.057292,0.055074,0.053886,0,0.3558,1.028
2026-07-31T19:50:20,mediapart3j_d10_s6_sans_verbes_n0_e5000_log,mediapart3j,10,6,sans_verbes,0,_s3,2675,1488,2374,13,0,0,2361,21,9,0.4500,19.29,0.9647,0.1998,0.3660,0.5701,1.220,0.3342,1.095,0.075535,0.065143,0.059094,0.057459,0.054804,0.053996,0,0.3576,1.024
2026-07-31T19:50:21,mediapart3j_d10_s6_noms_n0_e5000_log,mediapart3j,10,6,noms,0,_s3,2390,1327,2129,11,0,0,2118,21,9,0.4500,19.27,0.9634,0.2009,0.3671,0.5721,1.224,0.3370,1.089,0.076142,0.065273,0.059447,0.056964,0.055225,0.054027,0,0.3550,1.034
2026-07-31T19:50:23,mediapart3j_d10_s6_noms_propres_n0_e5000_log,mediapart3j,10,6,noms_propres,0,_s3,273,131,247,0,0,0,247,21,8,0.4000,17.56,0.8779,0.2414,0.4265,0.6435,1.422,0.4067,1.049,0.106016,0.069263,0.066083,0.064403,0.061139,0.059589,0,0.4216,1.012
2026-07-31T19:50:24,mediapart3j_d15_s4_tous_n0_e5000_log,mediapart3j,15,4,tous,0,_s3,12059,5161,10413,161,0,0,5000,31,14,0.4667,29.22,0.9740,0.1383,0.2510,0.3914,1.255,0.2270,1.106,0.052364,0.045709,0.040196,0.038630,0.037226,0.036907,1,0.2491,1.008
2026-07-31T19:50:26,mediapart3j_d15_s4_sans_verbes_n0_e5000_log,mediapart3j,15,4,sans_verbes,0,_s3,11300,4625,9708,143,0,0,5000,31,14,0.4667,29.20,0.9733,0.1392,0.2522,0.3931,1.261,0.2288,1.102,0.051611,0.046381,0.041197,0.038851,0.037464,0.036687,1,0.2478,1.018
2026-07-31T19:50:28,mediapart3j_d15_s4_noms_n0_e5000_log,mediapart3j,15,4,noms,0,_s3,10024,3979,8602,114,0,0,5000,31,14,0.4667,29.18,0.9725,0.1395,0.2523,0.3936,1.261,0.2293,1.100,0.052575,0.045826,0.041057,0.037931,0.037682,0.037185,1,0.2491,1.013
2026-07-31T19:50:30,mediapart3j_d15_s4_noms_propres_n0_e5000_log,mediapart3j,15,4,noms_propres,0,_s3,1135,405,942,6,0,0,936,31,12,0.4000,27.71,0.9237,0.1633,0.2865,0.4374,1.432,0.2598,1.103,0.065473,0.054096,0.043732,0.043222,0.040455,0.039493,0,0.2796,1.025
2026-07-31T19:50:31,mediapart3j_d15_s6_tous_n0_e5000_log,mediapart3j,15,6,tous,0,_s3,2772,1564,2407,25,0,0,2382,31,13,0.4333,28.90,0.9632,0.1427,0.2594,0.4055,1.297,0.2399,1.081,0.055670,0.044714,0.042295,0.039650,0.039256,0.037803,0,0.2534,1.023
2026-07-31T19:50:33,mediapart3j_d15_s6_sans_verbes_n0_e5000_log,mediapart3j,15,6,sans_verbes,0,_s3,2675,1484,2312,25,0,0,2287,31,13,0.4333,28.88,0.9627,0.1429,0.2597,0.4056,1.299,0.2395,1.084,0.056193,0.044260,0.042408,0.039546,0.039360,0.037937,0,0.2540,1.022
2026-07-31T19:50:35,mediapart3j_d15_s6_noms_n0_e5000_log,mediapart3j,15,6,noms,0,_s3,2390,1325,2073,19,0,0,2054,31,13,0.4333,28.84,0.9614,0.1438,0.2606,0.4066,1.303,0.2429,1.073,0.056480,0.044460,0.042836,0.039813,0.038862,0.038138,0,0.2537,1.027
2026-07-31T19:50:36,mediapart3j_d15_s6_noms_propres_n0_e5000_log,mediapart3j,15,6,noms_propres,0,_s3,273,131,237,2,0,0,235,31,11,0.3667,25.53,0.8511,0.1846,0.3250,0.4934,1.625,0.3194,1.018,0.075063,0.056306,0.053239,0.048436,0.046991,0.044963,0,0.3206,1.014
2026-07-31T19:50:40,mediapart3j_d25_s4_tous_n0_e5000_log,mediapart3j,25,4,tous,0,_s3,12059,5135,10039,231,0,0,5000,51,22,0.4400,48.24,0.9648,0.0948,0.1673,0.2570,1.394,0.1469,1.139,0.037255,0.030358,0.027204,0.024817,0.023986,0.023692,1,0.1664,1.005
2026-07-31T19:50:42,mediapart3j_d25_s4_sans_verbes_n0_e5000_log,mediapart3j,25,4,sans_verbes,0,_s3,11300,4601,9340,210,0,0,5000,51,22,0.4400,48.32,0.9665,0.0935,0.1652,0.2553,1.377,0.1461,1.131,0.036675,0.030058,0.026781,0.024443,0.023811,0.023461,1,0.1632,1.013
2026-07-31T19:50:44,mediapart3j_d25_s4_noms_n0_e5000_log,mediapart3j,25,4,noms,0,_s3,10024,3962,8258,168,0,0,5000,51,22,0.4400,48.24,0.9649,0.0943,0.1665,0.2565,1.387,0.1470,1.133,0.037057,0.030652,0.026629,0.024685,0.024235,0.023225,1,0.1653,1.007
2026-07-31T19:50:45,mediapart3j_d25_s4_noms_propres_n0_e5000_log,mediapart3j,25,4,noms_propres,0,_s3,1135,405,892,7,0,0,885,51,19,0.3800,44.57,0.8913,0.1172,0.2024,0.3052,1.687,0.1808,1.120,0.048095,0.037859,0.031264,0.030220,0.028246,0.026729,0,0.1963,1.031
2026-07-31T19:50:47,mediapart3j_d25_s6_tous_n0_e5000_log,mediapart3j,25,6,tous,0,_s3,2772,1556,2335,41,0,0,2294,51,21,0.4200,47.58,0.9515,0.0964,0.1730,0.2684,1.442,0.1586,1.091,0.039036,0.029274,0.028086,0.025963,0.025432,0.025250,0,0.1684,1.028
2026-07-31T19:50:48,mediapart3j_d25_s6_sans_verbes_n0_e5000_log,mediapart3j,25,6,sans_verbes,0,_s3,2675,1477,2240,40,0,0,2200,51,21,0.4200,47.53,0.9505,0.0966,0.1734,0.2690,1.445,0.1585,1.094,0.039412,0.029305,0.027860,0.026197,0.025472,0.025142,0,0.1689,1.026
2026-07-31T19:50:50,mediapart3j_d25_s6_noms_n0_e5000_log,mediapart3j,25,6,noms,0,_s3,2390,1318,2006,32,0,0,1974,51,21,0.4200,47.38,0.9476,0.0973,0.1747,0.2706,1.456,0.1607,1.087,0.039799,0.029324,0.028178,0.026698,0.025571,0.025172,0,0.1702,1.027
2026-07-31T19:50:51,mediapart3j_d25_s6_noms_propres_n0_e5000_log,mediapart3j,25,6,noms_propres,0,_s3,273,131,228,2,0,0,226,51,16,0.3200,39.24,0.7848,0.1340,0.2410,0.3648,2.008,0.2230,1.081,0.052001,0.043032,0.038995,0.036958,0.035818,0.034201,0,0.2280,1.057
2026-07-31T19:50:53,mediapart3j_d50_s4_tous_n0_e5000_log,mediapart3j,50,4,tous,0,_s3,12059,5024,9378,470,0,0,5000,101,43,0.4300,95.48,0.9548,0.0537,0.0947,0.1453,1.579,0.0824,1.150,0.022621,0.016366,0.014720,0.014119,0.013679,0.013242,1,0.0928,1.021
2026-07-31T19:50:55,mediapart3j_d50_s4_sans_verbes_n0_e5000_log,mediapart3j,50,4,sans_verbes,0,_s3,11300,4524,8695,405,0,0,5000,101,43,0.4300,95.43,0.9543,0.0536,0.0946,0.1450,1.577,0.0809,1.170,0.022763,0.016534,0.014316,0.014089,0.013745,0.013195,1,0.0930,1.018
2026-07-31T19:50:57,mediapart3j_d50_s4_noms_n0_e5000_log,mediapart3j,50,4,noms,0,_s3,10024,3906,7675,334,0,0,5000,101,43,0.4300,95.26,0.9526,0.0549,0.0958,0.1462,1.596,0.0816,1.174,0.022883,0.017103,0.014903,0.013983,0.013732,0.013170,1,0.0940,1.018
2026-07-31T19:50:59,mediapart3j_d50_s4_noms_propres_n0_e5000_log,mediapart3j,50,4,noms_propres,0,_s3,1135,399,813,23,0,0,790,101,34,0.3400,82.31,0.8231,0.0763,0.1303,0.1951,2.172,0.1102,1.182,0.033080,0.023277,0.019939,0.018570,0.018066,0.017359,0,0.1205,1.081
2026-07-31T19:51:00,mediapart3j_d50_s6_tous_n0_e5000_log,mediapart3j,50,6,tous,0,_s3,2772,1528,2216,80,0,0,2136,101,40,0.4000,92.73,0.9273,0.0565,0.1011,0.1566,1.686,0.0913,1.108,0.023766,0.016984,0.015715,0.015601,0.014711,0.014368,0,0.0978,1.034
2026-07-31T19:51:02,mediapart3j_d50_s6_sans_verbes_n0_e5000_log,mediapart3j,50,6,sans_verbes,0,_s3,2675,1452,2123,76,0,0,2047,101,40,0.4000,92.50,0.9250,0.0569,0.1017,0.1574,1.695,0.0911,1.116,0.024046,0.017076,0.015797,0.015533,0.014872,0.014350,0,0.0980,1.038
2026-07-31T19:51:03,mediapart3j_d50_s6_noms_n0_e5000_log,mediapart3j,50,6,noms,0,_s3,2390,1296,1902,65,0,0,1837,101,39,0.3900,91.98,0.9198,0.0576,0.1028,0.1589,1.714,0.0919,1.119,0.024420,0.017079,0.016087,0.015604,0.015124,0.014520,1,0.0985,1.044
2026-07-31T19:51:05,mediapart3j_d50_s6_noms_propres_n0_e5000_log,mediapart3j,50,6,noms_propres,0,_s3,273,128,213,8,0,0,205,101,24,0.2400,63.32,0.6332,0.0936,0.1709,0.2614,2.849,0.1597,1.070,0.035586,0.029463,0.028598,0.027215,0.025133,0.024949,0,0.1599,1.069
2026-07-31T19:51:06,mediapart7j_d10_s4_tous_n0_e5000_log,mediapart7j,10,4,tous,0,_s3,6571,3665,5645,162,0,0,5000,21,9,0.4500,18.87,0.9437,0.2165,0.3795,0.5773,1.265,0.3325,1.141,0.085630,0.069675,0.061240,0.057318,0.054095,0.051525,0,0.3794,1.000
2026-07-31T19:51:07,mediapart7j_d10_s4_sans_verbes_n0_e5000_log,mediapart7j,10,4,sans_verbes,0,_s3,6139,3364,5273,148,0,0,5000,21,9,0.4500,18.92,0.9459,0.2149,0.3782,0.5762,1.261,0.3329,1.136,0.084270,0.069677,0.060923,0.057469,0.054608,0.051254,0,0.3780,1.001
2026-07-31T19:51:09,mediapart7j_d10_s4_noms_n0_e5000_log,mediapart7j,10,4,noms,0,_s3,5458,2964,4694,120,0,0,4574,21,9,0.4500,18.89,0.9447,0.2159,0.3790,0.5782,1.263,0.3359,1.128,0.084758,0.069521,0.061622,0.057145,0.054799,0.051151,0,0.3782,1.002
2026-07-31T19:51:10,mediapart7j_d10_s4_noms_propres_n0_e5000_log,mediapart7j,10,4,noms_propres,0,_s3,622,327,512,4,0,0,508,21,8,0.4000,17.88,0.8938,0.2496,0.4303,0.6273,1.434,0.3753,1.147,0.095530,0.082884,0.071139,0.063033,0.059616,0.058122,0,0.4231,1.017
2026-07-31T19:51:11,mediapart7j_d10_s6_tous_n0_e5000_log,mediapart7j,10,6,tous,0,_s3,1485,1010,1307,37,0,0,1270,21,8,0.4000,18.58,0.9290,0.2271,0.3959,0.5981,1.320,0.3581,1.106,0.089215,0.070530,0.067312,0.059204,0.055595,0.054065,0,0.3886,1.019
2026-07-31T19:51:13,mediapart7j_d10_s6_sans_verbes_n0_e5000_log,mediapart7j,10,6,sans_verbes,0,_s3,1405,954,1238,35,0,0,1203,21,8,0.4000,18.55,0.9273,0.2277,0.3980,0.6004,1.327,0.3633,1.096,0.089145,0.071679,0.066886,0.058776,0.056668,0.054879,0,0.3887,1.024
2026-07-31T19:51:14,mediapart7j_d10_s6_noms_n0_e5000_log,mediapart7j,10,6,noms,0,_s3,1254,855,1106,29,0,0,1077,21,8,0.4000,18.54,0.9268,0.2283,0.4001,0.6022,1.334,0.3646,1.097,0.088208,0.071874,0.068233,0.059663,0.057411,0.054716,0,0.3875,1.033
2026-07-31T19:51:15,mediapart7j_d10_s6_noms_propres_n0_e5000_log,mediapart7j,10,6,noms_propres,0,_s3,134,80,100,1,0,0,99,21,7,0.3500,16.25,0.8124,0.2769,0.4833,0.7014,1.611,0.4700,1.028,0.097956,0.094791,0.084135,0.072711,0.067435,0.066249,0,0.4658,1.037
2026-07-31T19:51:17,mediapart7j_d15_s4_tous_n0_e5000_log,mediapart7j,15,4,tous,0,_s3,6571,3618,5505,235,0,0,5000,31,13,0.4333,28.36,0.9453,0.1566,0.2725,0.4117,1.363,0.2364,1.153,0.063423,0.049912,0.043300,0.039994,0.038853,0.037042,0,0.2727,0.999
2026-07-31T19:51:18,mediapart7j_d15_s4_sans_verbes_n0_e5000_log,mediapart7j,15,4,sans_verbes,0,_s3,6139,3326,5136,213,0,0,4923,31,13,0.4333,28.33,0.9442,0.1576,0.2730,0.4123,1.365,0.2372,1.151,0.063999,0.050381,0.043206,0.039940,0.038642,0.036882,0,0.2733,0.999
2026-07-31T19:51:19,mediapart7j_d15_s4_noms_n0_e5000_log,mediapart7j,15,4,noms,0,_s3,5458,2939,4570,168,0,0,4402,31,13,0.4333,28.28,0.9428,0.1584,0.2736,0.4139,1.368,0.2372,1.154,0.064410,0.050638,0.043372,0.039805,0.038525,0.036880,0,0.2737,1.000
2026-07-31T19:51:21,mediapart7j_d15_s4_noms_propres_n0_e5000_log,mediapart7j,15,4,noms_propres,0,_s3,622,324,499,9,0,0,490,31,11,0.3667,25.64,0.8547,0.1968,0.3313,0.4819,1.657,0.2850,1.163,0.080105,0.064690,0.052013,0.046639,0.044610,0.043272,0,0.3247,1.020
2026-07-31T19:51:22,mediapart7j_d15_s6_tous_n0_e5000_log,mediapart7j,15,6,tous,0,_s3,1485,1001,1276,48,0,0,1228,31,12,0.4000,27.67,0.9225,0.1677,0.2891,0.4361,1.445,0.2599,1.112,0.066567,0.052914,0.048231,0.042894,0.039863,0.038600,0,0.2802,1.032
2026-07-31T19:51:23,mediapart7j_d15_s6_sans_verbes_n0_e5000_log,mediapart7j,15,6,sans_verbes,0,_s3,1405,947,1208,45,0,0,1163,31,12,0.4000,27.62,0.9206,0.1681,0.2900,0.4380,1.450,0.2636,1.100,0.066955,0.053116,0.048027,0.042656,0.040432,0.038856,0,0.2813,1.031
2026-07-31T19:51:25,mediapart7j_d15_s6_noms_n0_e5000_log,mediapart7j,15,6,noms,0,_s3,1254,848,1078,39,0,0,1039,31,12,0.4000,27.56,0.9186,0.1690,0.2918,0.4412,1.459,0.2628,1.110,0.066970,0.053800,0.048185,0.043172,0.040548,0.039119,0,0.2856,1.022
2026-07-31T19:51:26,mediapart7j_d15_s6_noms_propres_n0_e5000_log,mediapart7j,15,6,noms_propres,0,_s3,134,78,97,3,0,0,94,31,9,0.3000,22.22,0.7407,0.2224,0.3875,0.5639,1.937,0.3900,0.994,0.082477,0.074047,0.065905,0.059067,0.056311,0.049687,0,0.3898,0.994
2026-07-31T19:51:27,mediapart7j_d25_s4_tous_n0_e5000_log,mediapart7j,25,4,tous,0,_s3,6571,3527,5299,384,0,0,4915,51,22,0.4400,47.27,0.9454,0.1031,0.1795,0.2707,1.496,0.1515,1.185,0.042989,0.032579,0.027521,0.026786,0.025202,0.024472,0,0.1800,0.997
2026-07-31T19:51:29,mediapart7j_d25_s4_sans_verbes_n0_e5000_log,mediapart7j,25,4,sans_verbes,0,_s3,6139,3251,4936,344,0,0,4592,51,22,0.4400,47.13,0.9425,0.1045,0.1810,0.2726,1.509,0.1525,1.187,0.043712,0.033076,0.027672,0.026922,0.025345,0.024321,0,0.1824,0.993
2026-07-31T19:51:30,mediapart7j_d25_s4_noms_n0_e5000_log,mediapart7j,25,4,noms,0,_s3,5458,2869,4388,287,0,0,4101,51,21,0.4200,47.04,0.9407,0.1049,0.1820,0.2741,1.517,0.1537,1.184,0.043981,0.033266,0.027685,0.027060,0.025669,0.024348,0,0.1823,0.999
2026-07-31T19:51:31,mediapart7j_d25_s4_noms_propres_n0_e5000_log,mediapart7j,25,4,noms_propres,0,_s3,622,316,479,23,0,0,456,51,17,0.3400,40.33,0.8066,0.1420,0.2372,0.3490,1.976,0.1995,1.189,0.062166,0.044913,0.034899,0.033395,0.031401,0.030403,0,0.2323,1.021
2026-07-31T19:51:33,mediapart7j_d25_s6_tous_n0_e5000_log,mediapart7j,25,6,tous,0,_s3,1485,975,1245,78,0,0,1167,51,20,0.4000,45.66,0.9132,0.1103,0.1939,0.2942,1.616,0.1720,1.127,0.044321,0.034667,0.031313,0.029253,0.028079,0.026239,0,0.1886,1.028
2026-07-31T19:51:34,mediapart7j_d25_s6_sans_verbes_n0_e5000_log,mediapart7j,25,6,sans_verbes,0,_s3,1405,924,1178,72,0,0,1106,51,20,0.4000,45.52,0.9104,0.1110,0.1950,0.2961,1.625,0.1750,1.115,0.044623,0.034711,0.031630,0.029466,0.028320,0.026297,0,0.1893,1.030
2026-07-31T19:51:35,mediapart7j_d25_s6_noms_n0_e5000_log,mediapart7j,25,6,noms,0,_s3,1254,827,1051,64,0,0,987,51,19,0.3800,45.33,0.9066,0.1115,0.1975,0.2986,1.646,0.1766,1.119,0.044457,0.035392,0.031604,0.030622,0.028676,0.026792,0,0.1897,1.041
2026-07-31T19:51:36,mediapart7j_d25_s6_noms_propres_n0_e5000_log,mediapart7j,25,6,noms_propres,0,_s3,134,77,95,4,0,0,91,51,12,0.2400,31.57,0.6313,0.1722,0.3026,0.4452,2.521,0.2831,1.069,0.065499,0.055221,0.051491,0.045578,0.044308,0.040469,0,0.3059,0.989
2026-07-31T19:51:38,mediapart7j_d50_s4_tous_n0_e5000_log,mediapart7j,50,4,tous,0,_s3,6571,3379,4949,624,0,0,4325,101,41,0.4100,92.61,0.9261,0.0645,0.1074,0.1593,1.789,0.0843,1.274,0.027895,0.020095,0.016500,0.014929,0.014442,0.013506,1,0.1061,1.012
2026-07-31T19:51:40,mediapart7j_d50_s4_sans_verbes_n0_e5000_log,mediapart7j,50,4,sans_verbes,0,_s3,6139,3110,4599,573,0,0,4026,101,41,0.4100,92.18,0.9218,0.0656,0.1089,0.1612,1.815,0.0848,1.284,0.028454,0.020483,0.016712,0.014985,0.014521,0.013741,1,0.1072,1.015
2026-07-31T19:51:41,mediapart7j_d50_s4_noms_n0_e5000_log,mediapart7j,50,4,noms,0,_s3,5458,2746,4078,491,0,0,3587,101,41,0.4100,91.74,0.9174,0.0666,0.1103,0.1632,1.839,0.0860,1.283,0.028772,0.020941,0.016909,0.015072,0.014717,0.013933,1,0.1080,1.021
2026-07-31T19:51:43,mediapart7j_d50_s4_noms_propres_n0_e5000_log,mediapart7j,50,4,noms_propres,0,_s3,622,296,443,51,0,0,392,101,28,0.2800,68.94,0.6894,0.1039,0.1666,0.2406,2.777,0.1287,1.294,0.048438,0.030596,0.024879,0.021837,0.020982,0.019861,0,0.1598,1.043
2026-07-31T19:51:44,mediapart7j_d50_s6_tous_n0_e5000_log,mediapart7j,50,6,tous,0,_s3,1485,929,1184,132,0,0,1052,101,36,0.3600,86.50,0.8650,0.0697,0.1207,0.1818,2.011,0.1041,1.160,0.028577,0.022497,0.018653,0.018004,0.016737,0.016205,0,0.1154,1.046
2026-07-31T19:51:45,mediapart7j_d50_s6_sans_verbes_n0_e5000_log,mediapart7j,50,6,sans_verbes,0,_s3,1405,878,1120,125,0,0,995,101,35,0.3500,85.91,0.8591,0.0708,0.1223,0.1837,2.038,0.1039,1.177,0.029004,0.022826,0.019013,0.018360,0.016846,0.016247,0,0.1168,1.047
2026-07-31T19:51:46,mediapart7j_d50_s6_noms_n0_e5000_log,mediapart7j,50,6,noms,0,_s3,1254,787,1001,110,0,0,891,101,35,0.3500,85.06,0.8506,0.0719,0.1242,0.1868,2.070,0.1067,1.164,0.029250,0.023127,0.019548,0.018514,0.017333,0.016410,0,0.1205,1.031
2026-07-31T19:51:48,mediapart7j_d50_s6_noms_propres_n0_e5000_log,mediapart7j,50,6,noms_propres,0,_s3,134,73,94,10,0,0,84,101,17,0.1700,43.74,0.4374,0.1311,0.2354,0.3528,3.923,0.2308,1.020,0.051404,0.042239,0.037429,0.037014,0.034886,0.032385,0,0.2343,1.005
2026-07-31T19:51:53,lemonde_d10_s4_tous_n5000_e5000_g2,lemonde,10,4,tous,5000,_s3,164258,9816,127434,120,1548,0,5000,21,8,0.4000,17.53,0.8765,0.2657,0.4346,0.6212,1.449,0.3740,1.162,0.110264,0.084247,0.071183,0.060325,0.056273,0.052297,4,0.3700,1.175
2026-07-31T19:51:57,lemonde_d10_s4_sans_verbes_n5000_e5000_g2,lemonde,10,4,sans_verbes,5000,_s3,153204,7847,117598,115,1507,0,5000,21,8,0.4000,17.28,0.8642,0.2721,0.4392,0.6273,1.464,0.3797,1.157,0.114313,0.087586,0.070188,0.060130,0.055665,0.051302,4,0.3732,1.177
2026-07-31T19:52:02,lemonde_d10_s4_noms_n5000_e5000_g2,lemonde,10,4,noms,5000,_s3,136633,6256,104219,102,1410,0,5000,21,8,0.4000,17.20,0.8599,0.2743,0.4472,0.6337,1.491,0.3832,1.167,0.112630,0.088425,0.073208,0.060442,0.058509,0.054008,3,0.3743,1.195
2026-07-31T19:52:05,lemonde_d10_s4_noms_propres_n5000_e5000_g2,lemonde,10,4,noms_propres,5000,_s3,15829,511,10294,11,183,0,5000,21,6,0.3000,14.99,0.7493,0.3365,0.5075,0.6802,1.692,0.4176,1.215,0.139932,0.107454,0.089157,0.061109,0.055321,0.054492,3,0.4130,1.229
2026-07-31T19:52:09,lemonde_d10_s6_tous_n5000_e5000_g2,lemonde,10,6,tous,5000,_s3,40619,7206,32541,34,668,0,5000,21,6,0.3000,14.95,0.7476,0.3328,0.5057,0.6822,1.686,0.4236,1.194,0.143785,0.105384,0.083646,0.060944,0.058330,0.053578,3,0.3813,1.326
2026-07-31T19:52:13,lemonde_d10_s6_sans_verbes_n5000_e5000_g2,lemonde,10,6,sans_verbes,5000,_s3,38449,6292,30625,33,659,0,5000,21,6,0.3000,14.75,0.7377,0.3363,0.5065,0.6744,1.688,0.4259,1.189,0.150896,0.104776,0.080643,0.061439,0.057892,0.050858,3,0.3844,1.318
2026-07-31T19:52:17,lemonde_d10_s6_noms_n5000_e5000_g2,lemonde,10,6,noms,5000,_s3,34507,5324,27424,30,628,0,5000,21,6,0.3000,14.81,0.7404,0.3345,0.5074,0.6800,1.691,0.4248,1.194,0.148473,0.105030,0.081040,0.062361,0.057871,0.052613,3,0.3868,1.312
2026-07-31T19:52:21,lemonde_d10_s6_noms_propres_n5000_e5000_g2,lemonde,10,6,noms_propres,5000,_s3,4505,477,3144,3,97,0,3044,21,5,0.2500,12.53,0.6265,0.4019,0.5710,0.7291,1.903,0.4545,1.256,0.173621,0.123186,0.105064,0.060690,0.056698,0.051709,3,0.4260,1.340
2026-07-31T19:52:25,lemonde_d15_s4_tous_n5000_e5000_g2,lemonde,15,4,tous,5000,_s3,164258,9816,123469,155,1506,0,5000,31,11,0.3667,25.45,0.8485,0.2053,0.3354,0.4763,1.677,0.2862,1.172,0.089316,0.062288,0.053674,0.047769,0.043213,0.039124,4,0.2689,1.247
2026-07-31T19:52:30,lemonde_d15_s4_sans_verbes_n5000_e5000_g2,lemonde,15,4,sans_verbes,5000,_s3,153204,7847,113769,146,1465,0,5000,31,11,0.3667,25.17,0.8389,0.2098,0.3388,0.4798,1.694,0.2882,1.175,0.091604,0.065662,0.052513,0.046556,0.042699,0.039763,4,0.2688,1.261
2026-07-31T19:52:34,lemonde_d15_s4_noms_n5000_e5000_g2,lemonde,15,4,noms,5000,_s3,136633,6256,100721,130,1373,0,5000,31,11,0.3667,24.81,0.8271,0.2151,0.3452,0.4855,1.726,0.2921,1.182,0.094922,0.064438,0.055757,0.048936,0.042857,0.038260,3,0.2703,1.277
2026-07-31T19:52:38,lemonde_d15_s4_noms_propres_n5000_e5000_g2,lemonde,15,4,noms_propres,5000,_s3,15829,511,9839,16,177,0,5000,31,9,0.3000,20.39,0.6795,0.2791,0.4181,0.5543,2.091,0.3384,1.236,0.125592,0.085460,0.068014,0.051325,0.044910,0.042800,3,0.3098,1.350
2026-07-31T19:52:42,lemonde_d15_s6_tous_n5000_e5000_g2,lemonde,15,6,tous,5000,_s3,40619,7206,31855,44,650,0,5000,31,9,0.3000,20.79,0.6931,0.2700,0.4018,0.5393,2.009,0.3379,1.189,0.128668,0.077636,0.063728,0.048076,0.044021,0.039638,3,0.2743,1.465
2026-07-31T19:52:46,lemonde_d15_s6_sans_verbes_n5000_e5000_g2,lemonde,15,6,sans_verbes,5000,_s3,38449,6292,29963,42,641,0,5000,31,9,0.3000,19.97,0.6655,0.2815,0.4140,0.5476,2.070,0.3457,1.197,0.136071,0.081377,0.064094,0.050144,0.042837,0.039453,3,0.2797,1.480
2026-07-31T19:52:50,lemonde_d15_s6_noms_n5000_e5000_g2,lemonde,15,6,noms,5000,_s3,34507,5324,26826,39,613,0,5000,31,9,0.3000,20.61,0.6870,0.2746,0.4068,0.5421,2.034,0.3352,1.214,0.128897,0.080535,0.065130,0.048682,0.043697,0.039896,3,0.2813,1.446
2026-07-31T19:52:53,lemonde_d15_s6_noms_propres_n5000_e5000_g2,lemonde,15,6,noms_propres,5000,_s3,4505,477,3051,5,94,0,2952,31,7,0.2333,16.35,0.5451,0.3427,0.4841,0.6181,2.421,0.3814,1.269,0.159216,0.098035,0.085499,0.052365,0.046211,0.042777,3,0.3212,1.507
2026-07-31T19:52:58,lemonde_d25_s4_tous_n5000_e5000_g2,lemonde,25,4,tous,5000,_s3,164258,9816,117949,215,1448,0,5000,51,18,0.3600,39.77,0.7954,0.1563,0.2512,0.3483,2.093,0.2127,1.181,0.073925,0.042988,0.039414,0.037081,0.029807,0.027984,4,0.1835,1.369
2026-07-31T19:53:03,lemonde_d25_s4_sans_verbes_n5000_e5000_g2,lemonde,25,4,sans_verbes,5000,_s3,153204,7847,108434,203,1408,0,5000,51,18,0.3600,38.85,0.7770,0.1620,0.2560,0.3528,2.133,0.2154,1.188,0.078657,0.044134,0.039212,0.036757,0.029537,0.027663,4,0.1844,1.388
2026-07-31T19:53:08,lemonde_d25_s4_noms_n5000_e5000_g2,lemonde,25,4,noms,5000,_s3,136633,6256,95905,182,1317,0,5000,51,17,0.3400,37.49,0.7497,0.1695,0.2659,0.3630,2.216,0.2210,1.203,0.084060,0.046501,0.038923,0.037561,0.031351,0.027541,4,0.1903,1.398
2026-07-31T19:53:11,lemonde_d25_s4_noms_propres_n5000_e5000_g2,lemonde,25,4,noms_propres,5000,_s3,15829,511,9304,22,169,0,5000,51,14,0.2800,30.69,0.6137,0.2166,0.3270,0.4301,2.725,0.2643,1.237,0.104299,0.062465,0.049862,0.044174,0.034667,0.031523,3,0.2231,1.466
2026-07-31T19:53:16,lemonde_d25_s6_tous_n5000_e5000_g2,lemonde,25,6,tous,5000,_s3,40619,7204,30928,68,624,0,5000,51,15,0.3000,31.33,0.6266,0.2096,0.3123,0.4110,2.602,0.2607,1.198,0.108043,0.055411,0.046113,0.040866,0.031877,0.029990,3,0.1939,1.610
2026-07-31T19:53:20,lemonde_d25_s6_sans_verbes_n5000_e5000_g2,lemonde,25,6,sans_verbes,5000,_s3,38449,6290,29058,66,615,0,5000,51,14,0.2800,30.19,0.6038,0.2167,0.3192,0.4196,2.660,0.2609,1.223,0.113520,0.056168,0.047005,0.040132,0.032332,0.029992,3,0.1964,1.625
2026-07-31T19:53:24,lemonde_d25_s6_noms_n5000_e5000_g2,lemonde,25,6,noms,5000,_s3,34507,5322,26017,60,589,0,5000,51,14,0.2800,30.26,0.6052,0.2164,0.3224,0.4248,2.687,0.2638,1.222,0.111191,0.057999,0.047256,0.042011,0.033611,0.030339,3,0.1991,1.620
2026-07-31T19:53:27,lemonde_d25_s6_noms_propres_n5000_e5000_g2,lemonde,25,6,noms_propres,5000,_s3,4505,477,2950,9,89,0,2852,51,10,0.2000,22.47,0.4494,0.2848,0.4020,0.5080,3.350,0.3148,1.277,0.142033,0.076403,0.066329,0.045899,0.037409,0.033946,3,0.2401,1.674
2026-07-31T19:53:33,lemonde_d50_s4_tous_n5000_e5000_g2,lemonde,50,4,tous,5000,_s3,164258,9815,109086,378,1351,0,5000,101,35,0.3500,72.23,0.7223,0.1155,0.1753,0.2343,2.921,0.1465,1.196,0.056476,0.033672,0.025400,0.022019,0.019948,0.017745,4,0.1174,1.493
2026-07-31T19:53:38,lemonde_d50_s4_sans_verbes_n5000_e5000_g2,lemonde,50,4,sans_verbes,5000,_s3,153204,7846,99888,355,1312,0,5000,101,35,0.3500,72.57,0.7257,0.1139,0.1752,0.2362,2.921,0.1438,1.219,0.055612,0.031568,0.026733,0.023056,0.020572,0.017701,4,0.1173,1.494
2026-07-31T19:53:42,lemonde_d50_s4_noms_n5000_e5000_g2,lemonde,50,4,noms,5000,_s3,136633,6255,88163,314,1226,0,5000,101,34,0.3400,70.53,0.7053,0.1175,0.1790,0.2396,2.983,0.1452,1.233,0.059797,0.031903,0.025837,0.022321,0.021210,0.017888,4,0.1184,1.511
2026-07-31T19:53:46,lemonde_d50_s4_noms_propres_n5000_e5000_g2,lemonde,50,4,noms_propres,5000,_s3,15829,511,8450,31,154,0,5000,101,27,0.2700,51.03,0.5103,0.1642,0.2459,0.3146,4.098,0.1923,1.279,0.086005,0.041729,0.036426,0.032513,0.026587,0.022644,3,0.1520,1.618
2026-07-31T19:53:51,lemonde_d50_s6_tous_n5000_e5000_g2,lemonde,50,6,tous,5000,_s3,40619,7203,29461,108,591,0,5000,101,29,0.2900,53.91,0.5391,0.1561,0.2271,0.2929,3.785,0.1855,1.224,0.085561,0.037218,0.033281,0.027991,0.022896,0.020138,3,0.1276,1.780
2026-07-31T19:53:55,lemonde_d50_s6_sans_verbes_n5000_e5000_g2,lemonde,50,6,sans_verbes,5000,_s3,38449,6289,27632,106,583,0,5000,101,30,0.3000,54.59,0.5459,0.1545,0.2262,0.2905,3.770,0.1821,1.242,0.084270,0.037104,0.033173,0.028254,0.023210,0.020193,3,0.1262,1.792
2026-07-31T19:53:59,lemonde_d50_s6_noms_n5000_e5000_g2,lemonde,50,6,noms,5000,_s3,34507,5322,24755,94,557,0,5000,101,29,0.2900,51.89,0.5189,0.1607,0.2337,0.2985,3.895,0.1850,1.263,0.089521,0.037324,0.033805,0.029070,0.023028,0.020953,3,0.1331,1.756
2026-07-31T19:54:03,lemonde_d50_s6_noms_propres_n5000_e5000_g2,lemonde,50,6,noms_propres,5000,_s3,4505,477,2761,13,81,0,2667,101,19,0.1900,34.88,0.3488,0.2200,0.3144,0.3915,5.240,0.2431,1.293,0.119199,0.053821,0.047006,0.039474,0.029630,0.025286,3,0.1677,1.875
2026-07-31T19:54:06,lemonde3j_d10_s4_tous_n0_e5000_g2,lemonde3j,10,4,tous,0,_s3,76271,8511,51689,183,0,0,5000,21,7,0.3500,15.65,0.7823,0.3131,0.4791,0.6534,1.597,0.3920,1.222,0.138915,0.102415,0.071818,0.061061,0.055734,0.049192,2,0.4219,1.136
2026-07-31T19:54:08,lemonde3j_d10_s4_sans_verbes_n0_e5000_g2,lemonde3j,10,4,sans_verbes,0,_s3,71883,7104,48055,178,0,0,5000,21,7,0.3500,15.47,0.7733,0.3179,0.4860,0.6568,1.620,0.3988,1.219,0.140338,0.104984,0.072615,0.063046,0.055267,0.049791,2,0.4258,1.142
2026-07-31T19:54:11,lemonde3j_d10_s4_noms_n0_e5000_g2,lemonde3j,10,4,noms,0,_s3,64363,5845,42722,160,0,0,5000,21,7,0.3500,15.10,0.7552,0.3253,0.4936,0.6641,1.645,0.3996,1.235,0.145345,0.108675,0.071291,0.061715,0.057713,0.048904,2,0.4312,1.145
2026-07-31T19:54:13,lemonde3j_d10_s4_noms_propres_n0_e5000_g2,lemonde3j,10,4,noms_propres,0,_s3,8546,503,4820,21,0,0,4799,21,5,0.2500,12.77,0.6386,0.3828,0.5651,0.7252,1.884,0.4592,1.231,0.166073,0.137775,0.078969,0.072807,0.060027,0.049448,1,0.4761,1.187
2026-07-31T19:54:15,lemonde3j_d10_s6_tous_n0_e5000_g2,lemonde3j,10,6,tous,0,_s3,20809,5134,14497,81,0,0,5000,21,5,0.2500,12.07,0.6036,0.4008,0.5748,0.7281,1.916,0.4638,1.239,0.186920,0.132034,0.081866,0.068559,0.058772,0.046616,1,0.4534,1.268
2026-07-31T19:54:17,lemonde3j_d10_s6_sans_verbes_n0_e5000_g2,lemonde3j,10,6,sans_verbes,0,_s3,19764,4682,13642,79,0,0,5000,21,5,0.2500,12.08,0.6041,0.4008,0.5718,0.7251,1.906,0.4556,1.255,0.186639,0.134170,0.079973,0.064305,0.059940,0.046759,1,0.4552,1.256
2026-07-31T19:54:20,lemonde3j_d10_s6_noms_n0_e5000_g2,lemonde3j,10,6,noms,0,_s3,17704,4057,12161,71,0,0,5000,21,5,0.2500,12.03,0.6014,0.4029,0.5737,0.7254,1.912,0.4600,1.247,0.188653,0.132423,0.081788,0.065016,0.058544,0.047317,1,0.4544,1.263
2026-07-31T19:54:22,lemonde3j_d10_s6_noms_propres_n0_e5000_g2,lemonde3j,10,6,noms_propres,0,_s3,2757,451,1683,11,0,0,1672,21,4,0.2000,10.17,0.5083,0.4540,0.6484,0.7915,2.161,0.5291,1.225,0.202531,0.162861,0.088600,0.082553,0.063396,0.048413,1,0.5015,1.293
2026-07-31T19:54:24,lemonde3j_d15_s4_tous_n0_e5000_g2,lemonde3j,15,4,tous,0,_s3,76271,8508,49984,212,0,0,5000,31,10,0.3333,22.48,0.7495,0.2483,0.3764,0.5116,1.882,0.3073,1.225,0.113726,0.079214,0.055378,0.047464,0.042623,0.037956,2,0.3257,1.156
2026-07-31T19:54:27,lemonde3j_d15_s4_sans_verbes_n0_e5000_g2,lemonde3j,15,4,sans_verbes,0,_s3,71883,7102,46409,205,0,0,5000,31,10,0.3333,21.80,0.7267,0.2579,0.3882,0.5230,1.941,0.3123,1.243,0.117187,0.084356,0.056364,0.050105,0.042510,0.037715,2,0.3352,1.158
2026-07-31T19:54:30,lemonde3j_d15_s4_noms_n0_e5000_g2,lemonde3j,15,4,noms,0,_s3,64363,5844,41261,182,0,0,5000,31,10,0.3333,21.84,0.7281,0.2569,0.3895,0.5232,1.948,0.3158,1.233,0.117217,0.082607,0.057050,0.049474,0.044225,0.038937,2,0.3358,1.160
2026-07-31T19:54:32,lemonde3j_d15_s4_noms_propres_n0_e5000_g2,lemonde3j,15,4,noms_propres,0,_s3,8546,503,4641,26,0,0,4615,31,7,0.2333,17.38,0.5793,0.3187,0.4685,0.6016,2.342,0.3804,1.232,0.145617,0.109052,0.064080,0.060152,0.048549,0.041043,1,0.3809,1.230
2026-07-31T19:54:35,lemonde3j_d15_s6_tous_n0_e5000_g2,lemonde3j,15,6,tous,0,_s3,20809,5127,14162,88,0,0,5000,31,7,0.2333,16.20,0.5400,0.3369,0.4770,0.6059,2.385,0.3788,1.259,0.165806,0.105682,0.065433,0.052583,0.046431,0.041056,1,0.3609,1.322
2026-07-31T19:54:38,lemonde3j_d15_s6_sans_verbes_n0_e5000_g2,lemonde3j,15,6,sans_verbes,0,_s3,19764,4677,13320,85,0,0,5000,31,7,0.2333,15.65,0.5215,0.3456,0.4844,0.6130,2.422,0.3820,1.268,0.171413,0.108977,0.065224,0.053578,0.046141,0.039102,1,0.3622,1.338
2026-07-31T19:54:40,lemonde3j_d15_s6_noms_n0_e5000_g2,lemonde3j,15,6,noms,0,_s3,17704,4053,11888,78,0,0,5000,31,7,0.2333,15.81,0.5269,0.3437,0.4842,0.6117,2.421,0.3828,1.265,0.168683,0.109143,0.065828,0.054607,0.046192,0.039775,1,0.3633,1.333
2026-07-31T19:54:42,lemonde3j_d15_s6_noms_propres_n0_e5000_g2,lemonde3j,15,6,noms_propres,0,_s3,2757,451,1650,11,0,0,1639,31,5,0.1667,12.86,0.4288,0.3963,0.5624,0.6887,2.812,0.4583,1.227,0.187965,0.133892,0.074450,0.070886,0.053935,0.041290,1,0.4066,1.383
2026-07-31T19:54:45,lemonde3j_d25_s4_tous_n0_e5000_g2,lemonde3j,25,4,tous,0,_s3,76271,8506,47506,286,0,0,5000,51,16,0.3200,35.14,0.7029,0.1853,0.2826,0.3831,2.355,0.2279,1.240,0.091793,0.055103,0.038363,0.037782,0.030100,0.029413,2,0.2389,1.183
2026-07-31T19:54:48,lemonde3j_d25_s4_sans_verbes_n0_e5000_g2,lemonde3j,25,4,sans_verbes,0,_s3,71883,7100,44005,275,0,0,5000,51,16,0.3200,34.06,0.6812,0.1921,0.2929,0.3934,2.441,0.2345,1.249,0.095912,0.055841,0.040397,0.038347,0.031928,0.030468,2,0.2441,1.200
2026-07-31T19:54:51,lemonde3j_d25_s4_noms_n0_e5000_g2,lemonde3j,25,4,noms,0,_s3,64363,5843,39072,246,0,0,5000,51,16,0.3200,33.87,0.6775,0.1953,0.2932,0.3944,2.444,0.2383,1.231,0.095701,0.057943,0.041607,0.037173,0.030988,0.029818,2,0.2465,1.190
2026-07-31T19:54:53,lemonde3j_d25_s4_noms_propres_n0_e5000_g2,lemonde3j,25,4,noms_propres,0,_s3,8546,503,4362,35,0,0,4327,51,11,0.2200,25.62,0.5124,0.2526,0.3710,0.4801,3.092,0.3005,1.235,0.123442,0.080467,0.048712,0.047287,0.038057,0.033039,1,0.2864,1.295
2026-07-31T19:54:56,lemonde3j_d25_s6_tous_n0_e5000_g2,lemonde3j,25,6,tous,0,_s3,20809,5121,13745,109,0,0,5000,51,12,0.2400,24.16,0.4831,0.2641,0.3752,0.4781,3.127,0.2989,1.255,0.138151,0.076227,0.049733,0.044083,0.034543,0.032448,1,0.2676,1.402
2026-07-31T19:54:59,lemonde3j_d25_s6_sans_verbes_n0_e5000_g2,lemonde3j,25,6,sans_verbes,0,_s3,19764,4673,12915,105,0,0,5000,51,11,0.2200,23.29,0.4658,0.2699,0.3815,0.4842,3.179,0.3015,1.265,0.143793,0.076497,0.049563,0.045190,0.035163,0.031292,2,0.2724,1.400
2026-07-31T19:55:01,lemonde3j_d25_s6_noms_n0_e5000_g2,lemonde3j,25,6,noms,0,_s3,17704,4050,11519,94,0,0,5000,51,11,0.2200,22.87,0.4575,0.2762,0.3883,0.4909,3.235,0.3031,1.281,0.143779,0.082064,0.050360,0.044550,0.035459,0.032046,1,0.2775,1.399
2026-07-31T19:55:04,lemonde3j_d25_s6_noms_propres_n0_e5000_g2,lemonde3j,25,6,noms_propres,0,_s3,2757,451,1593,15,0,0,1578,51,7,0.1400,16.97,0.3395,0.3367,0.4770,0.5845,3.975,0.3823,1.248,0.173039,0.103904,0.059793,0.058010,0.045162,0.037090,1,0.3124,1.527
2026-07-31T19:55:07,lemonde3j_d50_s4_tous_n0_e5000_g2,lemonde3j,50,4,tous,0,_s3,76271,8495,43362,633,0,0,5000,101,32,0.3200,66.14,0.6614,0.1284,0.1941,0.2590,3.236,0.1529,1.269,0.064015,0.033708,0.030701,0.024747,0.021705,0.019254,2,0.1547,1.255
2026-07-31T19:55:10,lemonde3j_d50_s4_sans_verbes_n0_e5000_g2,lemonde3j,50,4,sans_verbes,0,_s3,71883,7094,40008,600,0,0,5000,101,32,0.3200,64.45,0.6445,0.1319,0.2001,0.2657,3.335,0.1567,1.277,0.066023,0.034851,0.031072,0.026195,0.021826,0.020146,2,0.1590,1.259
2026-07-31T19:55:13,lemonde3j_d50_s4_noms_n0_e5000_g2,lemonde3j,50,4,noms,0,_s3,64363,5840,35469,539,0,0,5000,101,31,0.3100,61.90,0.6190,0.1375,0.2054,0.2728,3.423,0.1620,1.268,0.070687,0.036042,0.030753,0.025156,0.022343,0.020427,2,0.1624,1.265
2026-07-31T19:55:15,lemonde3j_d50_s4_noms_propres_n0_e5000_g2,lemonde3j,50,4,noms_propres,0,_s3,8546,503,3907,74,0,0,3833,101,23,0.2300,44.99,0.4499,0.1825,0.2697,0.3482,4.495,0.2156,1.251,0.092893,0.054004,0.035636,0.033607,0.028594,0.024963,1,0.1904,1.417
2026-07-31T19:55:18,lemonde3j_d50_s6_tous_n0_e5000_g2,lemonde3j,50,6,tous,0,_s3,20809,5102,13019,246,0,0,5000,101,24,0.2400,42.59,0.4259,0.1901,0.2696,0.3429,4.493,0.2121,1.271,0.105044,0.050094,0.035004,0.031505,0.024928,0.022984,2,0.1789,1.507
2026-07-31T19:55:21,lemonde3j_d50_s6_sans_verbes_n0_e5000_g2,lemonde3j,50,6,sans_verbes,0,_s3,19764,4658,12216,236,0,0,5000,101,24,0.2400,41.00,0.4100,0.1947,0.2757,0.3501,4.595,0.2150,1.282,0.108557,0.051599,0.034533,0.032081,0.025425,0.023534,2,0.1844,1.495
2026-07-31T19:55:24,lemonde3j_d50_s6_noms_n0_e5000_g2,lemonde3j,50,6,noms,0,_s3,17704,4037,10921,218,0,0,5000,101,23,0.2300,40.79,0.4079,0.1957,0.2758,0.3502,4.596,0.2164,1.274,0.109178,0.051778,0.034747,0.032052,0.025544,0.022465,2,0.1842,1.497
2026-07-31T19:55:27,lemonde3j_d50_s6_noms_propres_n0_e5000_g2,lemonde3j,50,6,noms_propres,0,_s3,2757,451,1496,35,0,0,1461,101,14,0.1400,27.11,0.2711,0.2588,0.3638,0.4491,6.064,0.2905,1.252,0.139930,0.073932,0.044986,0.042118,0.033345,0.029525,1,0.2142,1.699
2026-07-31T19:55:30,lemonde7j_d10_s4_tous_n0_e5000_g2,lemonde7j,10,4,tous,0,_s3,44959,7009,27941,232,0,0,5000,21,6,0.3000,14.58,0.7290,0.3467,0.5176,0.6834,1.725,0.4087,1.266,0.141953,0.118952,0.085827,0.065832,0.056095,0.048901,1,0.4789,1.081
2026-07-31T19:55:33,lemonde7j_d10_s4_sans_verbes_n0_e5000_g2,lemonde7j,10,4,sans_verbes,0,_s3,42018,6066,25967,221,0,0,5000,21,6,0.3000,14.36,0.7182,0.3520,0.5222,0.6877,1.741,0.4153,1.258,0.141151,0.126591,0.084282,0.064193,0.058219,0.047784,1,0.4812,1.085
2026-07-31T19:55:35,lemonde7j_d10_s4_noms_n0_e5000_g2,lemonde7j,10,4,noms,0,_s3,37624,5120,23108,197,0,0,5000,21,6,0.3000,14.13,0.7067,0.3577,0.5302,0.6948,1.767,0.4172,1.271,0.144660,0.127235,0.085762,0.065712,0.058368,0.048434,1,0.4898,1.082
2026-07-31T19:55:37,lemonde7j_d10_s4_noms_propres_n0_e5000_g2,lemonde7j,10,4,noms_propres,0,_s3,5357,477,2925,24,0,0,2901,21,5,0.2500,11.88,0.5941,0.4190,0.5915,0.7452,1.972,0.4671,1.266,0.167601,0.154718,0.096707,0.067562,0.059197,0.045739,1,0.5148,1.149
2026-07-31T19:55:39,lemonde7j_d10_s6_tous_n0_e5000_g2,lemonde7j,10,6,tous,0,_s3,13664,3945,8835,89,0,0,5000,21,4,0.2000,11.17,0.5586,0.4376,0.6072,0.7565,2.024,0.4789,1.268,0.185992,0.154871,0.096757,0.069285,0.056191,0.044108,1,0.5140,1.181
2026-07-31T19:55:41,lemonde7j_d10_s6_sans_verbes_n0_e5000_g2,lemonde7j,10,6,sans_verbes,0,_s3,12963,3652,8329,86,0,0,5000,21,4,0.2000,11.14,0.5570,0.4385,0.6106,0.7595,2.035,0.4804,1.271,0.184819,0.156587,0.097080,0.069578,0.058167,0.044386,1,0.5175,1.180
2026-07-31T19:55:43,lemonde7j_d10_s6_noms_n0_e5000_g2,lemonde7j,10,6,noms,0,_s3,11633,3227,7472,76,0,0,5000,21,4,0.2000,11.14,0.5572,0.4371,0.6109,0.7608,2.036,0.4807,1.271,0.182878,0.158980,0.095203,0.071512,0.058442,0.043851,1,0.5238,1.166
2026-07-31T19:55:44,lemonde7j_d10_s6_noms_propres_n0_e5000_g2,lemonde7j,10,6,noms_propres,0,_s3,1907,394,1126,10,0,0,1116,21,3,0.1500,9.20,0.4601,0.5036,0.6788,0.8162,2.263,0.5368,1.265,0.210943,0.180342,0.112288,0.072257,0.060590,0.042414,1,0.5432,1.250
2026-07-31T19:55:46,lemonde7j_d15_s4_tous_n0_e5000_g2,lemonde7j,15,4,tous,0,_s3,44959,6998,26786,327,0,0,5000,31,9,0.3000,20.45,0.6818,0.2797,0.4190,0.5521,2.095,0.3286,1.275,0.120572,0.094872,0.064221,0.052489,0.046690,0.040177,1,0.3785,1.107
2026-07-31T19:55:48,lemonde7j_d15_s4_sans_verbes_n0_e5000_g2,lemonde7j,15,4,sans_verbes,0,_s3,42018,6060,24866,304,0,0,5000,31,9,0.3000,20.51,0.6838,0.2799,0.4155,0.5509,2.078,0.3273,1.270,0.121711,0.090946,0.067210,0.051115,0.046860,0.037665,1,0.3772,1.101
2026-07-31T19:55:50,lemonde7j_d15_s4_noms_n0_e5000_g2,lemonde7j,15,4,noms,0,_s3,37624,5116,22134,269,0,0,5000,31,9,0.3000,20.37,0.6791,0.2811,0.4229,0.5579,2.115,0.3330,1.270,0.117118,0.097435,0.066497,0.055198,0.047958,0.038701,1,0.3884,1.089
2026-07-31T19:55:52,lemonde7j_d15_s4_noms_propres_n0_e5000_g2,lemonde7j,15,4,noms_propres,0,_s3,5357,477,2798,27,0,0,2771,31,7,0.2333,16.50,0.5499,0.3429,0.4904,0.6227,2.452,0.3815,1.286,0.142296,0.122019,0.078592,0.057392,0.051024,0.039110,1,0.4085,1.201
2026-07-31T19:55:54,lemonde7j_d15_s6_tous_n0_e5000_g2,lemonde7j,15,6,tous,0,_s3,13664,3932,8575,134,0,0,5000,31,6,0.2000,15.32,0.5106,0.3604,0.5047,0.6317,2.523,0.3986,1.266,0.163704,0.119150,0.077524,0.059412,0.047652,0.037217,1,0.4071,1.240
2026-07-31T19:55:55,lemonde7j_d15_s6_sans_verbes_n0_e5000_g2,lemonde7j,15,6,sans_verbes,0,_s3,12963,3643,8075,126,0,0,5000,31,6,0.2000,15.27,0.5090,0.3601,0.5071,0.6343,2.535,0.4003,1.267,0.162763,0.121287,0.076012,0.060955,0.049247,0.036821,1,0.4080,1.243
2026-07-31T19:55:57,lemonde7j_d15_s6_noms_n0_e5000_g2,lemonde7j,15,6,noms,0,_s3,11633,3220,7248,110,0,0,5000,31,6,0.2000,15.03,0.5011,0.3653,0.5107,0.6370,2.554,0.3996,1.278,0.163950,0.124851,0.076460,0.060840,0.047910,0.036733,1,0.4147,1.232
2026-07-31T19:55:59,lemonde7j_d15_s6_noms_propres_n0_e5000_g2,lemonde7j,15,6,noms_propres,0,_s3,1907,394,1089,12,0,0,1077,31,5,0.1667,12.15,0.4049,0.4284,0.5820,0.7054,2.910,0.4542,1.281,0.187403,0.146986,0.093991,0.062554,0.053138,0.037915,1,0.4322,1.346
2026-07-31T19:56:01,lemonde7j_d25_s4_tous_n0_e5000_g2,lemonde7j,25,4,tous,0,_s3,44959,6977,24793,579,0,0,5000,51,15,0.3000,32.91,0.6581,0.2039,0.3095,0.4117,2.579,0.2441,1.268,0.093905,0.063004,0.046963,0.040484,0.035165,0.030013,1,0.2718,1.139
2026-07-31T19:56:03,lemonde7j_d25_s4_sans_verbes_n0_e5000_g2,lemonde7j,25,4,sans_verbes,0,_s3,42018,6041,22964,544,0,0,5000,51,15,0.3000,32.50,0.6500,0.2076,0.3128,0.4154,2.606,0.2466,1.268,0.094061,0.065848,0.047649,0.040436,0.034905,0.029857,1,0.2755,1.135
2026-07-31T19:56:06,lemonde7j_d25_s4_noms_n0_e5000_g2,lemonde7j,25,4,noms,0,_s3,37624,5100,20409,490,0,0,5000,51,14,0.2800,32.07,0.6413,0.2113,0.3173,0.4212,2.644,0.2469,1.285,0.094052,0.068215,0.049007,0.041558,0.034445,0.030040,1,0.2795,1.135
2026-07-31T19:56:07,lemonde7j_d25_s4_noms_propres_n0_e5000_g2,lemonde7j,25,4,noms_propres,0,_s3,5357,476,2549,64,0,0,2485,51,11,0.2200,25.07,0.5014,0.2665,0.3852,0.4910,3.210,0.2984,1.291,0.115905,0.090174,0.060412,0.047495,0.038775,0.032440,1,0.3015,1.277
2026-07-31T19:56:09,lemonde7j_d25_s6_tous_n0_e5000_g2,lemonde7j,25,6,tous,0,_s3,13664,3903,8179,251,0,0,5000,51,11,0.2200,23.67,0.4735,0.2751,0.3927,0.4961,3.272,0.3061,1.283,0.131280,0.086666,0.057143,0.048623,0.038094,0.030846,1,0.3011,1.304
2026-07-31T19:56:11,lemonde7j_d25_s6_sans_verbes_n0_e5000_g2,lemonde7j,25,6,sans_verbes,0,_s3,12963,3615,7700,242,0,0,5000,51,10,0.2000,23.35,0.4670,0.2769,0.3971,0.5007,3.309,0.3096,1.283,0.133089,0.085930,0.057891,0.050942,0.037818,0.031407,1,0.3041,1.306
2026-07-31T19:56:13,lemonde7j_d25_s6_noms_n0_e5000_g2,lemonde7j,25,6,noms,0,_s3,11633,3194,6912,219,0,0,5000,51,10,0.2000,22.86,0.4572,0.2829,0.4025,0.5057,3.354,0.3105,1.296,0.133583,0.091411,0.057902,0.050021,0.038626,0.030960,1,0.3086,1.304
2026-07-31T19:56:15,lemonde7j_d25_s6_noms_propres_n0_e5000_g2,lemonde7j,25,6,noms_propres,0,_s3,1907,391,1030,35,0,0,995,51,7,0.1400,17.10,0.3420,0.3523,0.4807,0.5846,4.006,0.3735,1.287,0.161288,0.115931,0.075103,0.053189,0.042558,0.032656,1,0.3237,1.485
2026-07-31T19:56:17,lemonde7j_d50_s4_tous_n0_e5000_g2,lemonde7j,50,4,tous,0,_s3,44959,6933,21803,906,0,0,5000,101,30,0.3000,63.91,0.6391,0.1317,0.2066,0.2764,3.444,0.1560,1.325,0.061161,0.038304,0.032235,0.029614,0.023402,0.021933,1,0.1700,1.215
2026-07-31T19:56:20,lemonde7j_d50_s4_sans_verbes_n0_e5000_g2,lemonde7j,50,4,sans_verbes,0,_s3,42018,6009,20135,843,0,0,5000,101,29,0.2900,61.18,0.6118,0.1395,0.2159,0.2862,3.598,0.1643,1.313,0.064519,0.041112,0.033903,0.029281,0.024499,0.022538,1,0.1737,1.243
2026-07-31T19:56:22,lemonde7j_d50_s4_noms_n0_e5000_g2,lemonde7j,50,4,noms,0,_s3,37624,5079,17839,744,0,0,5000,101,28,0.2800,61.29,0.6129,0.1376,0.2152,0.2871,3.586,0.1638,1.314,0.063787,0.040301,0.033508,0.030971,0.023730,0.022891,1,0.1731,1.243
2026-07-31T19:56:24,lemonde7j_d50_s4_noms_propres_n0_e5000_g2,lemonde7j,50,4,noms_propres,0,_s3,5357,476,2203,90,0,0,2113,101,22,0.2200,45.68,0.4568,0.1841,0.2742,0.3520,4.571,0.2043,1.342,0.083207,0.057938,0.042958,0.036700,0.026995,0.026434,1,0.1961,1.398
2026-07-31T19:56:26,lemonde7j_d50_s6_tous_n0_e5000_g2,lemonde7j,50,6,tous,0,_s3,13664,3863,7571,376,0,0,5000,101,22,0.2200,42.59,0.4259,0.1942,0.2819,0.3579,4.698,0.2140,1.317,0.096618,0.057627,0.039953,0.036331,0.026999,0.024328,1,0.1965,1.435
2026-07-31T19:56:28,lemonde7j_d50_s6_sans_verbes_n0_e5000_g2,lemonde7j,50,6,sans_verbes,0,_s3,12963,3576,7126,363,0,0,5000,101,22,0.2200,43.17,0.4317,0.1922,0.2805,0.3571,4.675,0.2142,1.309,0.094533,0.057270,0.040415,0.036687,0.027299,0.024273,1,0.1963,1.429
2026-07-31T19:56:30,lemonde7j_d50_s6_noms_n0_e5000_g2,lemonde7j,50,6,noms,0,_s3,11633,3160,6395,334,0,0,5000,101,22,0.2200,42.71,0.4271,0.1932,0.2823,0.3592,4.706,0.2146,1.316,0.095465,0.057375,0.040362,0.037368,0.027390,0.024371,1,0.1976,1.429
2026-07-31T19:56:31,lemonde7j_d50_s6_noms_propres_n0_e5000_g2,lemonde7j,50,6,noms_propres,0,_s3,1907,390,941,49,0,0,892,101,15,0.1500,30.07,0.3007,0.2512,0.3522,0.4350,5.870,0.2680,1.314,0.120820,0.076930,0.053431,0.040954,0.031910,0.028166,1,0.2165,1.627
2026-07-31T19:56:34,lefigaro_d10_s4_tous_n5000_e5000_g2,lefigaro,10,4,tous,5000,_s3,60558,8823,40897,84,792,5,5000,21,7,0.3500,16.34,0.8169,0.2949,0.4792,0.6606,1.597,0.4099,1.169,0.119877,0.095770,0.079253,0.071485,0.060939,0.051861,1,0.4175,1.148
2026-07-31T19:56:36,lefigaro_d10_s4_sans_verbes_n5000_e5000_g2,lefigaro,10,4,sans_verbes,5000,_s3,55761,7348,36960,79,773,5,5000,21,7,0.3500,16.19,0.8094,0.2959,0.4843,0.6630,1.614,0.4105,1.180,0.121717,0.096082,0.078088,0.076241,0.060047,0.052128,1,0.4178,1.159
2026-07-31T19:56:39,lefigaro_d10_s4_noms_n5000_e5000_g2,lefigaro,10,4,noms,5000,_s3,46726,6065,32088,69,705,4,5000,21,7,0.3500,16.02,0.8010,0.3011,0.4914,0.6676,1.638,0.4105,1.197,0.123652,0.098483,0.078950,0.075386,0.060162,0.054813,1,0.4246,1.158
2026-07-31T19:56:41,lefigaro_d10_s4_noms_propres_n5000_e5000_g2,lefigaro,10,4,noms_propres,5000,_s3,7950,812,5095,24,130,1,4940,21,6,0.3000,14.51,0.7255,0.3420,0.5324,0.7012,1.775,0.4331,1.229,0.138673,0.117135,0.086155,0.074250,0.060335,0.055887,1,0.4556,1.169
2026-07-31T19:56:43,lefigaro_d10_s6_tous_n5000_e5000_g2,lefigaro,10,6,tous,5000,_s3,18963,4608,10653,35,350,2,5000,21,6,0.3000,14.12,0.7059,0.3540,0.5422,0.7068,1.807,0.4573,1.186,0.146084,0.109302,0.098620,0.076851,0.063790,0.047540,1,0.4302,1.260
2026-07-31T19:56:45,lefigaro_d10_s6_sans_verbes_n5000_e5000_g2,lefigaro,10,6,sans_verbes,5000,_s3,18131,4153,9965,32,342,2,5000,21,6,0.3000,14.28,0.7140,0.3493,0.5377,0.7036,1.792,0.4522,1.189,0.144014,0.108267,0.097028,0.078137,0.062863,0.047435,1,0.4301,1.250
2026-07-31T19:56:47,lefigaro_d10_s6_noms_n5000_e5000_g2,lefigaro,10,6,noms,5000,_s3,13666,3645,8617,30,312,2,5000,21,6,0.3000,13.84,0.6922,0.3537,0.5506,0.7137,1.835,0.4566,1.206,0.151001,0.115830,0.086844,0.082081,0.063712,0.051126,1,0.4361,1.262
2026-07-31T19:56:49,lefigaro_d10_s6_noms_propres_n5000_e5000_g2,lefigaro,10,6,noms_propres,5000,_s3,2275,567,1440,12,52,1,1375,21,5,0.2500,12.28,0.6139,0.3999,0.5854,0.7422,1.951,0.4681,1.251,0.172987,0.137264,0.089601,0.070458,0.060902,0.054201,1,0.4764,1.229
2026-07-31T19:56:51,lefigaro_d15_s4_tous_n5000_e5000_g2,lefigaro,15,4,tous,5000,_s3,60558,8822,39118,133,702,0,5000,31,10,0.3333,23.19,0.7731,0.2337,0.3828,0.5266,1.914,0.3143,1.218,0.098737,0.070281,0.064637,0.058886,0.048668,0.041574,1,0.3051,1.254
2026-07-31T19:56:54,lefigaro_d15_s4_sans_verbes_n5000_e5000_g2,lefigaro,15,4,sans_verbes,5000,_s3,55761,7347,35309,126,685,0,5000,31,10,0.3333,23.05,0.7682,0.2357,0.3839,0.5272,1.920,0.3134,1.225,0.099869,0.070467,0.065401,0.060203,0.048020,0.039974,1,0.3081,1.246
2026-07-31T19:56:56,lefigaro_d15_s4_noms_n5000_e5000_g2,lefigaro,15,4,noms,5000,_s3,46726,6064,30713,113,627,0,5000,31,9,0.3000,22.67,0.7557,0.2406,0.3917,0.5356,1.959,0.3127,1.253,0.101603,0.073358,0.065629,0.060870,0.048322,0.041967,1,0.3131,1.251
2026-07-31T19:56:58,lefigaro_d15_s4_noms_propres_n5000_e5000_g2,lefigaro,15,4,noms_propres,5000,_s3,7950,812,4854,28,116,0,4710,31,8,0.2667,20.03,0.6678,0.2771,0.4380,0.5784,2.190,0.3405,1.286,0.118173,0.090704,0.068197,0.062958,0.052762,0.045193,1,0.3470,1.262
2026-07-31T19:57:00,lefigaro_d15_s6_tous_n5000_e5000_g2,lefigaro,15,6,tous,5000,_s3,18963,4605,10211,56,309,0,5000,31,8,0.2667,18.52,0.6174,0.3041,0.4598,0.5949,2.299,0.3692,1.245,0.134893,0.088826,0.080366,0.063248,0.050675,0.041836,1,0.3266,1.408
2026-07-31T19:57:01,lefigaro_d15_s6_sans_verbes_n5000_e5000_g2,lefigaro,15,6,sans_verbes,5000,_s3,18131,4150,9532,53,302,0,5000,31,8,0.2667,18.55,0.6185,0.3030,0.4590,0.5942,2.295,0.3718,1.235,0.134770,0.088727,0.079499,0.063706,0.050458,0.041857,1,0.3279,1.400
2026-07-31T19:57:04,lefigaro_d15_s6_noms_n5000_e5000_g2,lefigaro,15,6,noms,5000,_s3,13666,3642,8305,50,277,0,5000,31,7,0.2333,18.07,0.6023,0.3081,0.4655,0.6025,2.327,0.3678,1.265,0.138787,0.094522,0.074790,0.065741,0.050397,0.041223,1,0.3322,1.401
2026-07-31T19:57:05,lefigaro_d15_s6_noms_propres_n5000_e5000_g2,lefigaro,15,6,noms_propres,5000,_s3,2275,567,1391,13,47,0,1331,31,6,0.2000,15.76,0.5252,0.3476,0.5063,0.6401,2.531,0.3939,1.285,0.155135,0.115896,0.076614,0.062971,0.050448,0.045199,1,0.3733,1.356
2026-07-31T19:57:08,lefigaro_d25_s4_tous_n5000_e5000_g2,lefigaro,25,4,tous,5000,_s3,60558,8821,37160,166,636,0,5000,51,15,0.3000,35.40,0.7080,0.1846,0.2946,0.4001,2.455,0.2318,1.271,0.080147,0.055969,0.048443,0.041857,0.036021,0.032146,1,0.2244,1.313
2026-07-31T19:57:10,lefigaro_d25_s4_sans_verbes_n5000_e5000_g2,lefigaro,25,4,sans_verbes,5000,_s3,55761,7346,33508,159,619,0,5000,51,15,0.3000,35.18,0.7036,0.1845,0.2957,0.4027,2.464,0.2334,1.267,0.081532,0.054272,0.048707,0.042434,0.036676,0.032052,1,0.2261,1.308
2026-07-31T19:57:12,lefigaro_d25_s4_noms_n5000_e5000_g2,lefigaro,25,4,noms,5000,_s3,46726,6064,29184,143,572,0,5000,51,15,0.3000,34.16,0.6832,0.1928,0.3034,0.4114,2.528,0.2394,1.267,0.084718,0.056427,0.051640,0.042865,0.037256,0.030475,1,0.2286,1.327
2026-07-31T19:57:14,lefigaro_d25_s4_noms_propres_n5000_e5000_g2,lefigaro,25,4,noms_propres,5000,_s3,7950,812,4579,30,106,0,4443,51,12,0.2400,29.25,0.5849,0.2219,0.3501,0.4613,2.918,0.2666,1.313,0.098827,0.068328,0.054732,0.051140,0.041865,0.035213,1,0.2585,1.355
2026-07-31T19:57:16,lefigaro_d25_s6_tous_n5000_e5000_g2,lefigaro,25,6,tous,5000,_s3,18963,4600,9788,70,286,0,5000,51,11,0.2200,26.01,0.5203,0.2516,0.3739,0.4793,3.116,0.2962,1.262,0.121348,0.067727,0.062516,0.048384,0.039734,0.034232,1,0.2440,1.532
2026-07-31T19:57:18,lefigaro_d25_s6_sans_verbes_n5000_e5000_g2,lefigaro,25,6,sans_verbes,5000,_s3,18131,4145,9131,67,279,0,5000,51,11,0.2200,25.35,0.5070,0.2575,0.3801,0.4864,3.167,0.2987,1.272,0.123468,0.072980,0.061061,0.049621,0.038585,0.034382,1,0.2480,1.533
2026-07-31T19:57:20,lefigaro_d25_s6_noms_n5000_e5000_g2,lefigaro,25,6,noms,5000,_s3,13666,3639,8008,62,257,0,5000,51,11,0.2200,25.44,0.5088,0.2556,0.3776,0.4862,3.147,0.2952,1.279,0.123922,0.070597,0.061074,0.049161,0.038361,0.034531,1,0.2495,1.514
2026-07-31T19:57:22,lefigaro_d25_s6_noms_propres_n5000_e5000_g2,lefigaro,25,6,noms_propres,5000,_s3,2275,567,1343,15,45,0,1283,51,9,0.1800,21.53,0.4306,0.2895,0.4212,0.5325,3.510,0.3261,1.292,0.137522,0.090733,0.061218,0.055783,0.039090,0.036816,1,0.2924,1.440
2026-07-31T19:57:25,lefigaro_d50_s4_tous_n5000_e5000_g2,lefigaro,50,4,tous,5000,_s3,60558,8818,34313,233,562,0,5000,101,29,0.2900,64.26,0.6426,0.1315,0.2078,0.2775,3.463,0.1534,1.355,0.056239,0.043930,0.031314,0.027578,0.025748,0.022998,2,0.1440,1.444
2026-07-31T19:57:27,lefigaro_d50_s4_sans_verbes_n5000_e5000_g2,lefigaro,50,4,sans_verbes,5000,_s3,55761,7343,30871,222,546,0,5000,101,28,0.2800,61.33,0.6133,0.1388,0.2166,0.2879,3.610,0.1588,1.365,0.061603,0.044432,0.032780,0.028724,0.026174,0.022915,2,0.1481,1.463
2026-07-31T19:57:30,lefigaro_d50_s4_noms_n5000_e5000_g2,lefigaro,50,4,noms,5000,_s3,46726,6062,26923,200,506,0,5000,101,28,0.2800,61.60,0.6160,0.1379,0.2161,0.2876,3.601,0.1568,1.378,0.060281,0.045223,0.032352,0.028858,0.026465,0.022877,2,0.1488,1.452
2026-07-31T19:57:32,lefigaro_d50_s4_noms_propres_n5000_e5000_g2,lefigaro,50,4,noms_propres,5000,_s3,7950,812,4189,38,94,0,4057,101,23,0.2300,50.55,0.5055,0.1643,0.2567,0.3363,4.278,0.1855,1.384,0.073428,0.048033,0.042817,0.035916,0.029581,0.026907,1,0.1759,1.459
2026-07-31T19:57:34,lefigaro_d50_s6_tous_n5000_e5000_g2,lefigaro,50,6,tous,5000,_s3,18963,4596,9280,83,258,0,5000,101,22,0.2200,43.63,0.4363,0.1910,0.2805,0.3563,4.675,0.2087,1.344,0.093393,0.054837,0.042784,0.032876,0.029200,0.027435,1,0.1666,1.684
2026-07-31T19:57:36,lefigaro_d50_s6_sans_verbes_n5000_e5000_g2,lefigaro,50,6,sans_verbes,5000,_s3,18131,4141,8649,80,251,0,5000,101,22,0.2200,42.73,0.4273,0.1946,0.2840,0.3597,4.733,0.2109,1.347,0.095369,0.054975,0.044288,0.034222,0.028521,0.026616,1,0.1706,1.665
2026-07-31T19:57:38,lefigaro_d50_s6_noms_n5000_e5000_g2,lefigaro,50,6,noms,5000,_s3,13666,3635,7630,75,233,0,5000,101,21,0.2100,41.87,0.4187,0.1958,0.2866,0.3647,4.776,0.2141,1.338,0.097713,0.053584,0.044481,0.035198,0.028474,0.027128,1,0.1724,1.662
2026-07-31T19:57:40,lefigaro_d50_s6_noms_propres_n5000_e5000_g2,lefigaro,50,6,noms_propres,5000,_s3,2275,567,1282,16,40,0,1226,101,16,0.1600,34.24,0.3424,0.2221,0.3275,0.4126,5.458,0.2470,1.326,0.109984,0.065284,0.046786,0.044974,0.030503,0.029961,1,0.2050,1.598
2026-07-31T19:57:42,lefigaro3j_d10_s4_tous_n0_e5000_g2,lefigaro3j,10,4,tous,0,_s3,28362,7240,19147,122,0,0,5000,21,7,0.3500,15.43,0.7716,0.3165,0.4961,0.6752,1.654,0.3991,1.243,0.133815,0.107241,0.075481,0.069548,0.058909,0.051076,1,0.4559,1.088
2026-07-31T19:57:43,lefigaro3j_d10_s4_sans_verbes_n0_e5000_g2,lefigaro3j,10,4,sans_verbes,0,_s3,26006,6235,17421,113,0,0,5000,21,6,0.3000,15.23,0.7615,0.3228,0.5010,0.6772,1.670,0.3999,1.253,0.137855,0.107950,0.076992,0.066424,0.061246,0.050544,1,0.4585,1.093
2026-07-31T19:57:45,lefigaro3j_d10_s4_noms_n0_e5000_g2,lefigaro3j,10,4,noms,0,_s3,23039,5277,15350,98,0,0,5000,21,6,0.3000,15.00,0.7500,0.3289,0.5082,0.6846,1.694,0.4069,1.249,0.137440,0.113511,0.077926,0.069469,0.060080,0.049797,1,0.4632,1.097
2026-07-31T19:57:46,lefigaro3j_d10_s4_noms_propres_n0_e5000_g2,lefigaro3j,10,4,noms_propres,0,_s3,3996,736,2419,31,0,0,2388,21,5,0.2500,13.06,0.6532,0.3789,0.5578,0.7281,1.859,0.4440,1.256,0.159064,0.135143,0.084668,0.070873,0.060609,0.047485,0,0.5114,1.091
2026-07-31T19:57:48,lefigaro3j_d10_s6_tous_n0_e5000_g2,lefigaro3j,10,6,tous,0,_s3,7994,3310,5581,49,0,0,5000,21,5,0.2500,11.74,0.5870,0.4083,0.5877,0.7441,1.959,0.4722,1.244,0.188797,0.137649,0.081855,0.071260,0.061118,0.047005,0,0.4891,1.202
2026-07-31T19:57:50,lefigaro3j_d10_s6_sans_verbes_n0_e5000_g2,lefigaro3j,10,6,sans_verbes,0,_s3,7519,3051,5236,47,0,0,5000,21,5,0.2500,11.61,0.5805,0.4128,0.5900,0.7464,1.967,0.4747,1.243,0.190306,0.139833,0.082634,0.071131,0.060022,0.046082,1,0.4911,1.201
2026-07-31T19:57:51,lefigaro3j_d10_s6_noms_n0_e5000_g2,lefigaro3j,10,6,noms,0,_s3,6757,2718,4698,43,0,0,4655,21,5,0.2500,11.53,0.5766,0.4154,0.5920,0.7490,1.973,0.4762,1.243,0.191333,0.140539,0.083483,0.071395,0.059241,0.046057,1,0.4932,1.200
2026-07-31T19:57:52,lefigaro3j_d10_s6_noms_propres_n0_e5000_g2,lefigaro3j,10,6,noms_propres,0,_s3,1281,426,790,16,0,0,774,21,4,0.2000,10.05,0.5024,0.4611,0.6351,0.7892,2.117,0.5184,1.225,0.208933,0.164638,0.087545,0.070755,0.057991,0.045238,0,0.5482,1.159
2026-07-31T19:57:54,lefigaro3j_d15_s4_tous_n0_e5000_g2,lefigaro3j,15,4,tous,0,_s3,28362,7232,18521,146,0,0,5000,31,9,0.3000,21.64,0.7213,0.2616,0.4014,0.5441,2.007,0.3153,1.273,0.109109,0.088290,0.064173,0.055271,0.044323,0.040271,1,0.3675,1.092
2026-07-31T19:57:56,lefigaro3j_d15_s4_sans_verbes_n0_e5000_g2,lefigaro3j,15,4,sans_verbes,0,_s3,26006,6228,16843,136,0,0,5000,31,9,0.3000,20.97,0.6990,0.2706,0.4110,0.5511,2.055,0.3200,1.284,0.115489,0.090822,0.064242,0.056239,0.044412,0.039836,1,0.3696,1.112
2026-07-31T19:57:57,lefigaro3j_d15_s4_noms_n0_e5000_g2,lefigaro3j,15,4,noms,0,_s3,23039,5271,14830,117,0,0,5000,31,9,0.3000,21.17,0.7056,0.2670,0.4086,0.5504,2.043,0.3215,1.271,0.112790,0.090033,0.064192,0.058112,0.043996,0.039511,1,0.3681,1.110
2026-07-31T19:57:59,lefigaro3j_d15_s4_noms_propres_n0_e5000_g2,lefigaro3j,15,4,noms_propres,0,_s3,3996,735,2326,33,0,0,2293,31,7,0.2333,17.89,0.5964,0.3149,0.4653,0.6071,2.326,0.3629,1.282,0.130086,0.113888,0.070894,0.062088,0.047624,0.040690,0,0.4096,1.136
2026-07-31T19:58:00,lefigaro3j_d15_s6_tous_n0_e5000_g2,lefigaro3j,15,6,tous,0,_s3,7994,3304,5482,56,0,0,5000,31,7,0.2333,15.68,0.5226,0.3493,0.4983,0.6297,2.491,0.3916,1.273,0.162008,0.114653,0.072638,0.060124,0.048833,0.040042,1,0.3975,1.254
2026-07-31T19:58:02,lefigaro3j_d15_s6_sans_verbes_n0_e5000_g2,lefigaro3j,15,6,sans_verbes,0,_s3,7519,3045,5143,54,0,0,5000,31,6,0.2000,15.43,0.5144,0.3538,0.5016,0.6337,2.508,0.3957,1.268,0.164533,0.116006,0.073256,0.060273,0.048089,0.039454,1,0.3996,1.255
2026-07-31T19:58:04,lefigaro3j_d15_s6_noms_n0_e5000_g2,lefigaro3j,15,6,noms,0,_s3,6757,2712,4611,50,0,0,4561,31,6,0.2000,15.36,0.5120,0.3550,0.5033,0.6355,2.516,0.3980,1.264,0.164830,0.116553,0.073650,0.061119,0.047923,0.039187,1,0.4000,1.258
2026-07-31T19:58:05,lefigaro3j_d15_s6_noms_propres_n0_e5000_g2,lefigaro3j,15,6,noms_propres,0,_s3,1281,424,771,18,0,0,753,31,5,0.1667,13.30,0.4432,0.3943,0.5525,0.6890,2.763,0.4349,1.270,0.175192,0.140361,0.078766,0.063626,0.049863,0.044697,0,0.4480,1.233
2026-07-31T19:58:06,lefigaro3j_d25_s4_tous_n0_e5000_g2,lefigaro3j,25,4,tous,0,_s3,28362,7222,17645,263,0,0,5000,51,14,0.2800,32.86,0.6573,0.2061,0.3134,0.4203,2.612,0.2393,1.310,0.088686,0.065134,0.052326,0.042400,0.033479,0.031407,1,0.2756,1.137
2026-07-31T19:58:08,lefigaro3j_d25_s4_sans_verbes_n0_e5000_g2,lefigaro3j,25,4,sans_verbes,0,_s3,26006,6219,16022,250,0,0,5000,51,14,0.2800,32.07,0.6414,0.2100,0.3206,0.4284,2.672,0.2446,1.311,0.091324,0.066282,0.052388,0.045246,0.034625,0.030754,1,0.2799,1.145
2026-07-31T19:58:10,lefigaro3j_d25_s4_noms_n0_e5000_g2,lefigaro3j,25,4,noms,0,_s3,23039,5264,14086,217,0,0,5000,51,14,0.2800,32.13,0.6427,0.2086,0.3183,0.4283,2.652,0.2444,1.302,0.092322,0.064850,0.051415,0.045356,0.033382,0.030945,1,0.2792,1.140
2026-07-31T19:58:11,lefigaro3j_d25_s4_noms_propres_n0_e5000_g2,lefigaro3j,25,4,noms_propres,0,_s3,3996,732,2186,49,0,0,2137,51,11,0.2200,26.63,0.5327,0.2484,0.3713,0.4838,3.094,0.2851,1.302,0.103351,0.089539,0.055550,0.052458,0.036664,0.033730,0,0.3108,1.195
2026-07-31T19:58:13,lefigaro3j_d25_s6_tous_n0_e5000_g2,lefigaro3j,25,6,tous,0,_s3,7994,3280,5370,111,0,0,5000,51,10,0.2000,22.91,0.4582,0.2825,0.3989,0.5043,3.324,0.3110,1.282,0.135355,0.087494,0.059649,0.048944,0.036624,0.030797,1,0.2998,1.330
2026-07-31T19:58:14,lefigaro3j_d25_s6_sans_verbes_n0_e5000_g2,lefigaro3j,25,6,sans_verbes,0,_s3,7519,3022,5036,107,0,0,4929,51,10,0.2000,22.64,0.4527,0.2845,0.4018,0.5073,3.349,0.3133,1.283,0.136751,0.088358,0.059441,0.049271,0.037097,0.030916,1,0.3020,1.330
2026-07-31T19:58:16,lefigaro3j_d25_s6_noms_n0_e5000_g2,lefigaro3j,25,6,noms,0,_s3,6757,2693,4509,94,0,0,4415,51,10,0.2000,22.52,0.4505,0.2858,0.4043,0.5099,3.370,0.3153,1.282,0.136444,0.089314,0.060065,0.050155,0.037333,0.031029,1,0.3021,1.338
2026-07-31T19:58:17,lefigaro3j_d25_s6_noms_propres_n0_e5000_g2,lefigaro3j,25,6,noms_propres,0,_s3,1281,420,747,25,0,0,722,51,8,0.1600,18.89,0.3779,0.3242,0.4566,0.5682,3.805,0.3572,1.278,0.142988,0.116114,0.065072,0.056107,0.040633,0.035637,0,0.3397,1.344
2026-07-31T19:58:19,lefigaro3j_d50_s4_tous_n0_e5000_g2,lefigaro3j,50,4,tous,0,_s3,28362,7159,16046,597,0,0,5000,101,28,0.2800,58.44,0.5844,0.1494,0.2272,0.3023,3.786,0.1647,1.379,0.063921,0.043784,0.041743,0.031384,0.023408,0.022914,1,0.1908,1.191
2026-07-31T19:58:21,lefigaro3j_d50_s4_sans_verbes_n0_e5000_g2,lefigaro3j,50,4,sans_verbes,0,_s3,26006,6165,14546,568,0,0,5000,101,27,0.2700,57.17,0.5717,0.1517,0.2309,0.3066,3.848,0.1652,1.398,0.066910,0.043119,0.041698,0.031552,0.024880,0.022746,1,0.1945,1.187
2026-07-31T19:58:23,lefigaro3j_d50_s4_noms_n0_e5000_g2,lefigaro3j,50,4,noms,0,_s3,23039,5217,12777,503,0,0,5000,101,27,0.2700,57.09,0.5709,0.1515,0.2305,0.3079,3.842,0.1659,1.390,0.066231,0.044551,0.040740,0.031789,0.024926,0.022285,1,0.1936,1.191
2026-07-31T19:58:24,lefigaro3j_d50_s4_noms_propres_n0_e5000_g2,lefigaro3j,50,4,noms_propres,0,_s3,3996,729,1976,96,0,0,1880,101,21,0.2100,46.33,0.4633,0.1798,0.2718,0.3554,4.531,0.2012,1.351,0.076583,0.061442,0.041818,0.038112,0.027962,0.025930,0,0.2188,1.242
2026-07-31T19:58:26,lefigaro3j_d50_s6_tous_n0_e5000_g2,lefigaro3j,50,6,tous,0,_s3,7994,3204,5106,257,0,0,4849,101,20,0.2000,40.08,0.4008,0.2063,0.2952,0.3733,4.920,0.2240,1.318,0.100346,0.058915,0.046996,0.036238,0.027593,0.025118,1,0.2080,1.419
2026-07-31T19:58:28,lefigaro3j_d50_s6_sans_verbes_n0_e5000_g2,lefigaro3j,50,6,sans_verbes,0,_s3,7519,2951,4786,248,0,0,4538,101,20,0.2000,39.58,0.3958,0.2081,0.2974,0.3757,4.957,0.2264,1.314,0.101187,0.060087,0.046783,0.036395,0.027875,0.025091,1,0.2086,1.426
2026-07-31T19:58:29,lefigaro3j_d50_s6_noms_n0_e5000_g2,lefigaro3j,50,6,noms,0,_s3,6757,2630,4288,219,0,0,4069,101,20,0.2000,39.39,0.3939,0.2091,0.2992,0.3776,4.986,0.2277,1.314,0.100596,0.061170,0.047307,0.037003,0.027949,0.025161,1,0.2087,1.433
2026-07-31T19:58:31,lefigaro3j_d50_s6_noms_propres_n0_e5000_g2,lefigaro3j,50,6,noms_propres,0,_s3,1281,410,717,50,0,0,667,101,15,0.1500,31.89,0.3189,0.2412,0.3427,0.4304,5.712,0.2632,1.302,0.105750,0.085394,0.050049,0.041297,0.030872,0.029341,0,0.2339,1.465
2026-07-31T19:58:32,lefigaro7j_d10_s4_tous_n0_e5000_g2,lefigaro7j,10,4,tous,0,_s3,18274,5951,11512,201,0,0,5000,21,6,0.3000,14.53,0.7265,0.3466,0.5218,0.6903,1.739,0.3955,1.319,0.138802,0.122111,0.085705,0.068615,0.058693,0.047877,0,0.5082,1.027
2026-07-31T19:58:34,lefigaro7j_d10_s4_sans_verbes_n0_e5000_g2,lefigaro7j,10,4,sans_verbes,0,_s3,16710,5184,10440,191,0,0,5000,21,6,0.3000,14.32,0.7160,0.3497,0.5276,0.6955,1.759,0.3984,1.324,0.142807,0.122427,0.084505,0.071149,0.058253,0.048461,1,0.5107,1.033
2026-07-31T19:58:35,lefigaro7j_d10_s4_noms_n0_e5000_g2,lefigaro7j,10,4,noms,0,_s3,14775,4428,9167,173,0,0,5000,21,6,0.3000,14.21,0.7105,0.3538,0.5304,0.6994,1.768,0.4072,1.303,0.140849,0.127023,0.085896,0.069782,0.058423,0.048457,0,0.5131,1.034
2026-07-31T19:58:36,lefigaro7j_d10_s4_noms_propres_n0_e5000_g2,lefigaro7j,10,4,noms_propres,0,_s3,2290,617,1426,47,0,0,1379,21,5,0.2500,12.29,0.6144,0.4063,0.5853,0.7442,1.951,0.4463,1.311,0.165165,0.143493,0.097667,0.070049,0.059718,0.049220,0,0.5346,1.095
2026-07-31T19:58:38,lefigaro7j_d10_s6_tous_n0_e5000_g2,lefigaro7j,10,6,tous,0,_s3,6157,2542,3678,78,0,0,3600,21,5,0.2500,11.69,0.5846,0.4185,0.6071,0.7556,2.024,0.4652,1.305,0.175983,0.145819,0.096657,0.079312,0.055040,0.054268,0,0.5328,1.139
2026-07-31T19:58:39,lefigaro7j_d10_s6_sans_verbes_n0_e5000_g2,lefigaro7j,10,6,sans_verbes,0,_s3,5825,2338,3438,76,0,0,3362,21,5,0.2500,11.64,0.5821,0.4189,0.6090,0.7584,2.030,0.4696,1.297,0.176853,0.145968,0.096044,0.080304,0.055577,0.054298,0,0.5319,1.145
2026-07-31T19:58:40,lefigaro7j_d10_s6_noms_n0_e5000_g2,lefigaro7j,10,6,noms,0,_s3,5218,2095,3070,71,0,0,2999,21,5,0.2500,11.76,0.5878,0.4146,0.6075,0.7586,2.025,0.4722,1.286,0.174792,0.144611,0.095232,0.080512,0.056976,0.055355,0,0.5322,1.141
2026-07-31T19:58:41,lefigaro7j_d10_s6_noms_propres_n0_e5000_g2,lefigaro7j,10,6,noms_propres,0,_s3,767,339,515,24,0,0,491,21,4,0.2000,9.63,0.4813,0.4818,0.6624,0.7993,2.208,0.5186,1.277,0.213084,0.166883,0.101816,0.074268,0.059466,0.046890,0,0.5537,1.196
2026-07-31T19:58:43,lefigaro7j_d15_s4_tous_n0_e5000_g2,lefigaro7j,15,4,tous,0,_s3,18274,5930,11061,289,0,0,5000,31,8,0.2667,19.94,0.6646,0.2872,0.4316,0.5676,2.158,0.3135,1.377,0.119492,0.099032,0.068715,0.056522,0.048582,0.039221,1,0.4135,1.044
2026-07-31T19:58:44,lefigaro7j_d15_s4_sans_verbes_n0_e5000_g2,lefigaro7j,15,4,sans_verbes,0,_s3,16710,5164,10021,277,0,0,5000,31,8,0.2667,19.85,0.6618,0.2877,0.4334,0.5729,2.167,0.3217,1.347,0.118773,0.100123,0.068795,0.057595,0.048419,0.039683,1,0.4146,1.045
2026-07-31T19:58:46,lefigaro7j_d15_s4_noms_n0_e5000_g2,lefigaro7j,15,4,noms,0,_s3,14775,4410,8800,247,0,0,5000,31,8,0.2667,19.66,0.6554,0.2911,0.4396,0.5764,2.198,0.3222,1.364,0.119976,0.099848,0.071323,0.056898,0.050005,0.041589,1,0.4116,1.068
2026-07-31T19:58:47,lefigaro7j_d15_s4_noms_propres_n0_e5000_g2,lefigaro7j,15,4,noms_propres,0,_s3,2290,613,1374,61,0,0,1313,31,7,0.2333,17.18,0.5726,0.3313,0.4836,0.6220,2.418,0.3620,1.336,0.129373,0.120709,0.081204,0.059826,0.049669,0.042778,0,0.4292,1.127
2026-07-31T19:58:48,lefigaro7j_d15_s6_tous_n0_e5000_g2,lefigaro7j,15,6,tous,0,_s3,6157,2510,3586,129,0,0,3457,31,6,0.2000,15.47,0.5157,0.3576,0.5180,0.6443,2.590,0.3891,1.331,0.154938,0.119691,0.082994,0.066138,0.049482,0.044796,0,0.4295,1.206
2026-07-31T19:58:50,lefigaro7j_d15_s6_sans_verbes_n0_e5000_g2,lefigaro7j,15,6,sans_verbes,0,_s3,5825,2308,3350,125,0,0,3225,31,6,0.2000,15.40,0.5133,0.3578,0.5202,0.6466,2.601,0.3936,1.322,0.155751,0.119825,0.082190,0.066954,0.049975,0.045501,0,0.4270,1.218
2026-07-31T19:58:51,lefigaro7j_d15_s6_noms_n0_e5000_g2,lefigaro7j,15,6,noms,0,_s3,5218,2071,2994,111,0,0,2883,31,6,0.2000,15.54,0.5181,0.3548,0.5184,0.6461,2.592,0.3944,1.314,0.153883,0.118916,0.082024,0.067058,0.050467,0.046027,0,0.4260,1.217
2026-07-31T19:58:52,lefigaro7j_d15_s6_noms_propres_n0_e5000_g2,lefigaro7j,15,6,noms_propres,0,_s3,767,334,507,33,0,0,474,31,5,0.1667,12.73,0.4243,0.4116,0.5693,0.6930,2.846,0.4377,1.301,0.176772,0.148929,0.085927,0.064053,0.052663,0.040936,0,0.4424,1.287
2026-07-31T19:58:53,lefigaro7j_d25_s4_tous_n0_e5000_g2,lefigaro7j,25,4,tous,0,_s3,18274,5842,10388,543,0,0,5000,51,13,0.2600,31.17,0.6234,0.2180,0.3348,0.4398,2.790,0.2336,1.433,0.090013,0.071980,0.055986,0.045853,0.038346,0.032635,1,0.3103,1.079
2026-07-31T19:58:55,lefigaro7j_d25_s4_sans_verbes_n0_e5000_g2,lefigaro7j,25,4,sans_verbes,0,_s3,16710,5086,9403,517,0,0,5000,51,13,0.2600,30.48,0.6097,0.2232,0.3406,0.4471,2.838,0.2423,1.406,0.092071,0.074301,0.056798,0.044769,0.039336,0.033326,1,0.3128,1.089
2026-07-31T19:58:56,lefigaro7j_d25_s4_noms_n0_e5000_g2,lefigaro7j,25,4,noms,0,_s3,14775,4345,8262,462,0,0,5000,51,13,0.2600,30.64,0.6128,0.2216,0.3403,0.4461,2.836,0.2417,1.408,0.090337,0.074530,0.056769,0.046176,0.039093,0.033361,1,0.3088,1.102
2026-07-31T19:58:57,lefigaro7j_d25_s4_noms_propres_n0_e5000_g2,lefigaro7j,25,4,noms_propres,0,_s3,2290,608,1308,89,0,0,1219,51,11,0.2200,26.90,0.5380,0.2491,0.3732,0.4892,3.110,0.2760,1.352,0.094355,0.090963,0.063806,0.049544,0.039594,0.034947,0,0.3269,1.142
2026-07-31T19:58:59,lefigaro7j_d25_s6_tous_n0_e5000_g2,lefigaro7j,25,6,tous,0,_s3,6157,2441,3459,241,0,0,3218,51,10,0.2000,23.00,0.4600,0.2863,0.4151,0.5178,3.459,0.3028,1.371,0.125571,0.091325,0.069363,0.049846,0.042831,0.036179,0,0.3269,1.270
2026-07-31T19:59:00,lefigaro7j_d25_s6_sans_verbes_n0_e5000_g2,lefigaro7j,25,6,sans_verbes,0,_s3,5825,2242,3231,234,0,0,2997,51,10,0.2000,22.95,0.4591,0.2855,0.4152,0.5183,3.460,0.3069,1.353,0.126371,0.090975,0.068159,0.050693,0.042397,0.036637,0,0.3242,1.281
2026-07-31T19:59:01,lefigaro7j_d25_s6_noms_n0_e5000_g2,lefigaro7j,25,6,noms,0,_s3,5218,2012,2896,208,0,0,2688,51,10,0.2000,23.06,0.4611,0.2842,0.4151,0.5191,3.459,0.3063,1.355,0.124848,0.091000,0.068320,0.051872,0.042079,0.036962,0,0.3242,1.280
2026-07-31T19:59:03,lefigaro7j_d25_s6_noms_propres_n0_e5000_g2,lefigaro7j,25,6,noms_propres,0,_s3,767,328,496,44,0,0,452,51,8,0.1600,19.00,0.3800,0.3280,0.4575,0.5709,3.812,0.3470,1.318,0.137318,0.118379,0.072344,0.048615,0.044595,0.036208,0,0.3462,1.321
2026-07-31T19:59:04,lefigaro7j_d50_s4_tous_n0_e5000_g2,lefigaro7j,50,4,tous,0,_s3,18274,5503,9279,1223,0,0,5000,101,25,0.2500,52.35,0.5235,0.1648,0.2517,0.3306,4.196,0.1576,1.597,0.068247,0.053081,0.043477,0.036928,0.026709,0.023308,1,0.2133,1.180
2026-07-31T19:59:06,lefigaro7j_d50_s4_sans_verbes_n0_e5000_g2,lefigaro7j,50,4,sans_verbes,0,_s3,16710,4793,8364,1137,0,0,5000,101,24,0.2400,52.08,0.5208,0.1652,0.2530,0.3322,4.217,0.1589,1.592,0.067581,0.053822,0.043762,0.037551,0.026479,0.023824,1,0.2130,1.188
2026-07-31T19:59:08,lefigaro7j_d50_s4_noms_n0_e5000_g2,lefigaro7j,50,4,noms,0,_s3,14775,4095,7340,1023,0,0,5000,101,24,0.2400,51.50,0.5150,0.1664,0.2556,0.3364,4.260,0.1616,1.582,0.067906,0.053816,0.044706,0.037343,0.027277,0.024534,1,0.2149,1.190
2026-07-31T19:59:09,lefigaro7j_d50_s4_noms_propres_n0_e5000_g2,lefigaro7j,50,4,noms_propres,0,_s3,2290,592,1140,155,0,0,985,101,19,0.1900,45.71,0.4571,0.1773,0.2798,0.3687,4.663,0.1915,1.461,0.066999,0.061351,0.048908,0.042240,0.032902,0.027405,0,0.2266,1.235
2026-07-31T19:59:11,lefigaro7j_d50_s6_tous_n0_e5000_g2,lefigaro7j,50,6,tous,0,_s3,6157,2292,3233,456,0,0,2777,101,18,0.1800,38.67,0.3867,0.2122,0.3139,0.3950,5.231,0.2112,1.486,0.092191,0.068139,0.051821,0.043457,0.031339,0.026927,1,0.2243,1.399
2026-07-31T19:59:12,lefigaro7j_d50_s6_sans_verbes_n0_e5000_g2,lefigaro7j,50,6,sans_verbes,0,_s3,5825,2104,3014,438,0,0,2576,101,18,0.1800,38.91,0.3891,0.2098,0.3126,0.3948,5.210,0.2145,1.457,0.092030,0.066300,0.051514,0.043530,0.031905,0.027323,1,0.2214,1.412
2026-07-31T19:59:14,lefigaro7j_d50_s6_noms_n0_e5000_g2,lefigaro7j,50,6,noms,0,_s3,5218,1884,2701,398,0,0,2303,101,18,0.1800,38.58,0.3858,0.2108,0.3140,0.3967,5.234,0.2150,1.461,0.092500,0.066529,0.051777,0.043856,0.032297,0.027065,0,0.2242,1.401
2026-07-31T19:59:15,lefigaro7j_d50_s6_noms_propres_n0_e5000_g2,lefigaro7j,50,6,noms_propres,0,_s3,767,312,464,75,0,0,389,101,14,0.1400,31.17,0.3117,0.2424,0.3497,0.4412,5.828,0.2557,1.367,0.103800,0.084188,0.054415,0.042494,0.035333,0.029439,0,0.2450,1.427
2026-07-31T19:59:18,lesechos_d10_s4_tous_n5000_e5000_g2,lesechos,10,4,tous,5000,_s3,62592,8655,50055,125,4011,0,5000,21,7,0.3500,16.27,0.8135,0.2932,0.4680,0.6523,1.560,0.4210,1.112,0.126348,0.100095,0.066724,0.065235,0.057282,0.052294,2,0.3828,1.222
2026-07-31T19:59:20,lesechos_d10_s4_sans_verbes_n5000_e5000_g2,lesechos,10,4,sans_verbes,5000,_s3,58807,7144,46642,110,3834,0,5000,21,7,0.3500,16.28,0.8141,0.2957,0.4679,0.6505,1.560,0.4141,1.130,0.124867,0.102868,0.067955,0.061833,0.057717,0.052632,2,0.3797,1.232
2026-07-31T19:59:23,lesechos_d10_s4_noms_n5000_e5000_g2,lesechos,10,4,noms,5000,_s3,52486,5792,41346,96,3507,0,5000,21,7,0.3500,16.12,0.8058,0.2975,0.4740,0.6525,1.580,0.4199,1.129,0.128990,0.101882,0.066616,0.061676,0.059039,0.055799,2,0.3820,1.241
2026-07-31T19:59:25,lesechos_d10_s4_noms_propres_n5000_e5000_g2,lesechos,10,4,noms_propres,5000,_s3,8682,621,5995,12,798,0,5000,21,6,0.3000,14.13,0.7066,0.3462,0.5273,0.6981,1.758,0.4670,1.129,0.154394,0.116323,0.075527,0.068553,0.059376,0.053176,1,0.4078,1.293
2026-07-31T19:59:27,lesechos_d10_s6_tous_n5000_e5000_g2,lesechos,10,6,tous,5000,_s3,16794,4650,13380,28,1532,0,5000,21,6,0.3000,13.30,0.6649,0.3624,0.5493,0.7129,1.831,0.4803,1.144,0.168069,0.121142,0.073196,0.068276,0.064914,0.053752,1,0.3979,1.381
2026-07-31T19:59:29,lesechos_d10_s6_sans_verbes_n5000_e5000_g2,lesechos,10,6,sans_verbes,5000,_s3,16134,4288,12802,24,1479,0,5000,21,6,0.3000,13.18,0.6592,0.3689,0.5503,0.7120,1.834,0.4812,1.143,0.169694,0.122857,0.076389,0.065102,0.063064,0.053145,1,0.3965,1.388
2026-07-31T19:59:32,lesechos_d10_s6_noms_n5000_e5000_g2,lesechos,10,6,noms,5000,_s3,14670,3724,11572,21,1358,0,5000,21,6,0.3000,13.46,0.6732,0.3590,0.5448,0.7104,1.816,0.4792,1.137,0.165975,0.118074,0.074955,0.068617,0.064706,0.052444,1,0.3968,1.373
2026-07-31T19:59:34,lesechos_d10_s6_noms_propres_n5000_e5000_g2,lesechos,10,6,noms_propres,5000,_s3,2999,485,2012,4,325,0,1683,21,5,0.2500,12.20,0.6098,0.3900,0.5776,0.7484,1.925,0.5120,1.128,0.183881,0.124870,0.081251,0.073257,0.060215,0.054168,1,0.4219,1.369
2026-07-31T19:59:37,lesechos_d15_s4_tous_n5000_e5000_g2,lesechos,15,4,tous,5000,_s3,62592,8652,48521,185,3871,0,5000,31,10,0.3333,23.41,0.7805,0.2340,0.3632,0.5029,1.816,0.3263,1.113,0.105952,0.073262,0.054741,0.049495,0.041794,0.037946,2,0.2707,1.342
2026-07-31T19:59:40,lesechos_d15_s4_sans_verbes_n5000_e5000_g2,lesechos,15,4,sans_verbes,5000,_s3,58807,7143,45151,167,3694,0,5000,31,10,0.3333,23.41,0.7802,0.2339,0.3651,0.5048,1.826,0.3263,1.119,0.104975,0.074363,0.054611,0.049206,0.043385,0.038601,2,0.2701,1.352
2026-07-31T19:59:42,lesechos_d15_s4_noms_n5000_e5000_g2,lesechos,15,4,noms,5000,_s3,52486,5792,39965,141,3375,0,5000,31,10,0.3333,23.41,0.7803,0.2347,0.3636,0.5045,1.818,0.3253,1.118,0.105623,0.073728,0.055313,0.048612,0.041930,0.038412,2,0.2732,1.331
2026-07-31T19:59:44,lesechos_d15_s4_noms_propres_n5000_e5000_g2,lesechos,15,4,noms_propres,5000,_s3,8682,621,5747,16,768,0,4963,31,9,0.3000,19.98,0.6661,0.2800,0.4200,0.5597,2.100,0.3746,1.121,0.128883,0.090802,0.060356,0.055639,0.043897,0.040391,1,0.2934,1.431
2026-07-31T19:59:46,lesechos_d15_s6_tous_n5000_e5000_g2,lesechos,15,6,tous,5000,_s3,16794,4645,13079,47,1492,0,5000,31,8,0.2667,18.80,0.6268,0.2924,0.4386,0.5726,2.193,0.3854,1.138,0.142102,0.090645,0.059636,0.055173,0.049845,0.041193,1,0.2829,1.551
2026-07-31T19:59:49,lesechos_d15_s6_sans_verbes_n5000_e5000_g2,lesechos,15,6,sans_verbes,5000,_s3,16134,4283,12504,43,1439,0,5000,31,8,0.2667,18.52,0.6174,0.2962,0.4398,0.5786,2.199,0.3902,1.127,0.143796,0.094514,0.057900,0.054439,0.048248,0.040926,2,0.2822,1.559
2026-07-31T19:59:52,lesechos_d15_s6_noms_n5000_e5000_g2,lesechos,15,6,noms,5000,_s3,14670,3720,11291,38,1320,0,5000,31,8,0.2667,18.77,0.6256,0.2925,0.4372,0.5742,2.186,0.3865,1.131,0.142242,0.090968,0.059322,0.056298,0.048063,0.040328,1,0.2832,1.544
2026-07-31T19:59:54,lesechos_d15_s6_noms_propres_n5000_e5000_g2,lesechos,15,6,noms_propres,5000,_s3,2999,484,1943,5,309,0,1629,31,7,0.2333,16.50,0.5500,0.3272,0.4759,0.6177,2.379,0.4239,1.123,0.160939,0.098628,0.067595,0.056966,0.046466,0.045297,1,0.3077,1.546
2026-07-31T19:59:58,lesechos_d25_s4_tous_n5000_e5000_g2,lesechos,25,4,tous,5000,_s3,62592,8645,46348,269,3658,0,5000,51,17,0.3400,37.12,0.7424,0.1793,0.2684,0.3652,2.236,0.2409,1.114,0.082665,0.051507,0.045141,0.033870,0.028008,0.027170,2,0.1783,1.505
2026-07-31T20:00:01,lesechos_d25_s4_sans_verbes_n5000_e5000_g2,lesechos,25,4,sans_verbes,5000,_s3,58807,7141,43046,241,3488,0,5000,51,17,0.3400,36.24,0.7248,0.1852,0.2776,0.3735,2.313,0.2500,1.110,0.085285,0.053858,0.046097,0.034544,0.029521,0.028252,2,0.1819,1.526
2026-07-31T20:00:03,lesechos_d25_s4_noms_n5000_e5000_g2,lesechos,25,4,noms,5000,_s3,52486,5790,38038,204,3186,0,5000,51,17,0.3400,36.28,0.7257,0.1833,0.2784,0.3731,2.320,0.2445,1.139,0.085292,0.053052,0.044956,0.036082,0.030132,0.028894,2,0.1817,1.533
2026-07-31T20:00:06,lesechos_d25_s4_noms_propres_n5000_e5000_g2,lesechos,25,4,noms_propres,5000,_s3,8682,621,5383,24,714,0,4645,51,14,0.2800,30.00,0.6000,0.2250,0.3286,0.4298,2.738,0.2940,1.118,0.107233,0.066355,0.051443,0.039701,0.032745,0.031075,1,0.2012,1.633
2026-07-31T20:00:08,lesechos_d25_s6_tous_n5000_e5000_g2,lesechos,25,6,tous,5000,_s3,16794,4638,12658,69,1450,0,5000,51,14,0.2800,28.57,0.5715,0.2323,0.3367,0.4368,2.806,0.2966,1.135,0.116608,0.065301,0.050424,0.040320,0.033699,0.030370,1,0.1919,1.755
2026-07-31T20:00:10,lesechos_d25_s6_sans_verbes_n5000_e5000_g2,lesechos,25,6,sans_verbes,5000,_s3,16134,4277,12097,64,1398,0,5000,51,13,0.2600,27.43,0.5486,0.2397,0.3449,0.4454,2.874,0.3070,1.123,0.121982,0.069278,0.048454,0.041083,0.033897,0.030197,1,0.1921,1.795
2026-07-31T20:00:13,lesechos_d25_s6_noms_n5000_e5000_g2,lesechos,25,6,noms,5000,_s3,14670,3715,10909,58,1281,0,5000,51,13,0.2600,28.44,0.5688,0.2339,0.3395,0.4395,2.830,0.2984,1.138,0.115889,0.068238,0.049780,0.041356,0.034072,0.030207,1,0.1914,1.774
2026-07-31T20:00:15,lesechos_d25_s6_noms_propres_n5000_e5000_g2,lesechos,25,6,noms_propres,5000,_s3,2999,484,1843,9,299,0,1535,51,11,0.2200,22.81,0.4562,0.2765,0.3893,0.4957,3.244,0.3472,1.121,0.143249,0.076499,0.056712,0.043513,0.035976,0.033364,1,0.2149,1.811
2026-07-31T20:00:18,lesechos_d50_s4_tous_n5000_e5000_g2,lesechos,50,4,tous,5000,_s3,62592,8637,42805,453,3348,0,5000,101,34,0.3400,66.74,0.6674,0.1315,0.1889,0.2468,3.148,0.1653,1.142,0.063837,0.038566,0.029114,0.021596,0.019319,0.016437,2,0.1091,1.732
2026-07-31T20:00:21,lesechos_d50_s4_sans_verbes_n5000_e5000_g2,lesechos,50,4,sans_verbes,5000,_s3,58807,7136,39588,412,3184,0,5000,101,33,0.3300,66.18,0.6618,0.1327,0.1905,0.2501,3.175,0.1699,1.121,0.064684,0.037872,0.030186,0.020904,0.019857,0.017005,2,0.1092,1.744
2026-07-31T20:00:24,lesechos_d50_s4_noms_n5000_e5000_g2,lesechos,50,4,noms,5000,_s3,52486,5789,34845,355,2906,0,5000,101,33,0.3300,66.90,0.6690,0.1304,0.1890,0.2479,3.151,0.1651,1.145,0.063429,0.037248,0.029691,0.022213,0.019747,0.016709,2,0.1091,1.732
2026-07-31T20:00:27,lesechos_d50_s4_noms_propres_n5000_e5000_g2,lesechos,50,4,noms_propres,5000,_s3,8682,621,4789,46,639,0,4104,101,28,0.2800,53.79,0.5379,0.1640,0.2337,0.2991,3.896,0.2060,1.134,0.079992,0.043895,0.040163,0.026158,0.024061,0.019465,1,0.1243,1.881
2026-07-31T20:00:29,lesechos_d50_s6_tous_n5000_e5000_g2,lesechos,50,6,tous,5000,_s3,16794,4628,12008,118,1370,0,5000,101,28,0.2800,50.39,0.5039,0.1726,0.2417,0.3065,4.029,0.2121,1.140,0.088767,0.044116,0.039764,0.026113,0.022421,0.020565,2,0.1169,2.069
2026-07-31T20:00:32,lesechos_d50_s6_sans_verbes_n5000_e5000_g2,lesechos,50,6,sans_verbes,5000,_s3,16134,4268,11454,112,1318,0,5000,101,28,0.2800,49.60,0.4960,0.1756,0.2440,0.3086,4.067,0.2124,1.149,0.090292,0.045263,0.040042,0.025909,0.022171,0.020341,2,0.1187,2.055
2026-07-31T20:00:35,lesechos_d50_s6_noms_n5000_e5000_g2,lesechos,50,6,noms,5000,_s3,14670,3707,10304,103,1207,0,5000,101,27,0.2700,50.40,0.5040,0.1712,0.2408,0.3077,4.013,0.2102,1.145,0.089001,0.042800,0.039418,0.025822,0.022799,0.020949,2,0.1170,2.057
2026-07-31T20:00:37,lesechos_d50_s6_noms_propres_n5000_e5000_g2,lesechos,50,6,noms_propres,5000,_s3,2999,483,1692,15,275,0,1402,101,21,0.2100,37.96,0.3796,0.2111,0.2916,0.3677,4.860,0.2569,1.135,0.111334,0.052569,0.047246,0.030746,0.027034,0.022700,1,0.1360,2.144
2026-07-31T20:00:38,lesechos3j_d10_s4_tous_n0_e5000_g2,lesechos3j,10,4,tous,0,_s3,23167,6500,17779,150,0,0,5000,21,7,0.3500,16.33,0.8166,0.2979,0.4631,0.6427,1.544,0.3895,1.189,0.127044,0.099279,0.071626,0.060400,0.055982,0.048800,1,0.4011,1.155
2026-07-31T20:00:40,lesechos3j_d10_s4_sans_verbes_n0_e5000_g2,lesechos3j,10,4,sans_verbes,0,_s3,21705,5677,16521,136,0,0,5000,21,7,0.3500,16.23,0.8117,0.2999,0.4656,0.6428,1.552,0.3884,1.199,0.130992,0.095134,0.073735,0.060684,0.055981,0.049038,1,0.4025,1.157
2026-07-31T20:00:42,lesechos3j_d10_s4_noms_n0_e5000_g2,lesechos3j,10,4,noms,0,_s3,19195,4784,14551,117,0,0,5000,21,7,0.3500,16.19,0.8095,0.3029,0.4688,0.6461,1.563,0.3891,1.205,0.128521,0.099958,0.074374,0.061470,0.054735,0.049788,1,0.4028,1.164
2026-07-31T20:00:43,lesechos3j_d10_s4_noms_propres_n0_e5000_g2,lesechos3j,10,4,noms_propres,0,_s3,2961,587,2128,18,0,0,2110,21,6,0.3000,14.19,0.7095,0.3478,0.5241,0.6927,1.747,0.4362,1.202,0.154081,0.115590,0.078153,0.067718,0.059840,0.048756,0,0.4346,1.206
2026-07-31T20:00:45,lesechos3j_d10_s6_tous_n0_e5000_g2,lesechos3j,10,6,tous,0,_s3,5834,2696,4595,36,0,0,4559,21,5,0.2500,12.58,0.6291,0.3888,0.5595,0.7170,1.865,0.4543,1.232,0.179841,0.126308,0.082646,0.068819,0.056603,0.045313,1,0.4251,1.316
2026-07-31T20:00:47,lesechos3j_d10_s6_sans_verbes_n0_e5000_g2,lesechos3j,10,6,sans_verbes,0,_s3,5583,2547,4400,32,0,0,4368,21,5,0.2500,12.49,0.6247,0.3916,0.5625,0.7181,1.875,0.4558,1.234,0.180662,0.127563,0.083413,0.069175,0.056679,0.044975,1,0.4252,1.323
2026-07-31T20:00:48,lesechos3j_d10_s6_noms_n0_e5000_g2,lesechos3j,10,6,noms,0,_s3,4969,2244,3911,29,0,0,3882,21,5,0.2500,12.44,0.6219,0.3931,0.5644,0.7201,1.881,0.4561,1.238,0.181064,0.128491,0.083498,0.069506,0.057013,0.044855,1,0.4284,1.318
2026-07-31T20:00:50,lesechos3j_d10_s6_noms_propres_n0_e5000_g2,lesechos3j,10,6,noms_propres,0,_s3,806,347,643,9,0,0,634,21,4,0.2000,10.19,0.5094,0.4569,0.6289,0.7762,2.096,0.5087,1.236,0.209452,0.160752,0.086731,0.070870,0.059357,0.041756,0,0.4510,1.395
2026-07-31T20:00:52,lesechos3j_d15_s4_tous_n0_e5000_g2,lesechos3j,15,4,tous,0,_s3,23167,6498,17371,191,0,0,5000,31,11,0.3667,23.60,0.7867,0.2300,0.3594,0.4952,1.797,0.3000,1.198,0.107639,0.068947,0.053395,0.048036,0.042305,0.039072,1,0.3005,1.196
2026-07-31T20:00:54,lesechos3j_d15_s4_sans_verbes_n0_e5000_g2,lesechos3j,15,4,sans_verbes,0,_s3,21705,5675,16126,176,0,0,5000,31,11,0.3667,23.33,0.7776,0.2342,0.3626,0.4989,1.813,0.3026,1.198,0.109533,0.071031,0.053605,0.048195,0.040944,0.039288,1,0.3024,1.199
2026-07-31T20:00:56,lesechos3j_d15_s4_noms_n0_e5000_g2,lesechos3j,15,4,noms,0,_s3,19195,4783,14190,155,0,0,5000,31,10,0.3333,22.93,0.7644,0.2414,0.3702,0.5058,1.851,0.3073,1.205,0.111318,0.074260,0.055777,0.047351,0.041815,0.039702,1,0.3058,1.211
2026-07-31T20:00:57,lesechos3j_d15_s4_noms_propres_n0_e5000_g2,lesechos3j,15,4,noms_propres,0,_s3,2961,587,2064,22,0,0,2042,31,9,0.3000,19.98,0.6659,0.2795,0.4204,0.5575,2.102,0.3516,1.196,0.130977,0.087524,0.061008,0.054349,0.045593,0.040945,0,0.3330,1.262
2026-07-31T20:00:59,lesechos3j_d15_s6_tous_n0_e5000_g2,lesechos3j,15,6,tous,0,_s3,5834,2693,4533,51,0,0,4482,31,8,0.2667,17.15,0.5717,0.3204,0.4580,0.5848,2.290,0.3701,1.238,0.159834,0.096167,0.064434,0.054461,0.044411,0.038703,1,0.3271,1.400
2026-07-31T20:01:00,lesechos3j_d15_s6_sans_verbes_n0_e5000_g2,lesechos3j,15,6,sans_verbes,0,_s3,5583,2544,4340,47,0,0,4293,31,8,0.2667,17.02,0.5673,0.3228,0.4604,0.5868,2.302,0.3719,1.238,0.160825,0.097144,0.064874,0.054622,0.044617,0.038323,1,0.3281,1.403
2026-07-31T20:01:02,lesechos3j_d15_s6_noms_n0_e5000_g2,lesechos3j,15,6,noms,0,_s3,4969,2242,3855,43,0,0,3812,31,7,0.2333,16.92,0.5640,0.3248,0.4634,0.5887,2.317,0.3733,1.241,0.160880,0.098960,0.064996,0.054587,0.045127,0.038864,1,0.3310,1.400
2026-07-31T20:01:03,lesechos3j_d15_s6_noms_propres_n0_e5000_g2,lesechos3j,15,6,noms_propres,0,_s3,806,347,632,10,0,0,622,31,6,0.2000,13.65,0.4549,0.3798,0.5250,0.6541,2.625,0.4274,1.228,0.190150,0.119843,0.069808,0.057698,0.046182,0.041310,0,0.3480,1.509
2026-07-31T20:01:05,lesechos3j_d25_s4_tous_n0_e5000_g2,lesechos3j,25,4,tous,0,_s3,23167,6486,16721,287,0,0,5000,51,17,0.3400,37.18,0.7435,0.1729,0.2665,0.3649,2.220,0.2214,1.203,0.085714,0.048224,0.038936,0.034734,0.030174,0.028668,1,0.2136,1.247
2026-07-31T20:01:07,lesechos3j_d25_s4_sans_verbes_n0_e5000_g2,lesechos3j,25,4,sans_verbes,0,_s3,21705,5668,15495,266,0,0,5000,51,17,0.3400,36.31,0.7263,0.1777,0.2717,0.3711,2.264,0.2250,1.208,0.089127,0.050208,0.038355,0.035665,0.029450,0.028920,1,0.2184,1.244
2026-07-31T20:01:09,lesechos3j_d25_s4_noms_n0_e5000_g2,lesechos3j,25,4,noms,0,_s3,19195,4777,13616,234,0,0,5000,51,17,0.3400,36.54,0.7309,0.1756,0.2718,0.3693,2.265,0.2248,1.209,0.087826,0.050193,0.037620,0.036794,0.030958,0.028368,1,0.2172,1.251
2026-07-31T20:01:11,lesechos3j_d25_s4_noms_propres_n0_e5000_g2,lesechos3j,25,4,noms_propres,0,_s3,2961,587,1967,31,0,0,1936,51,14,0.2800,30.49,0.6098,0.2154,0.3225,0.4268,2.687,0.2689,1.199,0.107332,0.061558,0.046546,0.041177,0.033295,0.032565,0,0.2396,1.346
2026-07-31T20:01:12,lesechos3j_d25_s6_tous_n0_e5000_g2,lesechos3j,25,6,tous,0,_s3,5834,2683,4450,70,0,0,4380,51,13,0.2600,25.65,0.5130,0.2499,0.3558,0.4550,2.965,0.2860,1.244,0.134326,0.068466,0.047153,0.041837,0.032509,0.031489,1,0.2373,1.499
2026-07-31T20:01:14,lesechos3j_d25_s6_sans_verbes_n0_e5000_g2,lesechos3j,25,6,sans_verbes,0,_s3,5583,2535,4258,65,0,0,4193,51,13,0.2600,25.40,0.5079,0.2519,0.3583,0.4578,2.986,0.2880,1.244,0.135422,0.069127,0.047389,0.042026,0.032772,0.031535,1,0.2385,1.502
2026-07-31T20:01:16,lesechos3j_d25_s6_noms_n0_e5000_g2,lesechos3j,25,6,noms,0,_s3,4969,2233,3781,61,0,0,3720,51,13,0.2600,25.39,0.5079,0.2526,0.3595,0.4594,2.996,0.2887,1.245,0.134590,0.070349,0.047674,0.041987,0.033182,0.031739,1,0.2399,1.499
2026-07-31T20:01:17,lesechos3j_d25_s6_noms_propres_n0_e5000_g2,lesechos3j,25,6,noms_propres,0,_s3,806,347,612,11,0,0,601,51,9,0.1800,19.24,0.3848,0.3098,0.4257,0.5346,3.548,0.3480,1.223,0.164950,0.086837,0.057979,0.045259,0.037073,0.033616,0,0.2569,1.657
2026-07-31T20:01:19,lesechos3j_d50_s4_tous_n0_e5000_g2,lesechos3j,50,4,tous,0,_s3,23167,6453,15430,548,0,0,5000,101,34,0.3400,70.08,0.7008,0.1205,0.1823,0.2430,3.038,0.1460,1.249,0.059537,0.032324,0.028590,0.022969,0.020128,0.018708,1,0.1360,1.340
2026-07-31T20:01:22,lesechos3j_d50_s4_sans_verbes_n0_e5000_g2,lesechos3j,50,4,sans_verbes,0,_s3,21705,5636,14255,509,0,0,5000,101,34,0.3400,68.87,0.6887,0.1244,0.1859,0.2464,3.099,0.1469,1.266,0.060872,0.032813,0.030740,0.022708,0.019968,0.018812,1,0.1363,1.364
2026-07-31T20:01:24,lesechos3j_d50_s4_noms_n0_e5000_g2,lesechos3j,50,4,noms,0,_s3,19195,4752,12503,446,0,0,5000,101,33,0.3300,68.33,0.6833,0.1243,0.1882,0.2494,3.137,0.1483,1.269,0.061375,0.032026,0.030913,0.023619,0.021376,0.018900,1,0.1411,1.333
2026-07-31T20:01:25,lesechos3j_d50_s4_noms_propres_n0_e5000_g2,lesechos3j,50,4,noms_propres,0,_s3,2961,586,1809,50,0,0,1759,101,27,0.2700,55.23,0.5523,0.1514,0.2281,0.2971,3.801,0.1843,1.237,0.077698,0.040006,0.033667,0.031630,0.024302,0.020769,1,0.1526,1.495
2026-07-31T20:01:27,lesechos3j_d50_s6_tous_n0_e5000_g2,lesechos3j,50,6,tous,0,_s3,5834,2647,4254,169,0,0,4085,101,27,0.2700,46.47,0.4647,0.1755,0.2510,0.3183,4.184,0.1989,1.262,0.099825,0.043068,0.032634,0.029947,0.024104,0.021459,1,0.1539,1.631
2026-07-31T20:01:29,lesechos3j_d50_s6_sans_verbes_n0_e5000_g2,lesechos3j,50,6,sans_verbes,0,_s3,5583,2502,4065,158,0,0,3907,101,26,0.2600,45.91,0.4591,0.1768,0.2534,0.3211,4.224,0.2004,1.265,0.100796,0.043476,0.032576,0.030317,0.024516,0.021744,1,0.1551,1.634
2026-07-31T20:01:31,lesechos3j_d50_s6_noms_n0_e5000_g2,lesechos3j,50,6,noms,0,_s3,4969,2206,3608,141,0,0,3467,101,26,0.2600,45.53,0.4553,0.1782,0.2554,0.3238,4.257,0.2011,1.270,0.101068,0.044225,0.032931,0.030557,0.024585,0.022038,1,0.1572,1.624
2026-07-31T20:01:32,lesechos3j_d50_s6_noms_propres_n0_e5000_g2,lesechos3j,50,6,noms_propres,0,_s3,806,346,585,17,0,0,568,101,17,0.1700,32.24,0.3224,0.2304,0.3178,0.3958,5.296,0.2514,1.264,0.126656,0.060309,0.043430,0.035638,0.028060,0.023697,0,0.1732,1.835
2026-07-31T20:01:33,lesechos7j_d10_s4_tous_n0_e5000_g2,lesechos7j,10,4,tous,0,_s3,12297,4584,8821,188,0,0,5000,21,6,0.3000,14.69,0.7346,0.3408,0.5055,0.6756,1.685,0.3998,1.264,0.145457,0.117937,0.077437,0.061802,0.055052,0.047765,0,0.4549,1.111
2026-07-31T20:01:35,lesechos7j_d10_s4_sans_verbes_n0_e5000_g2,lesechos7j,10,4,sans_verbes,0,_s3,11594,4155,8257,175,0,0,5000,21,6,0.3000,14.57,0.7283,0.3437,0.5078,0.6746,1.693,0.4006,1.268,0.150276,0.114830,0.078633,0.060626,0.056311,0.047148,0,0.4588,1.107
2026-07-31T20:01:36,lesechos7j_d10_s4_noms_n0_e5000_g2,lesechos7j,10,4,noms,0,_s3,10215,3568,7256,156,0,0,5000,21,6,0.3000,14.54,0.7269,0.3457,0.5116,0.6788,1.705,0.4041,1.266,0.147303,0.118009,0.080349,0.062296,0.056602,0.047011,1,0.4634,1.104
2026-07-31T20:01:37,lesechos7j_d10_s4_noms_propres_n0_e5000_g2,lesechos7j,10,4,noms_propres,0,_s3,1690,493,1158,22,0,0,1136,21,6,0.3000,13.53,0.6763,0.3735,0.5418,0.7065,1.806,0.4350,1.246,0.151517,0.135552,0.086432,0.064038,0.054343,0.049948,0,0.4649,1.165
2026-07-31T20:01:39,lesechos7j_d10_s6_tous_n0_e5000_g2,lesechos7j,10,6,tous,0,_s3,3321,1742,2451,55,0,0,2396,21,4,0.2000,10.69,0.5343,0.4480,0.6101,0.7512,2.034,0.4716,1.294,0.202808,0.154947,0.090212,0.062736,0.056428,0.042972,0,0.4946,1.234
2026-07-31T20:01:40,lesechos7j_d10_s6_sans_verbes_n0_e5000_g2,lesechos7j,10,6,sans_verbes,0,_s3,3170,1654,2342,52,0,0,2290,21,4,0.2000,10.68,0.5339,0.4489,0.6110,0.7522,2.037,0.4721,1.294,0.202431,0.155359,0.091080,0.062824,0.056193,0.043068,0,0.4955,1.233
2026-07-31T20:01:41,lesechos7j_d10_s6_noms_n0_e5000_g2,lesechos7j,10,6,noms,0,_s3,2807,1466,2080,47,0,0,2033,21,4,0.2000,10.65,0.5324,0.4498,0.6132,0.7538,2.044,0.4746,1.292,0.203603,0.153752,0.092452,0.063289,0.056601,0.043506,0,0.4974,1.233
2026-07-31T20:01:42,lesechos7j_d10_s6_noms_propres_n0_e5000_g2,lesechos7j,10,6,noms_propres,0,_s3,470,243,368,10,0,0,358,21,4,0.2000,9.73,0.4867,0.4850,0.6522,0.7941,2.174,0.5235,1.246,0.204906,0.175063,0.105080,0.062214,0.060269,0.044663,0,0.5074,1.285
2026-07-31T20:01:44,lesechos7j_d15_s4_tous_n0_e5000_g2,lesechos7j,15,4,tous,0,_s3,12297,4566,8567,271,0,0,5000,31,9,0.3000,21.18,0.7060,0.2690,0.4006,0.5311,2.003,0.3136,1.278,0.120642,0.087909,0.060495,0.049680,0.044060,0.037832,1,0.3535,1.133
2026-07-31T20:01:45,lesechos7j_d15_s4_sans_verbes_n0_e5000_g2,lesechos7j,15,4,sans_verbes,0,_s3,11594,4139,8009,253,0,0,5000,31,9,0.3000,21.11,0.7035,0.2712,0.3995,0.5316,1.998,0.3151,1.268,0.121162,0.088182,0.061876,0.048452,0.043126,0.036730,0,0.3551,1.125
2026-07-31T20:01:47,lesechos7j_d15_s4_noms_n0_e5000_g2,lesechos7j,15,4,noms,0,_s3,10215,3554,7033,227,0,0,5000,31,9,0.3000,20.94,0.6979,0.2734,0.4035,0.5354,2.017,0.3177,1.270,0.121660,0.089683,0.062063,0.049015,0.044418,0.036619,0,0.3552,1.136
2026-07-31T20:01:48,lesechos7j_d15_s4_noms_propres_n0_e5000_g2,lesechos7j,15,4,noms_propres,0,_s3,1690,493,1117,36,0,0,1081,31,8,0.2667,19.05,0.6349,0.2998,0.4398,0.5750,2.199,0.3442,1.278,0.128745,0.103683,0.067338,0.054081,0.046046,0.039886,0,0.3598,1.222
2026-07-31T20:01:49,lesechos7j_d15_s6_tous_n0_e5000_g2,lesechos7j,15,6,tous,0,_s3,3321,1727,2416,79,0,0,2337,31,6,0.2000,14.34,0.4780,0.3756,0.5111,0.6307,2.555,0.3916,1.305,0.180081,0.122865,0.072649,0.053096,0.046410,0.035967,0,0.3885,1.315
2026-07-31T20:01:50,lesechos7j_d15_s6_sans_verbes_n0_e5000_g2,lesechos7j,15,6,sans_verbes,0,_s3,3170,1639,2310,76,0,0,2234,31,6,0.2000,14.31,0.4771,0.3766,0.5121,0.6324,2.561,0.3926,1.305,0.180050,0.123052,0.073490,0.053118,0.046553,0.035868,0,0.3901,1.313
2026-07-31T20:01:51,lesechos7j_d15_s6_noms_n0_e5000_g2,lesechos7j,15,6,noms,0,_s3,2807,1452,2050,69,0,0,1981,31,6,0.2000,14.17,0.4723,0.3788,0.5161,0.6362,2.580,0.3964,1.302,0.182155,0.121830,0.074828,0.053870,0.047398,0.035986,0,0.3924,1.315
2026-07-31T20:01:52,lesechos7j_d15_s6_noms_propres_n0_e5000_g2,lesechos7j,15,6,noms_propres,0,_s3,470,240,364,16,0,0,348,31,5,0.1667,13.01,0.4338,0.4061,0.5558,0.6870,2.779,0.4406,1.261,0.177965,0.143487,0.084643,0.057816,0.050327,0.041525,0,0.3923,1.417
2026-07-31T20:01:54,lesechos7j_d25_s4_tous_n0_e5000_g2,lesechos7j,25,4,tous,0,_s3,12297,4508,8099,424,0,0,5000,51,16,0.3200,33.95,0.6790,0.2004,0.2965,0.3927,2.471,0.2271,1.305,0.092822,0.061162,0.046422,0.036362,0.031764,0.027948,1,0.2542,1.166
2026-07-31T20:01:56,lesechos7j_d25_s4_sans_verbes_n0_e5000_g2,lesechos7j,25,4,sans_verbes,0,_s3,11594,4085,7555,397,0,0,5000,51,15,0.3000,33.40,0.6680,0.2028,0.2997,0.3982,2.497,0.2307,1.299,0.095256,0.061481,0.046017,0.036356,0.032382,0.028170,1,0.2565,1.168
2026-07-31T20:01:57,lesechos7j_d25_s4_noms_n0_e5000_g2,lesechos7j,25,4,noms,0,_s3,10215,3508,6622,355,0,0,5000,51,15,0.3000,32.79,0.6559,0.2065,0.3037,0.4025,2.531,0.2329,1.304,0.097187,0.063753,0.045608,0.037164,0.032475,0.027535,1,0.2615,1.162
2026-07-31T20:01:59,lesechos7j_d25_s4_noms_propres_n0_e5000_g2,lesechos7j,25,4,noms_propres,0,_s3,1690,490,1059,45,0,0,1014,51,13,0.2600,29.15,0.5830,0.2316,0.3394,0.4452,2.829,0.2615,1.298,0.102354,0.078960,0.050279,0.041717,0.035567,0.030556,0,0.2630,1.290
2026-07-31T20:02:00,lesechos7j_d25_s6_tous_n0_e5000_g2,lesechos7j,25,6,tous,0,_s3,3321,1700,2338,135,0,0,2203,51,11,0.2200,21.74,0.4348,0.2939,0.3978,0.4931,3.315,0.2995,1.328,0.148090,0.090445,0.055401,0.039223,0.037404,0.027222,0,0.2902,1.371
2026-07-31T20:02:01,lesechos7j_d25_s6_sans_verbes_n0_e5000_g2,lesechos7j,25,6,sans_verbes,0,_s3,3170,1612,2236,132,0,0,2104,51,11,0.2200,21.64,0.4327,0.2952,0.3995,0.4955,3.329,0.3013,1.326,0.148245,0.090800,0.056112,0.039595,0.037632,0.027128,0,0.2909,1.374
2026-07-31T20:02:03,lesechos7j_d25_s6_noms_n0_e5000_g2,lesechos7j,25,6,noms,0,_s3,2807,1429,1984,119,0,0,1865,51,11,0.2200,21.35,0.4271,0.2972,0.4040,0.4993,3.367,0.3023,1.337,0.150201,0.090126,0.056910,0.040938,0.038140,0.027704,0,0.2937,1.376
2026-07-31T20:02:04,lesechos7j_d25_s6_noms_propres_n0_e5000_g2,lesechos7j,25,6,noms_propres,0,_s3,470,240,356,18,0,0,338,51,8,0.1600,18.96,0.3793,0.3260,0.4472,0.5497,3.727,0.3451,1.296,0.150195,0.109654,0.066116,0.048679,0.040641,0.031941,0,0.3142,1.423
2026-07-31T20:02:05,lesechos7j_d50_s4_tous_n0_e5000_g2,lesechos7j,50,4,tous,0,_s3,12297,4394,7427,659,0,0,5000,101,31,0.3100,61.94,0.6194,0.1399,0.2106,0.2752,3.511,0.1478,1.425,0.066591,0.042324,0.030973,0.028131,0.022415,0.020198,1,0.1711,1.231
2026-07-31T20:02:07,lesechos7j_d50_s4_sans_verbes_n0_e5000_g2,lesechos7j,50,4,sans_verbes,0,_s3,11594,3980,6896,620,0,0,5000,101,30,0.3000,61.17,0.6117,0.1424,0.2135,0.2780,3.559,0.1515,1.410,0.067495,0.042589,0.032305,0.028301,0.022410,0.020417,1,0.1718,1.243
2026-07-31T20:02:09,lesechos7j_d50_s4_noms_n0_e5000_g2,lesechos7j,50,4,noms,0,_s3,10215,3416,6034,558,0,0,5000,101,30,0.3000,60.36,0.6036,0.1445,0.2168,0.2813,3.613,0.1518,1.428,0.067767,0.044511,0.032185,0.028739,0.022843,0.020743,1,0.1741,1.245
2026-07-31T20:02:10,lesechos7j_d50_s4_noms_propres_n0_e5000_g2,lesechos7j,50,4,noms_propres,0,_s3,1690,484,960,69,0,0,891,101,24,0.2400,49.49,0.4949,0.1712,0.2537,0.3239,4.229,0.1811,1.401,0.077826,0.058441,0.034929,0.032204,0.026403,0.023929,0,0.1847,1.373
2026-07-31T20:02:12,lesechos7j_d50_s6_tous_n0_e5000_g2,lesechos7j,50,6,tous,0,_s3,3321,1660,2243,197,0,0,2046,101,22,0.2200,39.91,0.3991,0.2060,0.2847,0.3559,4.745,0.2047,1.391,0.106345,0.060209,0.039487,0.029588,0.026638,0.022410,0,0.1961,1.451
2026-07-31T20:02:13,lesechos7j_d50_s6_sans_verbes_n0_e5000_g2,lesechos7j,50,6,sans_verbes,0,_s3,3170,1572,2142,194,0,0,1948,101,22,0.2200,39.47,0.3947,0.2076,0.2873,0.3587,4.788,0.2053,1.399,0.107018,0.060770,0.039786,0.029885,0.027025,0.022772,1,0.1978,1.452
2026-07-31T20:02:15,lesechos7j_d50_s6_noms_n0_e5000_g2,lesechos7j,50,6,noms,0,_s3,2807,1392,1907,177,0,0,1730,101,22,0.2200,38.89,0.3889,0.2089,0.2899,0.3624,4.831,0.2068,1.402,0.108443,0.060578,0.039917,0.030545,0.027201,0.023170,0,0.1993,1.455
2026-07-31T20:02:16,lesechos7j_d50_s6_noms_propres_n0_e5000_g2,lesechos7j,50,6,noms_propres,0,_s3,470,234,339,28,0,0,311,101,15,0.1500,30.94,0.3094,0.2422,0.3352,0.4181,5.586,0.2521,1.330,0.119861,0.073907,0.048474,0.036981,0.030590,0.025338,0,0.2131,1.573
2026-07-31T20:02:18,mediapart_d10_s4_tous_n2000_e5000_g2,mediapart,10,4,tous,2000,_s3,31232,7348,27443,79,1294,0,5000,21,7,0.3500,16.58,0.8288,0.2972,0.4545,0.6362,1.515,0.4258,1.067,0.115407,0.108472,0.073297,0.054463,0.053371,0.049478,1,0.3412,1.332
2026-07-31T20:02:20,mediapart_d10_s4_sans_verbes_n2000_e5000_g2,mediapart,10,4,sans_verbes,2000,_s3,29154,6208,25448,70,1228,0,5000,21,7,0.3500,16.43,0.8215,0.2987,0.4598,0.6341,1.533,0.4227,1.088,0.118836,0.109649,0.070172,0.057942,0.053482,0.049737,1,0.3456,1.330
2026-07-31T20:02:22,mediapart_d10_s4_noms_n2000_e5000_g2,mediapart,10,4,noms,2000,_s3,26160,5147,22709,64,1119,0,5000,21,8,0.4000,16.62,0.8309,0.2936,0.4515,0.6309,1.505,0.4200,1.075,0.121410,0.101968,0.070198,0.055656,0.053857,0.048390,1,0.3416,1.322
2026-07-31T20:02:23,mediapart_d10_s4_noms_propres_n2000_e5000_g2,mediapart,10,4,noms_propres,2000,_s3,3039,503,2611,10,157,0,2444,21,6,0.3000,14.59,0.7294,0.3392,0.5050,0.6746,1.683,0.4667,1.082,0.142585,0.128145,0.068444,0.060104,0.055471,0.050299,1,0.3562,1.418
2026-07-31T20:02:25,mediapart_d10_s6_tous_n2000_e5000_g2,mediapart,10,6,tous,2000,_s3,9225,2661,7595,24,383,0,5000,21,7,0.3500,15.56,0.7779,0.3273,0.4781,0.6516,1.594,0.4475,1.069,0.136420,0.100781,0.090097,0.053308,0.049562,0.047949,1,0.3413,1.401
2026-07-31T20:02:27,mediapart_d10_s6_sans_verbes_n2000_e5000_g2,mediapart,10,6,sans_verbes,2000,_s3,8967,2479,7345,23,370,0,5000,21,7,0.3500,15.47,0.7733,0.3293,0.4816,0.6561,1.605,0.4520,1.066,0.136981,0.102932,0.089368,0.054244,0.049994,0.048109,1,0.3418,1.409
2026-07-31T20:02:28,mediapart_d10_s6_noms_n2000_e5000_g2,mediapart,10,6,noms,2000,_s3,8229,2194,6695,21,349,0,5000,21,7,0.3500,15.37,0.7683,0.3332,0.4843,0.6543,1.614,0.4541,1.066,0.137127,0.106521,0.089548,0.053863,0.049695,0.047507,1,0.3430,1.412
2026-07-31T20:02:30,mediapart_d10_s6_noms_propres_n2000_e5000_g2,mediapart,10,6,noms_propres,2000,_s3,918,210,794,4,48,0,742,21,5,0.2500,12.47,0.6233,0.3908,0.5623,0.7256,1.874,0.5224,1.076,0.171179,0.144071,0.075585,0.067506,0.054328,0.049605,1,0.3728,1.508
2026-07-31T20:02:32,mediapart_d15_s4_tous_n2000_e5000_g2,mediapart,15,4,tous,2000,_s3,31232,7336,26599,130,1261,0,5000,31,11,0.3667,24.27,0.8090,0.2327,0.3499,0.4839,1.750,0.3319,1.054,0.093404,0.079527,0.059721,0.041524,0.039301,0.036466,1,0.2385,1.468
2026-07-31T20:02:34,mediapart_d15_s4_sans_verbes_n2000_e5000_g2,mediapart,15,4,sans_verbes,2000,_s3,29154,6200,24621,115,1197,0,5000,31,11,0.3667,23.88,0.7959,0.2386,0.3556,0.4876,1.778,0.3331,1.068,0.095697,0.082406,0.060464,0.042301,0.039096,0.035613,1,0.2399,1.482
2026-07-31T20:02:36,mediapart_d15_s4_noms_n2000_e5000_g2,mediapart,15,4,noms,2000,_s3,26160,5140,21934,102,1088,0,5000,31,11,0.3667,24.35,0.8118,0.2329,0.3501,0.4842,1.751,0.3300,1.061,0.091938,0.076586,0.064344,0.041327,0.039232,0.036700,1,0.2386,1.467
2026-07-31T20:02:37,mediapart_d15_s4_noms_propres_n2000_e5000_g2,mediapart,15,4,noms_propres,2000,_s3,3039,502,2515,13,155,0,2347,31,9,0.3000,20.92,0.6973,0.2767,0.4029,0.5340,2.014,0.3789,1.063,0.116188,0.098179,0.062300,0.045171,0.042824,0.038218,1,0.2477,1.627
2026-07-31T20:02:39,mediapart_d15_s6_tous_n2000_e5000_g2,mediapart,15,6,tous,2000,_s3,9225,2661,7303,30,376,0,5000,31,10,0.3333,21.28,0.7093,0.2788,0.3915,0.5164,1.958,0.3704,1.057,0.119207,0.084623,0.074926,0.039899,0.037498,0.035379,1,0.2384,1.642
2026-07-31T20:02:41,mediapart_d15_s6_sans_verbes_n2000_e5000_g2,mediapart,15,6,sans_verbes,2000,_s3,8967,2479,7054,29,363,0,5000,31,10,0.3333,21.58,0.7194,0.2741,0.3833,0.5112,1.916,0.3634,1.055,0.117992,0.080943,0.075147,0.038747,0.036182,0.034286,1,0.2376,1.613
2026-07-31T20:02:43,mediapart_d15_s6_noms_n2000_e5000_g2,mediapart,15,6,noms,2000,_s3,8229,2194,6419,27,342,0,5000,31,10,0.3333,21.06,0.7020,0.2814,0.3929,0.5183,1.964,0.3751,1.048,0.121958,0.083794,0.075658,0.039681,0.037608,0.034195,1,0.2398,1.639
2026-07-31T20:02:44,mediapart_d15_s6_noms_propres_n2000_e5000_g2,mediapart,15,6,noms_propres,2000,_s3,918,210,772,5,49,0,718,31,8,0.2667,17.73,0.5910,0.3203,0.4535,0.5840,2.268,0.4252,1.067,0.141402,0.111341,0.067571,0.050106,0.045492,0.037616,1,0.2661,1.704
2026-07-31T20:02:46,mediapart_d25_s4_tous_n2000_e5000_g2,mediapart,25,4,tous,2000,_s3,31232,7311,25424,223,1204,0,5000,51,18,0.3600,38.04,0.7608,0.1811,0.2624,0.3521,2.187,0.2477,1.060,0.075753,0.054881,0.050500,0.029718,0.026662,0.024923,1,0.1537,1.708
2026-07-31T20:02:48,mediapart_d25_s4_sans_verbes_n2000_e5000_g2,mediapart,25,4,sans_verbes,2000,_s3,29154,6188,23478,188,1140,0,5000,51,18,0.3600,37.81,0.7563,0.1825,0.2629,0.3521,2.191,0.2494,1.054,0.077922,0.053863,0.050733,0.029006,0.026799,0.024600,1,0.1526,1.723
2026-07-31T20:02:50,mediapart_d25_s4_noms_n2000_e5000_g2,mediapart,25,4,noms,2000,_s3,26160,5135,20872,159,1033,0,5000,51,18,0.3600,37.43,0.7486,0.1840,0.2649,0.3544,2.208,0.2504,1.058,0.080454,0.054093,0.049468,0.029224,0.026829,0.024853,1,0.1533,1.729
2026-07-31T20:02:52,mediapart_d25_s4_noms_propres_n2000_e5000_g2,mediapart,25,4,noms_propres,2000,_s3,3039,501,2366,17,144,0,2205,51,15,0.3000,31.92,0.6384,0.2207,0.3120,0.4072,2.600,0.2982,1.046,0.094416,0.071312,0.055019,0.033195,0.030855,0.027190,1,0.1615,1.932
2026-07-31T20:02:54,mediapart_d25_s6_tous_n2000_e5000_g2,mediapart,25,6,tous,2000,_s3,9225,2658,6896,45,365,0,5000,51,16,0.3200,31.40,0.6279,0.2248,0.3040,0.3920,2.534,0.2928,1.038,0.106011,0.060214,0.058602,0.028858,0.025511,0.024830,1,0.1521,1.999
2026-07-31T20:02:56,mediapart_d25_s6_sans_verbes_n2000_e5000_g2,mediapart,25,6,sans_verbes,2000,_s3,8967,2477,6649,43,352,0,5000,51,16,0.3200,31.60,0.6320,0.2244,0.3028,0.3887,2.523,0.2913,1.039,0.104887,0.061663,0.057821,0.028450,0.025804,0.024158,1,0.1521,1.991
2026-07-31T20:02:57,mediapart_d25_s6_noms_n2000_e5000_g2,mediapart,25,6,noms,2000,_s3,8229,2192,6047,41,331,0,5000,51,16,0.3200,31.43,0.6286,0.2261,0.3043,0.3900,2.536,0.2923,1.041,0.105297,0.062034,0.058769,0.028197,0.025808,0.024166,1,0.1531,1.987
2026-07-31T20:02:59,mediapart_d25_s6_noms_propres_n2000_e5000_g2,mediapart,25,6,noms_propres,2000,_s3,918,210,728,6,45,0,677,51,12,0.2400,26.20,0.5240,0.2598,0.3637,0.4660,3.031,0.3402,1.069,0.114031,0.084410,0.061399,0.037303,0.035828,0.030739,1,0.1830,1.987
2026-07-31T20:03:01,mediapart_d50_s4_tous_n2000_e5000_g2,mediapart,50,4,tous,2000,_s3,31232,7256,23451,406,1117,0,5000,101,36,0.3600,69.27,0.6927,0.1298,0.1781,0.2310,2.968,0.1699,1.048,0.061617,0.035156,0.033060,0.018436,0.015281,0.014544,1,0.0862,2.066
2026-07-31T20:03:03,mediapart_d50_s4_sans_verbes_n2000_e5000_g2,mediapart,50,4,sans_verbes,2000,_s3,29154,6153,21548,345,1056,0,5000,101,36,0.3600,68.26,0.6826,0.1314,0.1788,0.2311,2.980,0.1706,1.048,0.064240,0.034982,0.032210,0.017912,0.014856,0.014586,1,0.0861,2.076
2026-07-31T20:03:06,mediapart_d50_s4_noms_n2000_e5000_g2,mediapart,50,4,noms,2000,_s3,26160,5117,19074,283,956,0,5000,101,35,0.3500,68.45,0.6845,0.1299,0.1779,0.2312,2.966,0.1706,1.043,0.064379,0.033743,0.031766,0.017945,0.015616,0.014490,1,0.0854,2.083
2026-07-31T20:03:08,mediapart_d50_s4_noms_propres_n2000_e5000_g2,mediapart,50,4,noms_propres,2000,_s3,3039,501,2113,24,126,0,1963,101,29,0.2900,54.99,0.5499,0.1662,0.2273,0.2880,3.788,0.2162,1.051,0.075546,0.047172,0.043445,0.023247,0.020036,0.017825,1,0.0957,2.375
2026-07-31T20:03:10,mediapart_d50_s6_tous_n2000_e5000_g2,mediapart,50,6,tous,2000,_s3,9225,2647,6296,86,351,0,5000,101,32,0.3200,53.39,0.5339,0.1712,0.2206,0.2721,3.677,0.2134,1.034,0.086598,0.043127,0.041474,0.019141,0.015693,0.014607,1,0.0847,2.605
2026-07-31T20:03:12,mediapart_d50_s6_sans_verbes_n2000_e5000_g2,mediapart,50,6,sans_verbes,2000,_s3,8967,2467,6053,83,338,0,5000,101,32,0.3200,52.89,0.5289,0.1713,0.2195,0.2713,3.658,0.2126,1.032,0.088657,0.041658,0.041009,0.018000,0.015641,0.014504,1,0.0852,2.575
2026-07-31T20:03:14,mediapart_d50_s6_noms_n2000_e5000_g2,mediapart,50,6,noms,2000,_s3,8229,2183,5489,77,317,0,5000,101,32,0.3200,52.79,0.5279,0.1719,0.2205,0.2725,3.675,0.2137,1.032,0.088524,0.042016,0.041340,0.018426,0.015634,0.014548,1,0.0852,2.589
2026-07-31T20:03:15,mediapart_d50_s6_noms_propres_n2000_e5000_g2,mediapart,50,6,noms_propres,2000,_s3,918,209,659,9,42,0,608,101,21,0.2100,42.31,0.4231,0.2014,0.2746,0.3483,4.577,0.2609,1.053,0.090172,0.062171,0.049082,0.026843,0.025459,0.020881,1,0.1151,2.386
2026-07-31T20:03:17,mediapart3j_d10_s4_tous_n0_e5000_g2,mediapart3j,10,4,tous,0,_s3,12059,5204,10646,82,0,0,5000,21,8,0.4000,18.32,0.9162,0.2387,0.4069,0.5968,1.356,0.3687,1.104,0.100629,0.074176,0.063912,0.061150,0.055809,0.051247,1,0.3398,1.198
2026-07-31T20:03:18,mediapart3j_d10_s4_sans_verbes_n0_e5000_g2,mediapart3j,10,4,sans_verbes,0,_s3,11300,4660,9939,75,0,0,5000,21,8,0.4000,18.31,0.9154,0.2394,0.4083,0.5975,1.361,0.3731,1.094,0.100463,0.073206,0.065749,0.061797,0.057169,0.049943,1,0.3390,1.204
2026-07-31T20:03:20,mediapart3j_d10_s4_noms_n0_e5000_g2,mediapart3j,10,4,noms,0,_s3,10024,3999,8814,65,0,0,5000,21,8,0.4000,18.39,0.9196,0.2375,0.4061,0.5942,1.354,0.3667,1.107,0.099661,0.071769,0.066103,0.061376,0.055966,0.051201,1,0.3399,1.195
2026-07-31T20:03:21,mediapart3j_d10_s4_noms_propres_n0_e5000_g2,mediapart3j,10,4,noms_propres,0,_s3,1135,405,970,2,0,0,968,21,7,0.3500,16.62,0.8312,0.2783,0.4561,0.6483,1.520,0.4088,1.116,0.128589,0.080078,0.069619,0.064600,0.057342,0.055888,0,0.3632,1.256
2026-07-31T20:03:22,mediapart3j_d10_s6_tous_n0_e5000_g2,mediapart3j,10,6,tous,0,_s3,2772,1568,2469,13,0,0,2456,21,8,0.4000,17.17,0.8583,0.2705,0.4472,0.6357,1.491,0.4116,1.086,0.115811,0.080673,0.074049,0.063934,0.060525,0.052167,0,0.3479,1.285
2026-07-31T20:03:24,mediapart3j_d10_s6_sans_verbes_n0_e5000_g2,mediapart3j,10,6,sans_verbes,0,_s3,2675,1488,2374,13,0,0,2361,21,8,0.4000,17.17,0.8583,0.2689,0.4461,0.6349,1.487,0.4099,1.088,0.116892,0.079654,0.072345,0.063872,0.061108,0.052188,0,0.3518,1.268
2026-07-31T20:03:25,mediapart3j_d10_s6_noms_n0_e5000_g2,mediapart3j,10,6,noms,0,_s3,2390,1327,2129,11,0,0,2118,21,8,0.4000,17.11,0.8557,0.2698,0.4472,0.6363,1.491,0.4098,1.091,0.117738,0.079910,0.072180,0.063670,0.061037,0.052667,0,0.3488,1.282
2026-07-31T20:03:26,mediapart3j_d10_s6_noms_propres_n0_e5000_g2,mediapart3j,10,6,noms_propres,0,_s3,273,131,247,0,0,0,247,21,6,0.3000,14.72,0.7361,0.3058,0.5128,0.7223,1.709,0.4504,1.139,0.145717,0.080491,0.079560,0.071154,0.070350,0.065479,0,0.4205,1.219
2026-07-31T20:03:27,mediapart3j_d15_s4_tous_n0_e5000_g2,mediapart3j,15,4,tous,0,_s3,12059,5161,10413,161,0,0,5000,31,12,0.4000,26.65,0.8884,0.1850,0.3099,0.4471,1.550,0.2844,1.090,0.083463,0.054542,0.047007,0.044850,0.041101,0.038984,1,0.2434,1.273
2026-07-31T20:03:29,mediapart3j_d15_s4_sans_verbes_n0_e5000_g2,mediapart3j,15,4,sans_verbes,0,_s3,11300,4625,9708,143,0,0,5000,31,12,0.4000,26.59,0.8862,0.1865,0.3123,0.4509,1.562,0.2873,1.087,0.082924,0.052889,0.050689,0.044835,0.042266,0.038707,1,0.2449,1.276
2026-07-31T20:03:30,mediapart3j_d15_s4_noms_n0_e5000_g2,mediapart3j,15,4,noms,0,_s3,10024,3979,8602,114,0,0,5000,31,12,0.4000,26.51,0.8837,0.1862,0.3114,0.4512,1.557,0.2857,1.090,0.084712,0.051688,0.049775,0.043796,0.043299,0.038142,1,0.2418,1.288
2026-07-31T20:03:32,mediapart3j_d15_s4_noms_propres_n0_e5000_g2,mediapart3j,15,4,noms_propres,0,_s3,1135,405,942,6,0,0,936,31,10,0.3333,23.07,0.7690,0.2263,0.3660,0.5132,1.830,0.3344,1.095,0.110525,0.060604,0.055135,0.051452,0.046148,0.042171,0,0.2630,1.392
2026-07-31T20:03:33,mediapart3j_d15_s6_tous_n0_e5000_g2,mediapart3j,15,6,tous,0,_s3,2772,1564,2407,25,0,0,2382,31,11,0.3667,24.43,0.8142,0.2148,0.3512,0.4948,1.756,0.3292,1.067,0.097140,0.059199,0.058434,0.051581,0.044783,0.040068,0,0.2451,1.433
2026-07-31T20:03:34,mediapart3j_d15_s6_sans_verbes_n0_e5000_g2,mediapart3j,15,6,sans_verbes,0,_s3,2675,1484,2312,25,0,0,2287,31,11,0.3667,24.40,0.8135,0.2145,0.3510,0.4945,1.755,0.3291,1.067,0.097824,0.059509,0.057176,0.051148,0.045069,0.040261,0,0.2469,1.422
2026-07-31T20:03:35,mediapart3j_d15_s6_noms_n0_e5000_g2,mediapart3j,15,6,noms,0,_s3,2390,1325,2073,19,0,0,2054,31,11,0.3667,24.39,0.8129,0.2146,0.3504,0.4949,1.752,0.3274,1.070,0.097908,0.059966,0.056731,0.051254,0.044758,0.039743,0,0.2487,1.409
2026-07-31T20:03:36,mediapart3j_d15_s6_noms_propres_n0_e5000_g2,mediapart3j,15,6,noms_propres,0,_s3,273,131,237,2,0,0,235,31,8,0.2667,19.45,0.6482,0.2627,0.4281,0.6033,2.141,0.3867,1.107,0.125476,0.073674,0.063524,0.059567,0.054795,0.051066,0,0.3004,1.425
2026-07-31T20:03:38,mediapart3j_d25_s4_tous_n0_e5000_g2,mediapart3j,25,4,tous,0,_s3,12059,5135,10039,231,0,0,5000,51,19,0.3800,42.36,0.8471,0.1389,0.2262,0.3194,1.885,0.2078,1.089,0.067392,0.036995,0.034475,0.031453,0.028769,0.027117,1,0.1598,1.416
2026-07-31T20:03:40,mediapart3j_d25_s4_sans_verbes_n0_e5000_g2,mediapart3j,25,4,sans_verbes,0,_s3,11300,4601,9340,210,0,0,5000,51,19,0.3800,42.44,0.8488,0.1391,0.2258,0.3196,1.881,0.2093,1.078,0.066378,0.038142,0.034608,0.031709,0.028168,0.026755,1,0.1587,1.422
2026-07-31T20:03:41,mediapart3j_d25_s4_noms_n0_e5000_g2,mediapart3j,25,4,noms,0,_s3,10024,3962,8258,168,0,0,5000,51,19,0.3800,41.61,0.8322,0.1430,0.2316,0.3250,1.930,0.2139,1.082,0.070483,0.038352,0.034182,0.031675,0.029169,0.027706,1,0.1610,1.439
2026-07-31T20:03:42,mediapart3j_d25_s4_noms_propres_n0_e5000_g2,mediapart3j,25,4,noms_propres,0,_s3,1135,405,892,7,0,0,885,51,16,0.3200,35.34,0.7067,0.1757,0.2781,0.3854,2.318,0.2571,1.082,0.088917,0.045521,0.041290,0.036703,0.034864,0.030832,0,0.1839,1.512
2026-07-31T20:03:44,mediapart3j_d25_s6_tous_n0_e5000_g2,mediapart3j,25,6,tous,0,_s3,2772,1556,2335,41,0,0,2294,51,17,0.3400,37.63,0.7527,0.1691,0.2657,0.3652,2.214,0.2506,1.060,0.081209,0.046692,0.041214,0.036401,0.030923,0.029228,0,0.1617,1.643
2026-07-31T20:03:45,mediapart3j_d25_s6_sans_verbes_n0_e5000_g2,mediapart3j,25,6,sans_verbes,0,_s3,2675,1477,2240,40,0,0,2200,51,17,0.3400,37.52,0.7503,0.1691,0.2657,0.3656,2.215,0.2506,1.060,0.081857,0.047302,0.039975,0.036238,0.031204,0.029169,0,0.1614,1.646
2026-07-31T20:03:46,mediapart3j_d25_s6_noms_n0_e5000_g2,mediapart3j,25,6,noms,0,_s3,2390,1318,2006,32,0,0,1974,51,17,0.3400,37.18,0.7436,0.1711,0.2678,0.3679,2.232,0.2526,1.060,0.082890,0.048353,0.039844,0.036273,0.031336,0.029149,0,0.1618,1.655
2026-07-31T20:03:47,mediapart3j_d25_s6_noms_propres_n0_e5000_g2,mediapart3j,25,6,noms_propres,0,_s3,273,131,228,2,0,0,226,51,12,0.2400,28.81,0.5763,0.2070,0.3305,0.4654,2.754,0.3035,1.089,0.098716,0.060518,0.047724,0.043047,0.041359,0.039102,0,0.2363,1.398
2026-07-31T20:03:49,mediapart3j_d50_s4_tous_n0_e5000_g2,mediapart3j,50,4,tous,0,_s3,12059,5024,9378,470,0,0,5000,101,38,0.3800,79.43,0.7943,0.0983,0.1486,0.2023,2.477,0.1377,1.079,0.050521,0.028292,0.019473,0.018413,0.016272,0.015639,1,0.0899,1.654
2026-07-31T20:03:51,mediapart3j_d50_s4_sans_verbes_n0_e5000_g2,mediapart3j,50,4,sans_verbes,0,_s3,11300,4524,8695,405,0,0,5000,101,38,0.3800,78.60,0.7860,0.1000,0.1500,0.2043,2.500,0.1399,1.072,0.051903,0.028388,0.019753,0.018404,0.016107,0.015455,1,0.0903,1.661
2026-07-31T20:03:53,mediapart3j_d50_s4_noms_n0_e5000_g2,mediapart3j,50,4,noms,0,_s3,10024,3906,7675,334,0,0,5000,101,38,0.3800,77.51,0.7751,0.1020,0.1527,0.2075,2.545,0.1421,1.075,0.053346,0.029154,0.019489,0.018574,0.016374,0.015743,1,0.0914,1.670
2026-07-31T20:03:54,mediapart3j_d50_s4_noms_propres_n0_e5000_g2,mediapart3j,50,4,noms_propres,0,_s3,1135,399,813,23,0,0,790,101,27,0.2700,60.98,0.6098,0.1303,0.1965,0.2671,3.275,0.1784,1.102,0.067587,0.036899,0.025820,0.024651,0.021836,0.019725,0,0.1107,1.775
2026-07-31T20:03:56,mediapart3j_d50_s6_tous_n0_e5000_g2,mediapart3j,50,6,tous,0,_s3,2772,1528,2216,80,0,0,2136,101,33,0.3300,67.49,0.6749,0.1229,0.1808,0.2409,3.013,0.1725,1.048,0.064036,0.034574,0.024297,0.022109,0.018157,0.017610,0,0.0933,1.937
2026-07-31T20:03:57,mediapart3j_d50_s6_sans_verbes_n0_e5000_g2,mediapart3j,50,6,sans_verbes,0,_s3,2675,1452,2123,76,0,0,2047,101,32,0.3200,67.10,0.6710,0.1229,0.1809,0.2416,3.015,0.1727,1.047,0.064630,0.035022,0.023256,0.022118,0.018297,0.017563,0,0.0946,1.911
2026-07-31T20:03:58,mediapart3j_d50_s6_noms_n0_e5000_g2,mediapart3j,50,6,noms,0,_s3,2390,1296,1902,65,0,0,1837,101,32,0.3200,66.50,0.6650,0.1242,0.1820,0.2429,3.033,0.1732,1.051,0.065193,0.035874,0.023104,0.022183,0.018186,0.017438,0,0.0968,1.881
2026-07-31T20:04:00,mediapart3j_d50_s6_noms_propres_n0_e5000_g2,mediapart3j,50,6,noms_propres,0,_s3,273,128,213,8,0,0,205,101,18,0.1800,46.29,0.4629,0.1485,0.2379,0.3386,3.965,0.2209,1.077,0.072134,0.043271,0.033124,0.031426,0.029703,0.028246,0,0.1593,1.493
2026-07-31T20:04:01,mediapart7j_d10_s4_tous_n0_e5000_g2,mediapart7j,10,4,tous,0,_s3,6571,3665,5645,162,0,0,5000,21,8,0.4000,16.71,0.8354,0.2843,0.4487,0.6310,1.496,0.3952,1.135,0.128115,0.085947,0.070229,0.061720,0.053931,0.048806,0,0.3680,1.219
2026-07-31T20:04:02,mediapart7j_d10_s4_sans_verbes_n0_e5000_g2,mediapart7j,10,4,sans_verbes,0,_s3,6139,3364,5273,148,0,0,5000,21,7,0.3500,16.58,0.8289,0.2872,0.4520,0.6323,1.507,0.3990,1.133,0.130188,0.087032,0.069977,0.061551,0.054519,0.048736,0,0.3691,1.225
2026-07-31T20:04:03,mediapart7j_d10_s4_noms_n0_e5000_g2,mediapart7j,10,4,noms,0,_s3,5458,2964,4694,120,0,0,4574,21,7,0.3500,16.59,0.8296,0.2872,0.4525,0.6335,1.508,0.3992,1.133,0.129750,0.086710,0.070700,0.060761,0.054998,0.049546,0,0.3696,1.224
2026-07-31T20:04:04,mediapart7j_d10_s4_noms_propres_n0_e5000_g2,mediapart7j,10,4,noms_propres,0,_s3,622,327,512,4,0,0,508,21,6,0.3000,13.61,0.6806,0.3628,0.5364,0.7129,1.788,0.4758,1.127,0.164703,0.107933,0.090139,0.067941,0.053479,0.052252,0,0.4163,1.289
2026-07-31T20:04:06,mediapart7j_d10_s6_tous_n0_e5000_g2,mediapart7j,10,6,tous,0,_s3,1485,1010,1307,37,0,0,1270,21,6,0.3000,13.35,0.6676,0.3582,0.5340,0.7019,1.780,0.4794,1.114,0.175981,0.109922,0.072346,0.067997,0.057832,0.049939,0,0.3795,1.407
2026-07-31T20:04:07,mediapart7j_d10_s6_sans_verbes_n0_e5000_g2,mediapart7j,10,6,sans_verbes,0,_s3,1405,954,1238,35,0,0,1203,21,6,0.3000,13.30,0.6650,0.3598,0.5345,0.7041,1.782,0.4803,1.113,0.176203,0.111511,0.072054,0.068521,0.056397,0.049766,0,0.3786,1.412
2026-07-31T20:04:08,mediapart7j_d10_s6_noms_n0_e5000_g2,mediapart7j,10,6,noms,0,_s3,1254,855,1106,29,0,0,1077,21,6,0.3000,13.37,0.6683,0.3590,0.5353,0.7052,1.784,0.4796,1.116,0.174903,0.109662,0.074434,0.069117,0.056355,0.050855,0,0.3782,1.415
2026-07-31T20:04:09,mediapart7j_d10_s6_noms_propres_n0_e5000_g2,mediapart7j,10,6,noms_propres,0,_s3,134,80,100,1,0,0,99,21,5,0.2500,11.24,0.5619,0.3946,0.6159,0.8113,2.053,0.5627,1.095,0.197492,0.107007,0.090128,0.081594,0.071973,0.067717,0,0.4681,1.316
2026-07-31T20:04:10,mediapart7j_d15_s4_tous_n0_e5000_g2,mediapart7j,15,4,tous,0,_s3,6571,3618,5505,235,0,0,5000,31,11,0.3667,24.64,0.8212,0.2160,0.3384,0.4750,1.692,0.3068,1.103,0.101797,0.063006,0.051165,0.045650,0.040174,0.036597,0,0.2657,1.274
2026-07-31T20:04:11,mediapart7j_d15_s4_sans_verbes_n0_e5000_g2,mediapart7j,15,4,sans_verbes,0,_s3,6139,3326,5136,213,0,0,4923,31,11,0.3667,24.41,0.8136,0.2189,0.3416,0.4780,1.708,0.3097,1.103,0.103751,0.063516,0.051650,0.046000,0.040239,0.036447,0,0.2664,1.282
2026-07-31T20:04:13,mediapart7j_d15_s4_noms_n0_e5000_g2,mediapart7j,15,4,noms,0,_s3,5458,2939,4570,168,0,0,4402,31,11,0.3667,24.35,0.8118,0.2197,0.3428,0.4800,1.714,0.3110,1.102,0.104139,0.063399,0.052187,0.045565,0.040615,0.036846,0,0.2683,1.278
2026-07-31T20:04:14,mediapart7j_d15_s4_noms_propres_n0_e5000_g2,mediapart7j,15,4,noms_propres,0,_s3,622,324,499,9,0,0,490,31,8,0.2667,19.11,0.6370,0.2922,0.4337,0.5745,2.168,0.3849,1.127,0.137478,0.082537,0.072150,0.051385,0.046994,0.043129,0,0.3077,1.409
2026-07-31T20:04:15,mediapart7j_d15_s6_tous_n0_e5000_g2,mediapart7j,15,6,tous,0,_s3,1485,1001,1276,48,0,0,1228,31,9,0.3000,19.73,0.6576,0.2800,0.4137,0.5470,2.068,0.3782,1.094,0.139037,0.083612,0.057349,0.051906,0.043561,0.038186,0,0.2684,1.541
2026-07-31T20:04:16,mediapart7j_d15_s6_sans_verbes_n0_e5000_g2,mediapart7j,15,6,sans_verbes,0,_s3,1405,947,1208,45,0,0,1163,31,9,0.3000,19.61,0.6538,0.2821,0.4143,0.5480,2.072,0.3795,1.092,0.139886,0.084170,0.058011,0.052168,0.042760,0.037345,0,0.2701,1.534
2026-07-31T20:04:17,mediapart7j_d15_s6_noms_n0_e5000_g2,mediapart7j,15,6,noms,0,_s3,1254,848,1078,39,0,0,1039,31,9,0.3000,19.74,0.6581,0.2808,0.4138,0.5482,2.069,0.3769,1.098,0.138479,0.082637,0.059691,0.052482,0.042164,0.038373,0,0.2732,1.515
2026-07-31T20:04:18,mediapart7j_d15_s6_noms_propres_n0_e5000_g2,mediapart7j,15,6,noms_propres,0,_s3,134,78,97,3,0,0,94,31,6,0.2000,14.34,0.4781,0.3431,0.5309,0.6995,2.654,0.4912,1.081,0.172282,0.094330,0.076448,0.072645,0.061554,0.053618,0,0.3771,1.408
2026-07-31T20:04:19,mediapart7j_d25_s4_tous_n0_e5000_g2,mediapart7j,25,4,tous,0,_s3,6571,3527,5299,384,0,0,4915,51,19,0.3800,40.61,0.8122,0.1516,0.2400,0.3343,2.000,0.2216,1.083,0.073478,0.042165,0.035997,0.032639,0.028336,0.027424,0,0.1752,1.370
2026-07-31T20:04:21,mediapart7j_d25_s4_sans_verbes_n0_e5000_g2,mediapart7j,25,4,sans_verbes,0,_s3,6139,3251,4936,344,0,0,4592,51,18,0.3600,40.15,0.8029,0.1540,0.2432,0.3375,2.027,0.2237,1.087,0.075355,0.042458,0.036194,0.033234,0.028432,0.027527,1,0.1761,1.381
2026-07-31T20:04:22,mediapart7j_d25_s4_noms_n0_e5000_g2,mediapart7j,25,4,noms,0,_s3,5458,2869,4388,287,0,0,4101,51,18,0.3600,40.04,0.8007,0.1546,0.2441,0.3391,2.035,0.2245,1.087,0.075578,0.042451,0.036554,0.033145,0.028796,0.027617,0,0.1770,1.380
2026-07-31T20:04:24,mediapart7j_d25_s4_noms_propres_n0_e5000_g2,mediapart7j,25,4,noms_propres,0,_s3,622,316,479,23,0,0,456,51,13,0.2600,28.88,0.5776,0.2236,0.3343,0.4451,2.786,0.2985,1.120,0.109915,0.061205,0.052453,0.041007,0.037053,0.032662,0,0.2235,1.496
2026-07-31T20:04:25,mediapart7j_d25_s6_tous_n0_e5000_g2,mediapart7j,25,6,tous,0,_s3,1485,975,1245,78,0,0,1167,51,15,0.3000,33.08,0.6615,0.1986,0.2931,0.3936,2.442,0.2733,1.072,0.099839,0.056622,0.042161,0.034829,0.031350,0.028288,0,0.1804,1.625
2026-07-31T20:04:26,mediapart7j_d25_s6_sans_verbes_n0_e5000_g2,mediapart7j,25,6,sans_verbes,0,_s3,1405,924,1178,72,0,0,1106,51,15,0.3000,32.91,0.6581,0.2001,0.2942,0.3948,2.451,0.2744,1.072,0.100090,0.057122,0.042914,0.035081,0.030819,0.028128,0,0.1825,1.612
2026-07-31T20:04:28,mediapart7j_d25_s6_noms_n0_e5000_g2,mediapart7j,25,6,noms,0,_s3,1254,827,1051,64,0,0,987,51,15,0.3000,33.06,0.6611,0.1992,0.2935,0.3954,2.446,0.2765,1.061,0.098914,0.056366,0.043951,0.035434,0.030196,0.028623,0,0.1840,1.595
2026-07-31T20:04:29,mediapart7j_d25_s6_noms_propres_n0_e5000_g2,mediapart7j,25,6,noms_propres,0,_s3,134,77,95,4,0,0,91,51,9,0.1800,21.31,0.4263,0.2582,0.4155,0.5728,3.462,0.3979,1.044,0.121824,0.074881,0.061486,0.056928,0.054314,0.046051,0,0.2936,1.415
2026-07-31T20:04:31,mediapart7j_d50_s4_tous_n0_e5000_g2,mediapart7j,50,4,tous,0,_s3,6571,3379,4949,624,0,0,4325,101,37,0.3700,77.91,0.7791,0.1046,0.1597,0.2153,2.662,0.1451,1.101,0.048411,0.031709,0.024512,0.019800,0.018305,0.016995,1,0.1021,1.564
2026-07-31T20:04:32,mediapart7j_d50_s4_sans_verbes_n0_e5000_g2,mediapart7j,50,4,sans_verbes,0,_s3,6139,3110,4599,573,0,0,4026,101,36,0.3600,76.90,0.7690,0.1065,0.1623,0.2181,2.704,0.1469,1.104,0.049835,0.032003,0.024619,0.020068,0.018564,0.017171,1,0.1026,1.582
2026-07-31T20:04:34,mediapart7j_d50_s4_noms_n0_e5000_g2,mediapart7j,50,4,noms,0,_s3,5458,2746,4078,491,0,0,3587,101,36,0.3600,76.41,0.7641,0.1072,0.1636,0.2203,2.726,0.1479,1.106,0.050121,0.032268,0.024762,0.020381,0.018508,0.017515,0,0.1035,1.581
2026-07-31T20:04:35,mediapart7j_d50_s4_noms_propres_n0_e5000_g2,mediapart7j,50,4,noms_propres,0,_s3,622,296,443,51,0,0,392,101,22,0.2200,50.70,0.5070,0.1542,0.2360,0.3152,3.933,0.2109,1.119,0.077916,0.041622,0.034624,0.031484,0.026880,0.023426,0,0.1464,1.612
2026-07-31T20:04:36,mediapart7j_d50_s6_tous_n0_e5000_g2,mediapart7j,50,6,tous,0,_s3,1485,929,1184,132,0,0,1052,101,29,0.2900,61.45,0.6145,0.1379,0.2029,0.2673,3.381,0.1887,1.075,0.068128,0.036353,0.033417,0.023429,0.022302,0.019234,0,0.1105,1.835
2026-07-31T20:04:37,mediapart7j_d50_s6_sans_verbes_n0_e5000_g2,mediapart7j,50,6,sans_verbes,0,_s3,1405,878,1120,125,0,0,995,101,29,0.2900,60.74,0.6074,0.1397,0.2053,0.2700,3.421,0.1895,1.083,0.068574,0.037161,0.034011,0.023777,0.022600,0.019161,0,0.1110,1.849
2026-07-31T20:04:38,mediapart7j_d50_s6_noms_n0_e5000_g2,mediapart7j,50,6,noms,0,_s3,1254,787,1001,110,0,0,891,101,28,0.2800,60.51,0.6051,0.1392,0.2054,0.2719,3.423,0.1895,1.084,0.068181,0.037250,0.033761,0.023858,0.023103,0.019230,0,0.1117,1.839
2026-07-31T20:04:39,mediapart7j_d50_s6_noms_propres_n0_e5000_g2,mediapart7j,50,6,noms_propres,0,_s3,134,73,94,10,0,0,84,101,11,0.1100,29.00,0.2900,0.2103,0.3408,0.4739,5.680,0.3205,1.063,0.097649,0.062937,0.049681,0.047144,0.044179,0.039180,0,0.2219,1.536
2026-07-31T20:04:45,lemonde_d10_s4_tous_n5000_e5000_log_g2,lemonde,10,4,tous,5000,_s3,164258,9816,127434,120,1548,0,5000,21,9,0.4500,18.85,0.9427,0.2165,0.3871,0.5866,1.290,0.3296,1.174,0.080712,0.072630,0.063138,0.059522,0.056941,0.054164,5,0.3823,1.013
2026-07-31T20:04:51,lemonde_d10_s4_sans_verbes_n5000_e5000_log_g2,lemonde,10,4,sans_verbes,5000,_s3,153204,7847,117598,115,1507,0,5000,21,9,0.4500,18.81,0.9407,0.2175,0.3894,0.5880,1.298,0.3305,1.178,0.082395,0.073177,0.061968,0.061829,0.056098,0.053915,4,0.3868,1.007
2026-07-31T20:04:57,lemonde_d10_s4_noms_n5000_e5000_log_g2,lemonde,10,4,noms,5000,_s3,136633,6256,104219,102,1410,0,5000,21,9,0.4500,18.75,0.9376,0.2208,0.3913,0.5916,1.304,0.3337,1.173,0.083366,0.075178,0.062247,0.059145,0.056974,0.054414,5,0.3863,1.013
2026-07-31T20:05:00,lemonde_d10_s4_noms_propres_n5000_e5000_log_g2,lemonde,10,4,noms_propres,5000,_s3,15829,511,10294,11,183,0,5000,21,8,0.4000,17.59,0.8795,0.2609,0.4302,0.6185,1.434,0.3360,1.280,0.108599,0.085653,0.066628,0.060261,0.056593,0.052419,3,0.4340,0.991
2026-07-31T20:05:05,lemonde_d10_s6_tous_n5000_e5000_log_g2,lemonde,10,6,tous,5000,_s3,40619,7206,32541,34,668,0,5000,21,8,0.4000,18.05,0.9027,0.2440,0.4136,0.6092,1.379,0.3401,1.216,0.101854,0.078602,0.063554,0.060248,0.055975,0.053398,3,0.4035,1.025
2026-07-31T20:05:09,lemonde_d10_s6_sans_verbes_n5000_e5000_log_g2,lemonde,10,6,sans_verbes,5000,_s3,38449,6292,30625,33,659,0,5000,21,8,0.4000,18.03,0.9017,0.2455,0.4136,0.6063,1.379,0.3414,1.211,0.102653,0.080480,0.062363,0.059547,0.055847,0.052665,3,0.4025,1.027
2026-07-31T20:05:13,lemonde_d10_s6_noms_n5000_e5000_log_g2,lemonde,10,6,noms,5000,_s3,34507,5324,27424,30,628,0,5000,21,8,0.4000,18.04,0.9020,0.2451,0.4163,0.6111,1.388,0.3375,1.234,0.100822,0.080096,0.064216,0.060347,0.057394,0.053460,3,0.4113,1.012
2026-07-31T20:05:16,lemonde_d10_s6_noms_propres_n5000_e5000_log_g2,lemonde,10,6,noms_propres,5000,_s3,4505,477,3144,3,97,0,3044,21,7,0.3500,15.99,0.7994,0.3046,0.4702,0.6497,1.567,0.3496,1.345,0.135417,0.093708,0.075426,0.060727,0.053632,0.051262,3,0.4575,1.028
2026-07-31T20:05:21,lemonde_d15_s4_tous_n5000_e5000_log_g2,lemonde,15,4,tous,5000,_s3,164258,9816,123469,155,1506,0,5000,31,13,0.4333,28.07,0.9357,0.1607,0.2805,0.4236,1.402,0.2288,1.226,0.064134,0.053667,0.042932,0.041614,0.039427,0.038685,4,0.2778,1.009
2026-07-31T20:05:26,lemonde_d15_s4_sans_verbes_n5000_e5000_log_g2,lemonde,15,4,sans_verbes,5000,_s3,153204,7847,113769,146,1465,0,5000,31,13,0.4333,27.96,0.9320,0.1645,0.2841,0.4258,1.420,0.2308,1.231,0.063707,0.056412,0.044418,0.041650,0.040117,0.037793,4,0.2806,1.012
2026-07-31T20:05:31,lemonde_d15_s4_noms_n5000_e5000_log_g2,lemonde,15,4,noms,5000,_s3,136633,6256,100721,130,1373,0,5000,31,13,0.4333,27.86,0.9286,0.1658,0.2870,0.4301,1.435,0.2307,1.244,0.064351,0.057237,0.044228,0.041549,0.040318,0.039352,4,0.2829,1.015
2026-07-31T20:05:35,lemonde_d15_s4_noms_propres_n5000_e5000_log_g2,lemonde,15,4,noms_propres,5000,_s3,15829,511,9839,16,177,0,5000,31,12,0.4000,25.67,0.8555,0.2039,0.3285,0.4671,1.643,0.2384,1.378,0.086846,0.068135,0.048893,0.044807,0.041903,0.037932,3,0.3302,0.995
2026-07-31T20:05:39,lemonde_d15_s6_tous_n5000_e5000_log_g2,lemonde,15,6,tous,5000,_s3,40619,7206,31855,44,650,0,5000,31,12,0.4000,27.05,0.9018,0.1811,0.3037,0.4440,1.518,0.2397,1.267,0.073723,0.062004,0.045407,0.042062,0.040722,0.039783,3,0.2901,1.047
2026-07-31T20:05:43,lemonde_d15_s6_sans_verbes_n5000_e5000_log_g2,lemonde,15,6,sans_verbes,5000,_s3,38449,6292,29963,42,641,0,5000,31,12,0.4000,26.67,0.8891,0.1872,0.3096,0.4497,1.548,0.2407,1.286,0.078958,0.062606,0.045591,0.042205,0.041005,0.039268,3,0.2953,1.049
2026-07-31T20:05:47,lemonde_d15_s6_noms_n5000_e5000_log_g2,lemonde,15,6,noms,5000,_s3,34507,5324,26826,39,613,0,5000,31,12,0.4000,26.57,0.8856,0.1897,0.3112,0.4509,1.556,0.2399,1.297,0.079309,0.064031,0.046337,0.042145,0.040387,0.038997,3,0.3004,1.036
2026-07-31T20:05:50,lemonde_d15_s6_noms_propres_n5000_e5000_log_g2,lemonde,15,6,noms_propres,5000,_s3,4505,477,3051,5,94,0,2952,31,11,0.3667,23.24,0.7747,0.2382,0.3643,0.4992,1.821,0.2497,1.459,0.108389,0.075417,0.054348,0.046306,0.041557,0.038247,3,0.3510,1.038
2026-07-31T20:05:55,lemonde_d25_s4_tous_n5000_e5000_log_g2,lemonde,25,4,tous,5000,_s3,164258,9816,117949,215,1448,0,5000,51,21,0.4200,46.26,0.9251,0.1131,0.1925,0.2850,1.604,0.1487,1.294,0.044238,0.040122,0.028735,0.028024,0.025924,0.025482,4,0.1900,1.013
2026-07-31T20:06:00,lemonde_d25_s4_sans_verbes_n5000_e5000_log_g2,lemonde,25,4,sans_verbes,5000,_s3,153204,7847,108434,203,1408,0,5000,51,21,0.4200,46.03,0.9206,0.1138,0.1941,0.2888,1.618,0.1485,1.307,0.045275,0.039957,0.028571,0.027843,0.026575,0.025910,4,0.1925,1.008
2026-07-31T20:06:04,lemonde_d25_s4_noms_n5000_e5000_log_g2,lemonde,25,4,noms,5000,_s3,136633,6256,95905,182,1317,0,5000,51,21,0.4200,45.47,0.9093,0.1200,0.2002,0.2930,1.669,0.1483,1.350,0.048594,0.042260,0.029102,0.027556,0.027421,0.025295,4,0.1984,1.009
2026-07-31T20:06:08,lemonde_d25_s4_noms_propres_n5000_e5000_log_g2,lemonde,25,4,noms_propres,5000,_s3,15829,511,9304,22,169,0,5000,51,19,0.3800,41.71,0.8341,0.1491,0.2335,0.3272,1.946,0.1559,1.498,0.064197,0.051080,0.033813,0.029763,0.029335,0.025288,3,0.2400,0.973
2026-07-31T20:06:12,lemonde_d25_s6_tous_n5000_e5000_log_g2,lemonde,25,6,tous,5000,_s3,40619,7204,30928,68,624,0,5000,51,20,0.4000,43.93,0.8787,0.1322,0.2149,0.3070,1.791,0.1539,1.396,0.055138,0.046757,0.030258,0.028933,0.028193,0.025640,3,0.2090,1.028
2026-07-31T20:06:16,lemonde_d25_s6_sans_verbes_n5000_e5000_log_g2,lemonde,25,6,sans_verbes,5000,_s3,38449,6290,29058,66,615,0,5000,51,20,0.4000,43.37,0.8675,0.1355,0.2183,0.3124,1.819,0.1540,1.417,0.058253,0.046948,0.030253,0.029200,0.026922,0.026727,3,0.2135,1.023
2026-07-31T20:06:20,lemonde_d25_s6_noms_n5000_e5000_log_g2,lemonde,25,6,noms,5000,_s3,34507,5322,26017,60,589,0,5000,51,20,0.4000,43.12,0.8624,0.1376,0.2212,0.3157,1.844,0.1554,1.424,0.058176,0.048644,0.030743,0.029471,0.027634,0.026561,3,0.2153,1.028
2026-07-31T20:06:24,lemonde_d25_s6_noms_propres_n5000_e5000_log_g2,lemonde,25,6,noms_propres,5000,_s3,4505,477,2950,9,89,0,2852,51,17,0.3400,36.84,0.7367,0.1781,0.2706,0.3643,2.255,0.1684,1.607,0.083085,0.058884,0.036170,0.035591,0.030715,0.026181,3,0.2695,1.004
2026-07-31T20:06:30,lemonde_d50_s4_tous_n5000_e5000_log_g2,lemonde,50,4,tous,5000,_s3,164258,9815,109086,378,1351,0,5000,101,40,0.4000,89.40,0.8940,0.0743,0.1215,0.1753,2.025,0.0816,1.489,0.032032,0.024654,0.017661,0.016664,0.015450,0.015041,5,0.1218,0.997
2026-07-31T20:06:35,lemonde_d50_s4_sans_verbes_n5000_e5000_log_g2,lemonde,50,4,sans_verbes,5000,_s3,153204,7846,99888,355,1312,0,5000,101,40,0.4000,88.98,0.8898,0.0757,0.1235,0.1781,2.058,0.0807,1.529,0.031062,0.026828,0.017771,0.017203,0.015525,0.015064,4,0.1218,1.014
2026-07-31T20:06:40,lemonde_d50_s4_noms_n5000_e5000_log_g2,lemonde,50,4,noms,5000,_s3,136633,6255,88163,314,1226,0,5000,101,40,0.4000,88.50,0.8850,0.0767,0.1253,0.1799,2.088,0.0816,1.536,0.032654,0.025753,0.018343,0.017280,0.015818,0.015445,4,0.1237,1.013
2026-07-31T20:06:44,lemonde_d50_s4_noms_propres_n5000_e5000_log_g2,lemonde,50,4,noms_propres,5000,_s3,15829,511,8450,31,154,0,5000,101,37,0.3700,78.27,0.7827,0.1039,0.1560,0.2135,2.600,0.0887,1.758,0.047027,0.034382,0.022480,0.019399,0.016551,0.016153,3,0.1649,0.946
2026-07-31T20:06:49,lemonde_d50_s6_tous_n5000_e5000_log_g2,lemonde,50,6,tous,5000,_s3,40619,7203,29461,108,591,0,5000,101,38,0.3800,84.05,0.8405,0.0896,0.1390,0.1941,2.316,0.0857,1.622,0.038847,0.031524,0.019244,0.017413,0.016795,0.015162,3,0.1386,1.003
2026-07-31T20:06:53,lemonde_d50_s6_sans_verbes_n5000_e5000_log_g2,lemonde,50,6,sans_verbes,5000,_s3,38449,6289,27632,106,583,0,5000,101,38,0.3800,83.78,0.8378,0.0900,0.1399,0.1956,2.332,0.0851,1.645,0.039175,0.031658,0.019120,0.017908,0.016751,0.015322,3,0.1387,1.009
2026-07-31T20:06:57,lemonde_d50_s6_noms_n5000_e5000_log_g2,lemonde,50,6,noms,5000,_s3,34507,5322,24755,94,557,0,5000,101,38,0.3800,82.30,0.8230,0.0939,0.1438,0.1998,2.397,0.0858,1.677,0.041371,0.032889,0.019621,0.017763,0.016499,0.015677,3,0.1448,0.993
2026-07-31T20:07:01,lemonde_d50_s6_noms_propres_n5000_e5000_log_g2,lemonde,50,6,noms_propres,5000,_s3,4505,477,2761,13,81,0,2667,101,33,0.3300,67.98,0.6798,0.1275,0.1857,0.2448,3.095,0.0995,1.866,0.058793,0.043279,0.025402,0.020692,0.019754,0.017804,3,0.1918,0.968
2026-07-31T20:07:03,lemonde3j_d10_s4_tous_n0_e5000_log_g2,lemonde3j,10,4,tous,0,_s3,76271,8511,51689,183,0,0,5000,21,8,0.4000,17.44,0.8719,0.2652,0.4228,0.6104,1.409,0.3306,1.279,0.110788,0.092266,0.062146,0.055501,0.052352,0.049780,2,0.4344,0.973
2026-07-31T20:07:06,lemonde3j_d10_s4_sans_verbes_n0_e5000_log_g2,lemonde3j,10,4,sans_verbes,0,_s3,71883,7104,48055,178,0,0,5000,21,8,0.4000,17.33,0.8667,0.2684,0.4279,0.6118,1.426,0.3326,1.287,0.112146,0.092899,0.063332,0.056418,0.053168,0.049974,2,0.4391,0.975
2026-07-31T20:07:09,lemonde3j_d10_s4_noms_n0_e5000_log_g2,lemonde3j,10,4,noms,0,_s3,64363,5845,42722,160,0,0,5000,21,8,0.4000,17.07,0.8534,0.2767,0.4346,0.6179,1.449,0.3325,1.307,0.116421,0.095059,0.065258,0.056044,0.051295,0.050525,2,0.4465,0.973
2026-07-31T20:07:11,lemonde3j_d10_s4_noms_propres_n0_e5000_log_g2,lemonde3j,10,4,noms_propres,0,_s3,8546,503,4820,21,0,0,4799,21,7,0.3500,15.54,0.7770,0.3147,0.4776,0.6509,1.592,0.3467,1.378,0.141083,0.102549,0.071049,0.060987,0.051375,0.050530,1,0.5029,0.950
2026-07-31T20:07:13,lemonde3j_d10_s6_tous_n0_e5000_log_g2,lemonde3j,10,6,tous,0,_s3,20809,5134,14497,81,0,0,5000,21,7,0.3500,15.59,0.7797,0.3172,0.4717,0.6464,1.572,0.3433,1.374,0.137788,0.108432,0.071020,0.054368,0.052125,0.047955,1,0.4803,0.982
2026-07-31T20:07:15,lemonde3j_d10_s6_sans_verbes_n0_e5000_log_g2,lemonde3j,10,6,sans_verbes,0,_s3,19764,4682,13642,79,0,0,5000,21,7,0.3500,15.49,0.7743,0.3199,0.4736,0.6458,1.579,0.3393,1.396,0.138474,0.111375,0.070025,0.055455,0.051560,0.046692,1,0.4841,0.978
2026-07-31T20:07:18,lemonde3j_d10_s6_noms_n0_e5000_log_g2,lemonde3j,10,6,noms,0,_s3,17704,4057,12161,71,0,0,5000,21,7,0.3500,15.37,0.7686,0.3219,0.4765,0.6478,1.588,0.3420,1.393,0.142286,0.108611,0.070957,0.056265,0.050043,0.048310,1,0.4832,0.986
2026-07-31T20:07:20,lemonde3j_d10_s6_noms_propres_n0_e5000_log_g2,lemonde3j,10,6,noms_propres,0,_s3,2757,451,1683,11,0,0,1672,21,6,0.3000,13.72,0.6858,0.3575,0.5235,0.6909,1.745,0.3676,1.424,0.167405,0.114418,0.075686,0.063909,0.053266,0.048826,1,0.5428,0.964
2026-07-31T20:07:23,lemonde3j_d15_s4_tous_n0_e5000_log_g2,lemonde3j,15,4,tous,0,_s3,76271,8508,49984,212,0,0,5000,31,12,0.4000,25.79,0.8595,0.2057,0.3231,0.4568,1.616,0.2368,1.364,0.083162,0.072766,0.049789,0.041133,0.039303,0.036968,2,0.3392,0.953
2026-07-31T20:07:25,lemonde3j_d15_s4_sans_verbes_n0_e5000_log_g2,lemonde3j,15,4,sans_verbes,0,_s3,71883,7102,46409,205,0,0,5000,31,12,0.4000,25.31,0.8436,0.2130,0.3293,0.4624,1.647,0.2362,1.394,0.087409,0.075845,0.049784,0.042728,0.037920,0.035663,2,0.3477,0.947
2026-07-31T20:07:28,lemonde3j_d15_s4_noms_n0_e5000_log_g2,lemonde3j,15,4,noms,0,_s3,64363,5844,41261,182,0,0,5000,31,12,0.4000,25.42,0.8473,0.2108,0.3284,0.4624,1.642,0.2376,1.382,0.086554,0.074323,0.049940,0.042159,0.038883,0.036524,2,0.3504,0.937
2026-07-31T20:07:30,lemonde3j_d15_s4_noms_propres_n0_e5000_log_g2,lemonde3j,15,4,noms_propres,0,_s3,8546,503,4641,26,0,0,4615,31,10,0.3333,22.70,0.7567,0.2486,0.3722,0.5045,1.861,0.2514,1.481,0.110239,0.082598,0.055787,0.045123,0.039757,0.038700,1,0.4082,0.912
2026-07-31T20:07:33,lemonde3j_d15_s6_tous_n0_e5000_log_g2,lemonde3j,15,6,tous,0,_s3,20809,5127,14162,88,0,0,5000,31,10,0.3333,22.41,0.7472,0.2549,0.3720,0.5008,1.860,0.2482,1.499,0.110775,0.089095,0.055040,0.043454,0.037788,0.035830,2,0.3899,0.954
2026-07-31T20:07:35,lemonde3j_d15_s6_sans_verbes_n0_e5000_log_g2,lemonde3j,15,6,sans_verbes,0,_s3,19764,4677,13320,85,0,0,5000,31,10,0.3333,22.01,0.7337,0.2600,0.3759,0.5037,1.880,0.2491,1.509,0.113693,0.092433,0.053826,0.042515,0.038147,0.035318,1,0.3908,0.962
2026-07-31T20:07:38,lemonde3j_d15_s6_noms_n0_e5000_log_g2,lemonde3j,15,6,noms,0,_s3,17704,4053,11888,78,0,0,5000,31,10,0.3333,22.13,0.7378,0.2578,0.3758,0.5027,1.879,0.2480,1.516,0.113321,0.090605,0.053859,0.043403,0.038908,0.035717,1,0.3933,0.956
2026-07-31T20:07:40,lemonde3j_d15_s6_noms_propres_n0_e5000_log_g2,lemonde3j,15,6,noms_propres,0,_s3,2757,451,1650,11,0,0,1639,31,9,0.3000,19.78,0.6593,0.2875,0.4163,0.5483,2.081,0.2707,1.538,0.132331,0.095558,0.059594,0.047639,0.042030,0.039133,1,0.4506,0.924
2026-07-31T20:07:42,lemonde3j_d25_s4_tous_n0_e5000_log_g2,lemonde3j,25,4,tous,0,_s3,76271,8506,47506,286,0,0,5000,51,19,0.3800,41.86,0.8371,0.1496,0.2325,0.3229,1.937,0.1565,1.485,0.062997,0.052059,0.034586,0.030337,0.027573,0.024927,2,0.2495,0.932
2026-07-31T20:07:45,lemonde3j_d25_s4_sans_verbes_n0_e5000_log_g2,lemonde3j,25,4,sans_verbes,0,_s3,71883,7100,44005,275,0,0,5000,51,19,0.3800,41.13,0.8227,0.1543,0.2369,0.3265,1.974,0.1577,1.502,0.066504,0.053611,0.034210,0.031034,0.026813,0.024733,2,0.2557,0.927
2026-07-31T20:07:47,lemonde3j_d25_s4_noms_n0_e5000_log_g2,lemonde3j,25,4,noms,0,_s3,64363,5843,39072,246,0,0,5000,51,19,0.3800,41.31,0.8262,0.1547,0.2382,0.3289,1.985,0.1561,1.525,0.063536,0.054429,0.036708,0.030480,0.028002,0.024998,2,0.2585,0.921
2026-07-31T20:07:49,lemonde3j_d25_s4_noms_propres_n0_e5000_log_g2,lemonde3j,25,4,noms_propres,0,_s3,8546,503,4362,35,0,0,4327,51,17,0.3400,36.07,0.7215,0.1884,0.2806,0.3739,2.338,0.1679,1.671,0.082093,0.064196,0.042095,0.034610,0.030428,0.027193,1,0.3135,0.895
2026-07-31T20:07:52,lemonde3j_d25_s6_tous_n0_e5000_log_g2,lemonde3j,25,6,tous,0,_s3,20809,5121,13745,109,0,0,5000,51,18,0.3600,36.35,0.7271,0.1877,0.2745,0.3644,2.288,0.1694,1.621,0.081348,0.067305,0.039012,0.032690,0.028363,0.025826,1,0.2935,0.935
2026-07-31T20:07:54,lemonde3j_d25_s6_sans_verbes_n0_e5000_log_g2,lemonde3j,25,6,sans_verbes,0,_s3,19764,4673,12915,105,0,0,5000,51,17,0.3400,36.04,0.7208,0.1898,0.2771,0.3670,2.309,0.1684,1.646,0.083036,0.066431,0.040348,0.033096,0.028469,0.025714,1,0.2994,0.926
2026-07-31T20:07:56,lemonde3j_d25_s6_noms_n0_e5000_log_g2,lemonde3j,25,6,noms,0,_s3,17704,4050,11519,94,0,0,5000,51,17,0.3400,35.27,0.7055,0.1959,0.2832,0.3719,2.360,0.1680,1.686,0.083656,0.071592,0.040635,0.033012,0.028492,0.025787,1,0.3046,0.930
2026-07-31T20:07:58,lemonde3j_d25_s6_noms_propres_n0_e5000_log_g2,lemonde3j,25,6,noms_propres,0,_s3,2757,451,1593,15,0,0,1578,51,14,0.2800,30.12,0.6024,0.2286,0.3265,0.4215,2.721,0.1868,1.748,0.103183,0.077668,0.047712,0.036665,0.032539,0.028739,1,0.3562,0.917
2026-07-31T20:08:01,lemonde3j_d50_s4_tous_n0_e5000_log_g2,lemonde3j,50,4,tous,0,_s3,76271,8495,43362,633,0,0,5000,101,38,0.3800,80.56,0.8056,0.0989,0.1515,0.2076,2.526,0.0883,1.717,0.043642,0.032886,0.022399,0.019706,0.017290,0.015617,2,0.1625,0.932
2026-07-31T20:08:04,lemonde3j_d50_s4_sans_verbes_n0_e5000_log_g2,lemonde3j,50,4,sans_verbes,0,_s3,71883,7094,40008,600,0,0,5000,101,37,0.3700,80.14,0.8014,0.1012,0.1540,0.2103,2.567,0.0886,1.739,0.042855,0.034291,0.024038,0.019494,0.017723,0.015647,2,0.1666,0.925
2026-07-31T20:08:06,lemonde3j_d50_s4_noms_n0_e5000_log_g2,lemonde3j,50,4,noms,0,_s3,64363,5840,35469,539,0,0,5000,101,37,0.3700,78.51,0.7851,0.1031,0.1583,0.2157,2.638,0.0904,1.750,0.046217,0.034107,0.022788,0.020324,0.018379,0.016476,2,0.1713,0.924
2026-07-31T20:08:09,lemonde3j_d50_s4_noms_propres_n0_e5000_log_g2,lemonde3j,50,4,noms_propres,0,_s3,8546,503,3907,74,0,0,3833,101,33,0.3300,67.30,0.6730,0.1304,0.1921,0.2557,3.201,0.0991,1.939,0.057449,0.044178,0.028739,0.022830,0.020423,0.018447,1,0.2128,0.902
2026-07-31T20:08:11,lemonde3j_d50_s6_tous_n0_e5000_log_g2,lemonde3j,50,6,tous,0,_s3,20809,5102,13019,246,0,0,5000,101,35,0.3500,69.13,0.6913,0.1280,0.1856,0.2426,3.093,0.0992,1.872,0.057096,0.044190,0.026692,0.021358,0.019422,0.016825,2,0.1982,0.936
2026-07-31T20:08:14,lemonde3j_d50_s6_sans_verbes_n0_e5000_log_g2,lemonde3j,50,6,sans_verbes,0,_s3,19764,4658,12216,236,0,0,5000,101,34,0.3400,68.01,0.6801,0.1303,0.1892,0.2472,3.153,0.1002,1.888,0.058260,0.045038,0.027031,0.022055,0.020097,0.016718,2,0.2035,0.930
2026-07-31T20:08:16,lemonde3j_d50_s6_noms_n0_e5000_log_g2,lemonde3j,50,6,noms,0,_s3,17704,4037,10921,218,0,0,5000,101,34,0.3400,67.89,0.6789,0.1305,0.1889,0.2466,3.149,0.0997,1.894,0.058930,0.044631,0.026952,0.022117,0.019322,0.016993,2,0.2039,0.927
2026-07-31T20:08:18,lemonde3j_d50_s6_noms_propres_n0_e5000_log_g2,lemonde3j,50,6,noms_propres,0,_s3,2757,451,1496,35,0,0,1461,101,28,0.2800,54.67,0.5467,0.1613,0.2306,0.2981,3.843,0.1132,2.037,0.074686,0.052319,0.034290,0.025953,0.022875,0.020440,1,0.2527,0.912
2026-07-31T20:08:20,lemonde7j_d10_s4_tous_n0_e5000_log_g2,lemonde7j,10,4,tous,0,_s3,44959,7009,27941,232,0,0,5000,21,7,0.3500,16.24,0.8122,0.2990,0.4676,0.6445,1.559,0.3418,1.368,0.122938,0.105972,0.070118,0.062046,0.055021,0.051481,1,0.5008,0.934
2026-07-31T20:08:22,lemonde7j_d10_s4_sans_verbes_n0_e5000_log_g2,lemonde7j,10,4,sans_verbes,0,_s3,42018,6066,25967,221,0,0,5000,21,7,0.3500,16.08,0.8040,0.3057,0.4717,0.6491,1.572,0.3491,1.351,0.126062,0.105611,0.073999,0.059745,0.055634,0.050653,1,0.5039,0.936
2026-07-31T20:08:24,lemonde7j_d10_s4_noms_n0_e5000_log_g2,lemonde7j,10,4,noms,0,_s3,37624,5120,23108,197,0,0,5000,21,7,0.3500,15.90,0.7951,0.3084,0.4782,0.6542,1.594,0.3494,1.368,0.127357,0.108063,0.072962,0.062318,0.057094,0.050372,1,0.5123,0.933
2026-07-31T20:08:25,lemonde7j_d10_s4_noms_propres_n0_e5000_log_g2,lemonde7j,10,4,noms_propres,0,_s3,5357,477,2925,24,0,0,2901,21,6,0.3000,14.46,0.7231,0.3451,0.5139,0.6847,1.713,0.3566,1.441,0.151888,0.109711,0.083483,0.064618,0.056461,0.047739,1,0.5524,0.930
2026-07-31T20:08:27,lemonde7j_d10_s6_tous_n0_e5000_log_g2,lemonde7j,10,6,tous,0,_s3,13664,3945,8835,89,0,0,5000,21,6,0.3000,13.97,0.6985,0.3566,0.5228,0.6880,1.743,0.3594,1.455,0.157620,0.121221,0.077752,0.062807,0.055236,0.048188,1,0.5515,0.948
2026-07-31T20:08:29,lemonde7j_d10_s6_sans_verbes_n0_e5000_log_g2,lemonde7j,10,6,sans_verbes,0,_s3,12963,3652,8329,86,0,0,5000,21,6,0.3000,13.96,0.6978,0.3568,0.5233,0.6878,1.744,0.3605,1.451,0.158019,0.120940,0.077853,0.063307,0.054863,0.048306,1,0.5547,0.943
2026-07-31T20:08:31,lemonde7j_d10_s6_noms_n0_e5000_log_g2,lemonde7j,10,6,noms,0,_s3,11633,3227,7472,76,0,0,5000,21,6,0.3000,13.84,0.6920,0.3593,0.5281,0.6913,1.760,0.3599,1.468,0.159351,0.121093,0.078868,0.065446,0.055739,0.047613,1,0.5621,0.940
2026-07-31T20:08:32,lemonde7j_d10_s6_noms_propres_n0_e5000_log_g2,lemonde7j,10,6,noms_propres,0,_s3,1907,394,1126,10,0,0,1116,21,5,0.2500,12.39,0.6193,0.3957,0.5662,0.7273,1.887,0.3795,1.492,0.183650,0.123439,0.088623,0.065794,0.057758,0.046919,1,0.5972,0.948
2026-07-31T20:08:34,lemonde7j_d15_s4_tous_n0_e5000_log_g2,lemonde7j,15,4,tous,0,_s3,44959,6998,26786,327,0,0,5000,31,10,0.3333,23.61,0.7870,0.2370,0.3676,0.5020,1.838,0.2532,1.452,0.095314,0.084869,0.056864,0.048833,0.043449,0.038255,1,0.3997,0.920
2026-07-31T20:08:36,lemonde7j_d15_s4_sans_verbes_n0_e5000_log_g2,lemonde7j,15,4,sans_verbes,0,_s3,42018,6060,24866,304,0,0,5000,31,10,0.3333,23.58,0.7861,0.2376,0.3667,0.5022,1.833,0.2501,1.466,0.097752,0.082512,0.057296,0.046734,0.042828,0.039542,1,0.3999,0.917
2026-07-31T20:08:38,lemonde7j_d15_s4_noms_n0_e5000_log_g2,lemonde7j,15,4,noms,0,_s3,37624,5116,22134,269,0,0,5000,31,10,0.3333,23.55,0.7848,0.2371,0.3706,0.5055,1.853,0.2533,1.463,0.096742,0.081461,0.058944,0.050309,0.042848,0.040296,1,0.4106,0.902
2026-07-31T20:08:40,lemonde7j_d15_s4_noms_propres_n0_e5000_log_g2,lemonde7j,15,4,noms_propres,0,_s3,5357,477,2798,27,0,0,2771,31,9,0.3000,20.86,0.6954,0.2743,0.4110,0.5461,2.055,0.2596,1.583,0.120346,0.087524,0.066427,0.050401,0.045941,0.040371,1,0.4489,0.916
2026-07-31T20:08:42,lemonde7j_d15_s6_tous_n0_e5000_log_g2,lemonde7j,15,6,tous,0,_s3,13664,3932,8575,134,0,0,5000,31,9,0.3000,20.50,0.6835,0.2802,0.4126,0.5423,2.063,0.2674,1.543,0.121617,0.097273,0.061347,0.050289,0.043828,0.038273,1,0.4444,0.928
2026-07-31T20:08:44,lemonde7j_d15_s6_sans_verbes_n0_e5000_log_g2,lemonde7j,15,6,sans_verbes,0,_s3,12963,3643,8075,126,0,0,5000,31,9,0.3000,20.39,0.6797,0.2815,0.4160,0.5449,2.080,0.2696,1.543,0.122155,0.097541,0.061818,0.050712,0.044517,0.039272,1,0.4476,0.929
2026-07-31T20:08:45,lemonde7j_d15_s6_noms_n0_e5000_log_g2,lemonde7j,15,6,noms,0,_s3,11633,3220,7248,110,0,0,5000,31,9,0.3000,20.13,0.6709,0.2844,0.4190,0.5472,2.095,0.2664,1.573,0.125144,0.098055,0.061211,0.051713,0.043939,0.038958,1,0.4530,0.925
2026-07-31T20:08:47,lemonde7j_d15_s6_noms_propres_n0_e5000_log_g2,lemonde7j,15,6,noms_propres,0,_s3,1907,394,1089,12,0,0,1077,31,8,0.2667,17.53,0.5842,0.3188,0.4619,0.5946,2.310,0.2784,1.659,0.150398,0.099130,0.069227,0.051725,0.049613,0.041816,1,0.4935,0.936
2026-07-31T20:08:49,lemonde7j_d25_s4_tous_n0_e5000_log_g2,lemonde7j,25,4,tous,0,_s3,44959,6977,24793,579,0,0,5000,51,17,0.3400,38.73,0.7746,0.1698,0.2628,0.3599,2.190,0.1688,1.557,0.070889,0.058102,0.040761,0.034677,0.029719,0.028673,1,0.2898,0.907
2026-07-31T20:08:51,lemonde7j_d25_s4_sans_verbes_n0_e5000_log_g2,lemonde7j,25,4,sans_verbes,0,_s3,42018,6041,22964,544,0,0,5000,51,17,0.3400,38.38,0.7676,0.1724,0.2649,0.3637,2.207,0.1688,1.569,0.071606,0.059169,0.041615,0.033506,0.030092,0.028911,1,0.2943,0.900
2026-07-31T20:08:53,lemonde7j_d25_s4_noms_n0_e5000_log_g2,lemonde7j,25,4,noms,0,_s3,37624,5100,20409,490,0,0,5000,51,17,0.3400,37.81,0.7561,0.1756,0.2709,0.3698,2.258,0.1687,1.606,0.073249,0.060282,0.042091,0.035405,0.030773,0.029106,1,0.2993,0.905
2026-07-31T20:08:55,lemonde7j_d25_s4_noms_propres_n0_e5000_log_g2,lemonde7j,25,4,noms_propres,0,_s3,5357,476,2549,64,0,0,2485,51,15,0.3000,33.08,0.6617,0.2038,0.3073,0.4096,2.561,0.1751,1.755,0.092100,0.064595,0.047076,0.039946,0.032875,0.030674,1,0.3395,0.905
2026-07-31T20:08:56,lemonde7j_d25_s6_tous_n0_e5000_log_g2,lemonde7j,25,6,tous,0,_s3,13664,3903,8179,251,0,0,5000,51,15,0.3000,33.01,0.6602,0.2079,0.3075,0.4050,2.563,0.1814,1.695,0.091747,0.070280,0.045877,0.037694,0.031700,0.030210,1,0.3352,0.917
2026-07-31T20:08:58,lemonde7j_d25_s6_sans_verbes_n0_e5000_log_g2,lemonde7j,25,6,sans_verbes,0,_s3,12963,3615,7700,242,0,0,5000,51,15,0.3000,32.62,0.6525,0.2099,0.3112,0.4090,2.594,0.1822,1.709,0.093138,0.070994,0.045757,0.038423,0.031921,0.031014,1,0.3397,0.916
2026-07-31T20:09:00,lemonde7j_d25_s6_noms_n0_e5000_log_g2,lemonde7j,25,6,noms,0,_s3,11633,3194,6912,219,0,0,5000,51,15,0.3000,32.04,0.6408,0.2145,0.3146,0.4126,2.622,0.1821,1.728,0.095516,0.072094,0.046851,0.038554,0.031687,0.029922,1,0.3446,0.913
2026-07-31T20:09:01,lemonde7j_d25_s6_noms_propres_n0_e5000_log_g2,lemonde7j,25,6,noms_propres,0,_s3,1907,391,1030,35,0,0,995,51,12,0.2400,27.15,0.5429,0.2437,0.3506,0.4573,2.922,0.1948,1.800,0.119139,0.072964,0.051583,0.040063,0.035315,0.031578,1,0.3826,0.916
2026-07-31T20:09:04,lemonde7j_d50_s4_tous_n0_e5000_log_g2,lemonde7j,50,4,tous,0,_s3,44959,6933,21803,906,0,0,5000,101,34,0.3400,74.23,0.7423,0.1118,0.1738,0.2362,2.896,0.0939,1.851,0.047544,0.037306,0.026968,0.023972,0.019626,0.018353,1,0.1829,0.950
2026-07-31T20:09:06,lemonde7j_d50_s4_sans_verbes_n0_e5000_log_g2,lemonde7j,50,4,sans_verbes,0,_s3,42018,6009,20135,843,0,0,5000,101,34,0.3400,73.24,0.7324,0.1135,0.1774,0.2411,2.956,0.0970,1.829,0.048501,0.036467,0.028515,0.025585,0.020058,0.018235,1,0.1870,0.949
2026-07-31T20:09:08,lemonde7j_d50_s4_noms_n0_e5000_log_g2,lemonde7j,50,4,noms,0,_s3,37624,5079,17839,744,0,0,5000,101,33,0.3300,72.74,0.7274,0.1138,0.1787,0.2433,2.979,0.0967,1.849,0.048167,0.037734,0.027903,0.025953,0.019994,0.018997,1,0.1876,0.953
2026-07-31T20:09:09,lemonde7j_d50_s4_noms_propres_n0_e5000_log_g2,lemonde7j,50,4,noms_propres,0,_s3,5357,476,2203,90,0,0,2113,101,28,0.2800,59.06,0.5906,0.1468,0.2179,0.2869,3.632,0.1031,2.114,0.067051,0.046026,0.033745,0.026884,0.022248,0.021967,1,0.2276,0.957
2026-07-31T20:09:12,lemonde7j_d50_s6_tous_n0_e5000_log_g2,lemonde7j,50,6,tous,0,_s3,13664,3863,7571,376,0,0,5000,101,30,0.3000,61.32,0.6132,0.1441,0.2131,0.2777,3.552,0.1072,1.989,0.065160,0.046155,0.032813,0.027024,0.021861,0.020114,1,0.2211,0.964
2026-07-31T20:09:14,lemonde7j_d50_s6_sans_verbes_n0_e5000_log_g2,lemonde7j,50,6,sans_verbes,0,_s3,12963,3576,7126,363,0,0,5000,101,30,0.3000,61.49,0.6149,0.1436,0.2133,0.2788,3.556,0.1065,2.004,0.064143,0.046104,0.033400,0.027432,0.022396,0.019871,1,0.2232,0.956
2026-07-31T20:09:16,lemonde7j_d50_s6_noms_n0_e5000_log_g2,lemonde7j,50,6,noms,0,_s3,11633,3160,6395,334,0,0,5000,101,30,0.3000,60.90,0.6090,0.1449,0.2150,0.2810,3.584,0.1068,2.014,0.064621,0.047269,0.033012,0.027453,0.022080,0.020594,1,0.2246,0.957
2026-07-31T20:09:18,lemonde7j_d50_s6_noms_propres_n0_e5000_log_g2,lemonde7j,50,6,noms_propres,0,_s3,1907,390,941,49,0,0,892,101,23,0.2300,47.07,0.4707,0.1795,0.2550,0.3294,4.250,0.1207,2.113,0.086748,0.054432,0.038316,0.028589,0.024462,0.022482,1,0.2653,0.961
2026-07-31T20:09:21,lefigaro_d10_s4_tous_n5000_e5000_log_g2,lefigaro,10,4,tous,5000,_s3,60558,8823,40897,84,792,3,5000,21,8,0.4000,17.77,0.8883,0.2540,0.4320,0.6254,1.440,0.3410,1.267,0.100168,0.084534,0.069309,0.065971,0.057417,0.054629,1,0.4362,0.990
2026-07-31T20:09:23,lefigaro_d10_s4_sans_verbes_n5000_e5000_log_g2,lefigaro,10,4,sans_verbes,5000,_s3,55761,7348,36960,79,773,3,5000,21,8,0.4000,17.81,0.8907,0.2529,0.4320,0.6224,1.440,0.3406,1.268,0.098973,0.084033,0.069935,0.064372,0.058392,0.056248,1,0.4381,0.986
2026-07-31T20:09:25,lefigaro_d10_s4_noms_n5000_e5000_log_g2,lefigaro,10,4,noms,5000,_s3,46726,6065,32088,69,705,3,5000,21,8,0.4000,17.67,0.8833,0.2544,0.4345,0.6257,1.448,0.3416,1.272,0.103410,0.082604,0.068354,0.067591,0.057333,0.055228,1,0.4407,0.986
2026-07-31T20:09:27,lefigaro_d10_s4_noms_propres_n5000_e5000_log_g2,lefigaro,10,4,noms_propres,5000,_s3,7950,812,5095,24,130,1,4940,21,7,0.3500,16.51,0.8256,0.2840,0.4617,0.6479,1.539,0.3445,1.340,0.125632,0.090372,0.068026,0.063634,0.060586,0.053457,1,0.4904,0.941
2026-07-31T20:09:29,lefigaro_d10_s6_tous_n5000_e5000_log_g2,lefigaro,10,6,tous,5000,_s3,18963,4608,10653,35,350,2,5000,21,7,0.3500,17.02,0.8508,0.2741,0.4515,0.6348,1.505,0.3433,1.315,0.118336,0.088027,0.067756,0.067276,0.057720,0.052373,1,0.4545,0.993
2026-07-31T20:09:31,lefigaro_d10_s6_sans_verbes_n5000_e5000_log_g2,lefigaro,10,6,sans_verbes,5000,_s3,18131,4153,9965,32,342,2,5000,21,8,0.4000,17.04,0.8518,0.2731,0.4494,0.6329,1.498,0.3394,1.324,0.119547,0.086520,0.067047,0.066076,0.057973,0.052286,1,0.4562,0.985
2026-07-31T20:09:33,lefigaro_d10_s6_noms_n5000_e5000_log_g2,lefigaro,10,6,noms,5000,_s3,13666,3645,8617,30,312,2,5000,21,7,0.3500,16.52,0.8261,0.2865,0.4607,0.6461,1.536,0.3484,1.322,0.126894,0.090426,0.069212,0.064772,0.056355,0.053044,1,0.4613,0.999
2026-07-31T20:09:35,lefigaro_d10_s6_noms_propres_n5000_e5000_log_g2,lefigaro,10,6,noms_propres,5000,_s3,2275,567,1440,12,52,1,1375,21,7,0.3500,14.83,0.7414,0.3238,0.4956,0.6742,1.652,0.3608,1.373,0.156638,0.095800,0.071385,0.061669,0.058761,0.051318,1,0.5217,0.950
2026-07-31T20:09:38,lefigaro_d15_s4_tous_n5000_e5000_log_g2,lefigaro,15,4,tous,5000,_s3,60558,8822,39118,133,702,0,5000,31,11,0.3667,26.19,0.8731,0.1919,0.3263,0.4720,1.632,0.2420,1.349,0.075588,0.065172,0.051114,0.050382,0.043263,0.040831,1,0.3171,1.029
2026-07-31T20:09:40,lefigaro_d15_s4_sans_verbes_n5000_e5000_log_g2,lefigaro,15,4,sans_verbes,5000,_s3,55761,7347,35309,126,685,0,5000,31,11,0.3667,26.27,0.8758,0.1916,0.3239,0.4686,1.619,0.2376,1.363,0.076634,0.063493,0.051500,0.049063,0.042058,0.041136,2,0.3182,1.018
2026-07-31T20:09:43,lefigaro_d15_s4_noms_n5000_e5000_log_g2,lefigaro,15,4,noms,5000,_s3,46726,6064,30713,113,627,0,5000,31,11,0.3667,25.66,0.8553,0.1999,0.3350,0.4818,1.675,0.2410,1.390,0.081134,0.066513,0.052259,0.049924,0.043620,0.041571,1,0.3274,1.023
2026-07-31T20:09:45,lefigaro_d15_s4_noms_propres_n5000_e5000_log_g2,lefigaro,15,4,noms_propres,5000,_s3,7950,812,4854,28,116,0,4710,31,10,0.3333,23.78,0.7928,0.2257,0.3648,0.5089,1.824,0.2473,1.475,0.098477,0.074673,0.052559,0.047682,0.046945,0.044426,1,0.3790,0.962
2026-07-31T20:09:47,lefigaro_d15_s6_tous_n5000_e5000_log_g2,lefigaro,15,6,tous,5000,_s3,18963,4605,10211,56,309,0,5000,31,11,0.3667,24.17,0.8058,0.2238,0.3564,0.4956,1.782,0.2473,1.441,0.096658,0.075345,0.051780,0.049306,0.043440,0.039838,1,0.3491,1.021
2026-07-31T20:09:50,lefigaro_d15_s6_sans_verbes_n5000_e5000_log_g2,lefigaro,15,6,sans_verbes,5000,_s3,18131,4150,9532,53,302,0,5000,31,11,0.3667,24.44,0.8145,0.2194,0.3546,0.4944,1.773,0.2457,1.444,0.093637,0.073808,0.051990,0.049505,0.044837,0.040868,1,0.3496,1.015
2026-07-31T20:09:52,lefigaro_d15_s6_noms_n5000_e5000_log_g2,lefigaro,15,6,noms,5000,_s3,13666,3642,8305,50,277,0,5000,31,10,0.3333,23.67,0.7890,0.2296,0.3641,0.5046,1.821,0.2497,1.458,0.100638,0.076655,0.052343,0.049299,0.044369,0.040799,1,0.3563,1.022
2026-07-31T20:09:53,lefigaro_d15_s6_noms_propres_n5000_e5000_log_g2,lefigaro,15,6,noms_propres,5000,_s3,2275,567,1391,13,47,0,1331,31,9,0.3000,21.03,0.7009,0.2630,0.3981,0.5403,1.991,0.2641,1.507,0.125137,0.081433,0.056417,0.047017,0.045647,0.042451,1,0.4185,0.951
2026-07-31T20:09:56,lefigaro_d25_s4_tous_n5000_e5000_log_g2,lefigaro,25,4,tous,5000,_s3,60558,8821,37160,166,636,0,5000,51,18,0.3600,42.00,0.8399,0.1433,0.2395,0.3415,1.996,0.1561,1.534,0.055385,0.047244,0.040636,0.036111,0.030719,0.029391,1,0.2389,1.003
2026-07-31T20:09:58,lefigaro_d25_s4_sans_verbes_n5000_e5000_log_g2,lefigaro,25,4,sans_verbes,5000,_s3,55761,7346,33508,159,619,0,5000,51,18,0.3600,41.71,0.8341,0.1455,0.2431,0.3441,2.025,0.1550,1.568,0.056542,0.047578,0.041348,0.036517,0.031686,0.029387,1,0.2423,1.003
2026-07-31T20:10:01,lefigaro_d25_s4_noms_n5000_e5000_log_g2,lefigaro,25,4,noms,5000,_s3,46726,6064,29184,143,572,0,5000,51,18,0.3600,41.55,0.8310,0.1462,0.2426,0.3465,2.022,0.1578,1.537,0.057408,0.046812,0.041935,0.035920,0.031803,0.028762,1,0.2435,0.997
2026-07-31T20:10:03,lefigaro_d25_s4_noms_propres_n5000_e5000_log_g2,lefigaro,25,4,noms_propres,5000,_s3,7950,812,4579,30,106,0,4443,51,16,0.3200,37.77,0.7553,0.1691,0.2751,0.3795,2.293,0.1639,1.679,0.071310,0.057178,0.040613,0.037843,0.034843,0.033353,1,0.2882,0.955
2026-07-31T20:10:05,lefigaro_d25_s6_tous_n5000_e5000_log_g2,lefigaro,25,6,tous,5000,_s3,18963,4600,9788,70,286,0,5000,51,17,0.3400,38.18,0.7637,0.1700,0.2699,0.3690,2.249,0.1642,1.643,0.072744,0.056455,0.040823,0.036033,0.034057,0.029774,1,0.2687,1.004
2026-07-31T20:10:07,lefigaro_d25_s6_sans_verbes_n5000_e5000_log_g2,lefigaro,25,6,sans_verbes,5000,_s3,18131,4145,9131,67,279,0,5000,51,17,0.3400,37.66,0.7532,0.1730,0.2724,0.3730,2.270,0.1637,1.664,0.075606,0.056822,0.040618,0.035491,0.034197,0.029672,1,0.2744,0.993
2026-07-31T20:10:10,lefigaro_d25_s6_noms_n5000_e5000_log_g2,lefigaro,25,6,noms,5000,_s3,13666,3639,8008,62,257,0,5000,51,17,0.3400,37.44,0.7488,0.1744,0.2739,0.3757,2.282,0.1647,1.663,0.075222,0.058651,0.040509,0.035692,0.033765,0.030047,1,0.2770,0.989
2026-07-31T20:10:12,lefigaro_d25_s6_noms_propres_n5000_e5000_log_g2,lefigaro,25,6,noms_propres,5000,_s3,2275,567,1343,15,45,0,1283,51,15,0.3000,33.05,0.6610,0.1992,0.3058,0.4102,2.549,0.1809,1.690,0.093279,0.063101,0.042787,0.038686,0.035664,0.032331,1,0.3336,0.917
2026-07-31T20:10:15,lefigaro_d50_s4_tous_n5000_e5000_log_g2,lefigaro,50,4,tous,5000,_s3,60558,8818,34313,233,562,0,5000,101,35,0.3500,77.98,0.7798,0.1009,0.1660,0.2310,2.766,0.0865,1.920,0.038867,0.031915,0.030089,0.024572,0.020892,0.019645,2,0.1519,1.093
2026-07-31T20:10:18,lefigaro_d50_s4_sans_verbes_n5000_e5000_log_g2,lefigaro,50,4,sans_verbes,5000,_s3,55761,7343,30871,222,546,0,5000,101,34,0.3400,75.76,0.7576,0.1071,0.1737,0.2385,2.894,0.0865,2.007,0.041335,0.035001,0.030782,0.026024,0.020849,0.019659,2,0.1594,1.089
2026-07-31T20:10:20,lefigaro_d50_s4_noms_n5000_e5000_log_g2,lefigaro,50,4,noms,5000,_s3,46726,6062,26923,200,506,0,5000,101,34,0.3400,76.12,0.7612,0.1050,0.1726,0.2386,2.877,0.0855,2.019,0.040372,0.033875,0.030772,0.026866,0.021166,0.019569,2,0.1585,1.089
2026-07-31T20:10:22,lefigaro_d50_s4_noms_propres_n5000_e5000_log_g2,lefigaro,50,4,noms_propres,5000,_s3,7950,812,4189,38,94,0,4057,101,31,0.3100,68.28,0.6828,0.1227,0.1932,0.2619,3.220,0.0913,2.117,0.050013,0.043240,0.029451,0.025930,0.022880,0.021665,1,0.1964,0.984
2026-07-31T20:10:25,lefigaro_d50_s6_tous_n5000_e5000_log_g2,lefigaro,50,6,tous,5000,_s3,18963,4596,9280,83,258,0,5000,101,33,0.3300,69.78,0.6978,0.1221,0.1905,0.2568,3.175,0.0923,2.064,0.051327,0.039952,0.030813,0.024588,0.024129,0.019703,1,0.1796,1.061
2026-07-31T20:10:27,lefigaro_d50_s6_sans_verbes_n5000_e5000_log_g2,lefigaro,50,6,sans_verbes,5000,_s3,18131,4141,8649,80,251,0,5000,101,32,0.3200,68.60,0.6860,0.1243,0.1937,0.2601,3.229,0.0931,2.081,0.052800,0.042327,0.029203,0.024574,0.024454,0.020379,1,0.1846,1.049
2026-07-31T20:10:30,lefigaro_d50_s6_noms_n5000_e5000_log_g2,lefigaro,50,6,noms,5000,_s3,13666,3635,7630,75,233,0,5000,101,32,0.3200,67.72,0.6772,0.1260,0.1967,0.2655,3.278,0.0940,2.093,0.053490,0.041989,0.030535,0.025517,0.024648,0.020505,1,0.1867,1.054
2026-07-31T20:10:31,lefigaro_d50_s6_noms_propres_n5000_e5000_log_g2,lefigaro,50,6,noms_propres,5000,_s3,2275,567,1282,16,40,0,1226,101,27,0.2700,58.98,0.5898,0.1444,0.2165,0.2886,3.609,0.1059,2.044,0.064888,0.048380,0.031101,0.026221,0.023901,0.022056,1,0.2347,0.922
2026-07-31T20:10:33,lefigaro3j_d10_s4_tous_n0_e5000_log_g2,lefigaro3j,10,4,tous,0,_s3,28362,7240,19147,122,0,0,5000,21,7,0.3500,16.69,0.8346,0.2859,0.4547,0.6403,1.516,0.3392,1.341,0.120273,0.095039,0.070545,0.060634,0.055256,0.052999,1,0.4776,0.952
2026-07-31T20:10:35,lefigaro3j_d10_s4_sans_verbes_n0_e5000_log_g2,lefigaro3j,10,4,sans_verbes,0,_s3,26006,6235,17421,113,0,0,5000,21,7,0.3500,16.41,0.8205,0.2943,0.4608,0.6454,1.536,0.3409,1.352,0.124082,0.098988,0.071252,0.059633,0.053915,0.052955,1,0.4818,0.956
2026-07-31T20:10:37,lefigaro3j_d10_s4_noms_n0_e5000_log_g2,lefigaro3j,10,4,noms,0,_s3,23039,5277,15350,98,0,0,5000,21,7,0.3500,16.31,0.8153,0.2963,0.4643,0.6503,1.548,0.3409,1.362,0.125583,0.099132,0.071559,0.060188,0.054702,0.053101,1,0.4873,0.953
2026-07-31T20:10:38,lefigaro3j_d10_s4_noms_propres_n0_e5000_log_g2,lefigaro3j,10,4,noms_propres,0,_s3,3996,736,2419,31,0,0,2388,21,7,0.3500,14.65,0.7325,0.3352,0.4983,0.6777,1.661,0.3496,1.425,0.155404,0.102849,0.076945,0.060355,0.053389,0.049358,0,0.5513,0.904
2026-07-31T20:10:40,lefigaro3j_d10_s6_tous_n0_e5000_log_g2,lefigaro3j,10,6,tous,0,_s3,7994,3310,5581,49,0,0,5000,21,6,0.3000,14.40,0.7198,0.3443,0.5056,0.6786,1.685,0.3564,1.419,0.154619,0.115825,0.073848,0.058513,0.053344,0.049459,1,0.5266,0.960
2026-07-31T20:10:41,lefigaro3j_d10_s6_sans_verbes_n0_e5000_log_g2,lefigaro3j,10,6,sans_verbes,0,_s3,7519,3051,5236,47,0,0,5000,21,6,0.3000,14.35,0.7173,0.3468,0.5075,0.6800,1.692,0.3568,1.423,0.153960,0.117796,0.075089,0.058668,0.053318,0.048712,1,0.5294,0.959
2026-07-31T20:10:42,lefigaro3j_d10_s6_noms_n0_e5000_log_g2,lefigaro3j,10,6,noms,0,_s3,6757,2718,4698,43,0,0,4655,21,6,0.3000,14.26,0.7129,0.3485,0.5089,0.6816,1.696,0.3561,1.429,0.156698,0.115970,0.075789,0.058879,0.053083,0.048470,0,0.5315,0.957
2026-07-31T20:10:44,lefigaro3j_d10_s6_noms_propres_n0_e5000_log_g2,lefigaro3j,10,6,noms_propres,0,_s3,1281,426,790,16,0,0,774,21,5,0.2500,12.41,0.6204,0.3899,0.5495,0.7160,1.832,0.3773,1.457,0.190816,0.115744,0.083370,0.061111,0.051884,0.046614,0,0.6063,0.906
2026-07-31T20:10:46,lefigaro3j_d15_s4_tous_n0_e5000_log_g2,lefigaro3j,15,4,tous,0,_s3,28362,7232,18521,146,0,0,5000,31,11,0.3667,23.94,0.7981,0.2287,0.3564,0.4963,1.782,0.2410,1.479,0.099163,0.076178,0.053394,0.045816,0.041713,0.040182,1,0.3894,0.915
2026-07-31T20:10:48,lefigaro3j_d15_s4_sans_verbes_n0_e5000_log_g2,lefigaro3j,15,4,sans_verbes,0,_s3,26006,6228,16843,136,0,0,5000,31,10,0.3333,23.40,0.7799,0.2383,0.3650,0.5017,1.825,0.2421,1.507,0.103518,0.078761,0.056035,0.045944,0.040651,0.040050,1,0.3931,0.928
2026-07-31T20:10:49,lefigaro3j_d15_s4_noms_n0_e5000_log_g2,lefigaro3j,15,4,noms,0,_s3,23039,5271,14830,117,0,0,5000,31,10,0.3333,23.70,0.7901,0.2321,0.3615,0.5017,1.808,0.2408,1.501,0.101300,0.075080,0.055729,0.047649,0.041529,0.040239,1,0.3914,0.924
2026-07-31T20:10:51,lefigaro3j_d15_s4_noms_propres_n0_e5000_log_g2,lefigaro3j,15,4,noms_propres,0,_s3,3996,735,2326,33,0,0,2293,31,9,0.3000,20.66,0.6886,0.2714,0.4054,0.5410,2.027,0.2540,1.596,0.127149,0.084525,0.059754,0.051549,0.043316,0.039084,0,0.4518,0.897
2026-07-31T20:10:52,lefigaro3j_d15_s6_tous_n0_e5000_log_g2,lefigaro3j,15,6,tous,0,_s3,7994,3304,5482,56,0,0,5000,31,9,0.3000,20.31,0.6769,0.2832,0.4086,0.5425,2.043,0.2602,1.571,0.126633,0.094931,0.061653,0.046436,0.041505,0.037476,1,0.4381,0.933
2026-07-31T20:10:54,lefigaro3j_d15_s6_sans_verbes_n0_e5000_log_g2,lefigaro3j,15,6,sans_verbes,0,_s3,7519,3045,5143,54,0,0,5000,31,9,0.3000,20.18,0.6727,0.2853,0.4108,0.5439,2.054,0.2610,1.574,0.127620,0.095422,0.062277,0.046500,0.041479,0.037551,1,0.4411,0.931
2026-07-31T20:10:56,lefigaro3j_d15_s6_noms_n0_e5000_log_g2,lefigaro3j,15,6,noms,0,_s3,6757,2712,4611,50,0,0,4561,31,9,0.3000,20.13,0.6710,0.2857,0.4116,0.5449,2.058,0.2613,1.575,0.128533,0.094283,0.062911,0.046968,0.041653,0.037255,1,0.4420,0.931
2026-07-31T20:10:57,lefigaro3j_d15_s6_noms_propres_n0_e5000_log_g2,lefigaro3j,15,6,noms_propres,0,_s3,1281,424,771,18,0,0,753,31,8,0.2667,17.00,0.5668,0.3259,0.4628,0.5932,2.314,0.2821,1.641,0.159195,0.096277,0.070459,0.052094,0.045074,0.039686,0,0.5120,0.904
2026-07-31T20:10:59,lefigaro3j_d25_s4_tous_n0_e5000_log_g2,lefigaro3j,25,4,tous,0,_s3,28362,7222,17645,263,0,0,5000,51,17,0.3400,37.23,0.7445,0.1787,0.2722,0.3727,2.268,0.1597,1.705,0.076659,0.061414,0.040612,0.034118,0.030672,0.028710,1,0.2967,0.917
2026-07-31T20:11:01,lefigaro3j_d25_s4_sans_verbes_n0_e5000_log_g2,lefigaro3j,25,4,sans_verbes,0,_s3,26006,6219,16022,250,0,0,5000,51,17,0.3400,36.87,0.7374,0.1810,0.2756,0.3785,2.297,0.1614,1.707,0.077322,0.061417,0.042223,0.034462,0.030279,0.029921,1,0.3024,0.912
2026-07-31T20:11:03,lefigaro3j_d25_s4_noms_n0_e5000_log_g2,lefigaro3j,25,4,noms,0,_s3,23039,5264,14086,217,0,0,5000,51,17,0.3400,37.07,0.7414,0.1797,0.2744,0.3759,2.287,0.1595,1.721,0.076907,0.060984,0.041857,0.034891,0.030210,0.029572,1,0.3022,0.908
2026-07-31T20:11:05,lefigaro3j_d25_s4_noms_propres_n0_e5000_log_g2,lefigaro3j,25,4,noms_propres,0,_s3,3996,732,2186,49,0,0,2137,51,15,0.3000,32.43,0.6485,0.2093,0.3107,0.4122,2.589,0.1700,1.828,0.092790,0.069951,0.046569,0.038826,0.033520,0.029049,0,0.3492,0.890
2026-07-31T20:11:06,lefigaro3j_d25_s6_tous_n0_e5000_log_g2,lefigaro3j,25,6,tous,0,_s3,7994,3280,5370,111,0,0,5000,51,15,0.3000,31.88,0.6377,0.2172,0.3125,0.4122,2.604,0.1768,1.767,0.095802,0.074503,0.046880,0.036213,0.030931,0.028171,1,0.3389,0.922
2026-07-31T20:11:08,lefigaro3j_d25_s6_sans_verbes_n0_e5000_log_g2,lefigaro3j,25,6,sans_verbes,0,_s3,7519,3022,5036,107,0,0,4929,51,15,0.3000,31.68,0.6337,0.2190,0.3145,0.4140,2.621,0.1774,1.773,0.095812,0.075759,0.047379,0.036183,0.031165,0.028243,1,0.3419,0.920
2026-07-31T20:11:09,lefigaro3j_d25_s6_noms_n0_e5000_log_g2,lefigaro3j,25,6,noms,0,_s3,6757,2693,4509,94,0,0,4415,51,15,0.3000,31.48,0.6296,0.2200,0.3161,0.4161,2.634,0.1777,1.779,0.097275,0.074858,0.047830,0.036248,0.031536,0.028359,1,0.3428,0.922
2026-07-31T20:11:11,lefigaro3j_d25_s6_noms_propres_n0_e5000_log_g2,lefigaro3j,25,6,noms_propres,0,_s3,1281,420,747,25,0,0,722,51,12,0.2400,26.89,0.5377,0.2463,0.3568,0.4595,2.973,0.1979,1.803,0.118560,0.073932,0.053776,0.042134,0.035739,0.032656,0,0.3987,0.895
2026-07-31T20:11:12,lefigaro3j_d50_s4_tous_n0_e5000_log_g2,lefigaro3j,50,4,tous,0,_s3,28362,7159,16046,597,0,0,5000,101,32,0.3200,67.52,0.6752,0.1295,0.1938,0.2631,3.230,0.0915,2.117,0.054178,0.044789,0.030549,0.023935,0.020573,0.019781,1,0.2109,0.919
2026-07-31T20:11:15,lefigaro3j_d50_s4_sans_verbes_n0_e5000_log_g2,lefigaro3j,50,4,sans_verbes,0,_s3,26006,6165,14546,568,0,0,5000,101,32,0.3200,65.97,0.6597,0.1333,0.1987,0.2688,3.312,0.0915,2.170,0.055642,0.046505,0.031137,0.024598,0.020637,0.020181,1,0.2160,0.920
2026-07-31T20:11:16,lefigaro3j_d50_s4_noms_n0_e5000_log_g2,lefigaro3j,50,4,noms,0,_s3,23039,5217,12777,503,0,0,5000,101,31,0.3100,65.78,0.6578,0.1327,0.2000,0.2704,3.333,0.0919,2.176,0.056647,0.044449,0.031604,0.025162,0.021677,0.020464,1,0.2159,0.926
2026-07-31T20:11:18,lefigaro3j_d50_s4_noms_propres_n0_e5000_log_g2,lefigaro3j,50,4,noms_propres,0,_s3,3996,729,1976,96,0,0,1880,101,27,0.2700,57.68,0.5768,0.1513,0.2253,0.2977,3.754,0.1005,2.242,0.064983,0.049850,0.036515,0.028708,0.023614,0.021594,1,0.2547,0.885
2026-07-31T20:11:20,lefigaro3j_d50_s6_tous_n0_e5000_log_g2,lefigaro3j,50,6,tous,0,_s3,7994,3204,5106,257,0,0,4849,101,29,0.2900,57.59,0.5759,0.1569,0.2239,0.2935,3.732,0.1043,2.146,0.067541,0.054015,0.035318,0.024926,0.022009,0.020117,1,0.2430,0.922
2026-07-31T20:11:21,lefigaro3j_d50_s6_sans_verbes_n0_e5000_log_g2,lefigaro3j,50,6,sans_verbes,0,_s3,7519,2951,4786,248,0,0,4538,101,29,0.2900,57.12,0.5712,0.1580,0.2258,0.2959,3.763,0.1050,2.150,0.067705,0.054588,0.035743,0.025260,0.022262,0.020243,1,0.2449,0.922
2026-07-31T20:11:23,lefigaro3j_d50_s6_noms_n0_e5000_log_g2,lefigaro3j,50,6,noms,0,_s3,6757,2630,4288,219,0,0,4069,101,28,0.2800,56.55,0.5655,0.1592,0.2278,0.2984,3.796,0.1058,2.154,0.068835,0.054172,0.036144,0.025519,0.022565,0.020534,1,0.2461,0.925
2026-07-31T20:11:25,lefigaro3j_d50_s6_noms_propres_n0_e5000_log_g2,lefigaro3j,50,6,noms_propres,0,_s3,1281,410,717,50,0,0,667,101,22,0.2200,47.89,0.4789,0.1761,0.2560,0.3329,4.266,0.1207,2.120,0.081805,0.052928,0.041400,0.029275,0.026446,0.024101,0,0.2861,0.895
2026-07-31T20:11:26,lefigaro7j_d10_s4_tous_n0_e5000_log_g2,lefigaro7j,10,4,tous,0,_s3,18274,5951,11512,201,0,0,5000,21,7,0.3500,15.25,0.7626,0.3222,0.4934,0.6666,1.645,0.3400,1.451,0.144239,0.101359,0.076603,0.062973,0.057912,0.050305,1,0.5349,0.922
2026-07-31T20:11:28,lefigaro7j_d10_s4_sans_verbes_n0_e5000_log_g2,lefigaro7j,10,4,sans_verbes,0,_s3,16710,5184,10440,191,0,0,5000,21,7,0.3500,14.98,0.7488,0.3280,0.4984,0.6713,1.661,0.3403,1.465,0.149050,0.102906,0.076025,0.064314,0.056435,0.049694,1,0.5406,0.922
2026-07-31T20:11:29,lefigaro7j_d10_s4_noms_n0_e5000_log_g2,lefigaro7j,10,4,noms,0,_s3,14775,4428,9167,173,0,0,5000,21,6,0.3000,15.01,0.7506,0.3277,0.5004,0.6731,1.668,0.3432,1.458,0.147321,0.103406,0.076930,0.064152,0.057807,0.050758,0,0.5431,0.921
2026-07-31T20:11:31,lefigaro7j_d10_s4_noms_propres_n0_e5000_log_g2,lefigaro7j,10,4,noms_propres,0,_s3,2290,617,1426,47,0,0,1379,21,6,0.3000,13.50,0.6748,0.3589,0.5354,0.7106,1.785,0.3604,1.486,0.172920,0.103416,0.082576,0.064586,0.060567,0.051358,0,0.5799,0.923
2026-07-31T20:11:32,lefigaro7j_d10_s6_tous_n0_e5000_log_g2,lefigaro7j,10,6,tous,0,_s3,6157,2542,3678,78,0,0,3600,21,6,0.3000,13.28,0.6641,0.3708,0.5422,0.7014,1.807,0.3563,1.522,0.171537,0.118132,0.081172,0.066569,0.056233,0.048509,0,0.5781,0.938
2026-07-31T20:11:33,lefigaro7j_d10_s6_sans_verbes_n0_e5000_log_g2,lefigaro7j,10,6,sans_verbes,0,_s3,5825,2338,3438,76,0,0,3362,21,6,0.3000,13.32,0.6659,0.3701,0.5419,0.7018,1.806,0.3566,1.519,0.170429,0.118544,0.081156,0.066388,0.056676,0.048707,0,0.5782,0.937
2026-07-31T20:11:35,lefigaro7j_d10_s6_noms_n0_e5000_log_g2,lefigaro7j,10,6,noms,0,_s3,5218,2095,3070,71,0,0,2999,21,6,0.3000,13.40,0.6699,0.3677,0.5401,0.7012,1.800,0.3580,1.509,0.169737,0.116773,0.081155,0.065808,0.057470,0.049144,0,0.5793,0.932
2026-07-31T20:11:36,lefigaro7j_d10_s6_noms_propres_n0_e5000_log_g2,lefigaro7j,10,6,noms_propres,0,_s3,767,339,515,24,0,0,491,21,5,0.2500,11.53,0.5765,0.4041,0.5807,0.7463,1.936,0.3927,1.479,0.207989,0.109124,0.086978,0.064234,0.057923,0.054480,0,0.6241,0.931
2026-07-31T20:11:38,lefigaro7j_d15_s4_tous_n0_e5000_log_g2,lefigaro7j,15,4,tous,0,_s3,18274,5930,11061,289,0,0,5000,31,9,0.3000,21.27,0.7092,0.2694,0.4000,0.5326,2.000,0.2456,1.628,0.119251,0.086207,0.063919,0.049938,0.041639,0.039000,1,0.4436,0.902
2026-07-31T20:11:39,lefigaro7j_d15_s4_sans_verbes_n0_e5000_log_g2,lefigaro7j,15,4,sans_verbes,0,_s3,16710,5164,10021,277,0,0,5000,31,9,0.3000,21.34,0.7114,0.2682,0.4002,0.5348,2.001,0.2495,1.604,0.116848,0.088418,0.062968,0.049538,0.042185,0.040253,1,0.4452,0.899
2026-07-31T20:11:41,lefigaro7j_d15_s4_noms_n0_e5000_log_g2,lefigaro7j,15,4,noms,0,_s3,14775,4410,8800,247,0,0,5000,31,9,0.3000,21.14,0.7046,0.2705,0.4049,0.5389,2.024,0.2484,1.630,0.118434,0.088567,0.063502,0.049942,0.043938,0.040485,0,0.4455,0.909
2026-07-31T20:11:42,lefigaro7j_d15_s4_noms_propres_n0_e5000_log_g2,lefigaro7j,15,4,noms_propres,0,_s3,2290,613,1374,61,0,0,1313,31,8,0.2667,19.44,0.6480,0.2901,0.4315,0.5701,2.157,0.2648,1.629,0.134379,0.085416,0.070296,0.052608,0.047715,0.041080,0,0.4780,0.903
2026-07-31T20:11:43,lefigaro7j_d15_s6_tous_n0_e5000_log_g2,lefigaro7j,15,6,tous,0,_s3,6157,2510,3586,129,0,0,3457,31,8,0.2667,18.78,0.6262,0.3053,0.4409,0.5700,2.205,0.2675,1.649,0.136722,0.099224,0.069395,0.052534,0.044056,0.039003,0,0.4773,0.924
2026-07-31T20:11:44,lefigaro7j_d15_s6_sans_verbes_n0_e5000_log_g2,lefigaro7j,15,6,sans_verbes,0,_s3,5825,2308,3350,125,0,0,3225,31,8,0.2667,18.81,0.6272,0.3050,0.4415,0.5703,2.207,0.2686,1.644,0.135590,0.100138,0.069228,0.052881,0.044697,0.038923,0,0.4761,0.927
2026-07-31T20:11:46,lefigaro7j_d15_s6_noms_n0_e5000_log_g2,lefigaro7j,15,6,noms,0,_s3,5218,2071,2994,111,0,0,2883,31,8,0.2667,18.88,0.6293,0.3034,0.4398,0.5700,2.199,0.2696,1.631,0.136066,0.098247,0.069120,0.052293,0.044170,0.039907,0,0.4756,0.925
2026-07-31T20:11:47,lefigaro7j_d15_s6_noms_propres_n0_e5000_log_g2,lefigaro7j,15,6,noms_propres,0,_s3,767,334,507,33,0,0,474,31,7,0.2333,16.60,0.5532,0.3320,0.4713,0.6157,2.356,0.2993,1.574,0.160348,0.093536,0.078156,0.052514,0.043911,0.042828,0,0.5127,0.919
2026-07-31T20:11:48,lefigaro7j_d25_s4_tous_n0_e5000_log_g2,lefigaro7j,25,4,tous,0,_s3,18274,5842,10388,543,0,0,5000,51,15,0.3000,33.09,0.6618,0.2065,0.3064,0.4062,2.554,0.1621,1.890,0.094183,0.062621,0.049656,0.036971,0.032819,0.030197,1,0.3417,0.897
2026-07-31T20:11:50,lefigaro7j_d25_s4_sans_verbes_n0_e5000_log_g2,lefigaro7j,25,4,sans_verbes,0,_s3,16710,5086,9403,517,0,0,5000,51,15,0.3000,32.87,0.6574,0.2090,0.3096,0.4096,2.580,0.1667,1.857,0.093202,0.065029,0.050748,0.036576,0.033866,0.030139,1,0.3457,0.895
2026-07-31T20:11:52,lefigaro7j_d25_s4_noms_n0_e5000_log_g2,lefigaro7j,25,4,noms,0,_s3,14775,4345,8262,462,0,0,5000,51,15,0.3000,33.02,0.6605,0.2078,0.3081,0.4087,2.567,0.1647,1.870,0.092480,0.064554,0.050788,0.037469,0.032890,0.029884,1,0.3433,0.897
2026-07-31T20:11:53,lefigaro7j_d25_s4_noms_propres_n0_e5000_log_g2,lefigaro7j,25,4,noms_propres,0,_s3,2290,608,1308,89,0,0,1219,51,13,0.2600,30.67,0.6134,0.2184,0.3304,0.4397,2.753,0.1796,1.840,0.098579,0.064629,0.055196,0.041181,0.037173,0.033654,0,0.3767,0.877
2026-07-31T20:11:54,lefigaro7j_d25_s6_tous_n0_e5000_log_g2,lefigaro7j,25,6,tous,0,_s3,6157,2441,3459,241,0,0,3218,51,13,0.2600,28.70,0.5741,0.2392,0.3441,0.4455,2.867,0.1827,1.883,0.108515,0.074547,0.056172,0.038626,0.035106,0.031094,0,0.3757,0.916
2026-07-31T20:11:56,lefigaro7j_d25_s6_sans_verbes_n0_e5000_log_g2,lefigaro7j,25,6,sans_verbes,0,_s3,5825,2242,3231,234,0,0,2997,51,13,0.2600,28.91,0.5781,0.2372,0.3430,0.4456,2.858,0.1839,1.865,0.106811,0.074929,0.055434,0.039186,0.035586,0.031026,0,0.3744,0.916
2026-07-31T20:11:57,lefigaro7j_d25_s6_noms_n0_e5000_log_g2,lefigaro7j,25,6,noms,0,_s3,5218,2012,2896,208,0,0,2688,51,13,0.2600,28.76,0.5752,0.2378,0.3434,0.4469,2.862,0.1833,1.873,0.108075,0.073847,0.055904,0.039510,0.035100,0.030957,0,0.3756,0.914
2026-07-31T20:11:58,lefigaro7j_d25_s6_noms_propres_n0_e5000_log_g2,lefigaro7j,25,6,noms_propres,0,_s3,767,328,496,44,0,0,452,51,11,0.2200,25.51,0.5102,0.2582,0.3719,0.4843,3.099,0.2098,1.772,0.119965,0.073098,0.065151,0.042634,0.038397,0.032672,0,0.4163,0.893
2026-07-31T20:12:00,lefigaro7j_d50_s4_tous_n0_e5000_log_g2,lefigaro7j,50,4,tous,0,_s3,18274,5503,9279,1223,0,0,5000,101,28,0.2800,55.94,0.5594,0.1548,0.2318,0.3021,3.864,0.0968,2.396,0.073932,0.042410,0.038451,0.031336,0.023453,0.022248,1,0.2394,0.968
2026-07-31T20:12:02,lefigaro7j_d50_s4_sans_verbes_n0_e5000_log_g2,lefigaro7j,50,4,sans_verbes,0,_s3,16710,4793,8364,1137,0,0,5000,101,27,0.2700,55.41,0.5541,0.1565,0.2339,0.3050,3.899,0.0974,2.403,0.073943,0.042905,0.039651,0.032049,0.023654,0.021724,1,0.2407,0.972
2026-07-31T20:12:04,lefigaro7j_d50_s4_noms_n0_e5000_log_g2,lefigaro7j,50,4,noms,0,_s3,14775,4095,7340,1023,0,0,5000,101,27,0.2700,55.12,0.5512,0.1569,0.2362,0.3084,3.936,0.0975,2.423,0.073302,0.043633,0.039998,0.032104,0.024257,0.022877,1,0.2445,0.966
2026-07-31T20:12:05,lefigaro7j_d50_s4_noms_propres_n0_e5000_log_g2,lefigaro7j,50,4,noms_propres,0,_s3,2290,592,1140,155,0,0,985,101,22,0.2200,50.71,0.5071,0.1636,0.2503,0.3311,4.172,0.1091,2.294,0.074388,0.046100,0.043081,0.034432,0.027057,0.025283,0,0.2696,0.929
2026-07-31T20:12:07,lefigaro7j_d50_s6_tous_n0_e5000_log_g2,lefigaro7j,50,6,tous,0,_s3,6157,2292,3233,456,0,0,2777,101,24,0.2400,47.61,0.4761,0.1793,0.2595,0.3328,4.324,0.1095,2.370,0.087663,0.049768,0.041912,0.031712,0.025395,0.023000,1,0.2649,0.979
2026-07-31T20:12:08,lefigaro7j_d50_s6_sans_verbes_n0_e5000_log_g2,lefigaro7j,50,6,sans_verbes,0,_s3,5825,2104,3014,438,0,0,2576,101,24,0.2400,48.47,0.4847,0.1769,0.2580,0.3323,4.299,0.1108,2.328,0.084156,0.050632,0.042095,0.032169,0.025512,0.023393,1,0.2638,0.978
2026-07-31T20:12:10,lefigaro7j_d50_s6_noms_n0_e5000_log_g2,lefigaro7j,50,6,noms,0,_s3,5218,1884,2701,398,0,0,2303,101,24,0.2400,47.77,0.4777,0.1787,0.2603,0.3346,4.338,0.1105,2.356,0.085698,0.050100,0.042919,0.032103,0.025608,0.023868,0,0.2670,0.975
2026-07-31T20:12:11,lefigaro7j_d50_s6_noms_propres_n0_e5000_log_g2,lefigaro7j,50,6,noms_propres,0,_s3,767,312,464,75,0,0,389,101,18,0.1800,41.07,0.4107,0.1916,0.2856,0.3723,4.761,0.1398,2.044,0.091831,0.054510,0.045279,0.034111,0.033436,0.026473,0,0.3040,0.940
2026-07-31T20:12:14,lesechos_d10_s4_tous_n5000_e5000_log_g2,lesechos,10,4,tous,5000,_s3,62592,8655,50055,125,4011,0,5000,21,8,0.4000,18.51,0.9253,0.2296,0.4091,0.6122,1.364,0.3496,1.170,0.080824,0.076921,0.071829,0.065111,0.058646,0.055791,2,0.3979,1.028
2026-07-31T20:12:17,lesechos_d10_s4_sans_verbes_n5000_e5000_log_g2,lesechos,10,4,sans_verbes,5000,_s3,58807,7144,46642,110,3834,0,5000,21,8,0.4000,18.45,0.9223,0.2308,0.4093,0.6117,1.364,0.3512,1.165,0.084181,0.075989,0.070584,0.066262,0.057107,0.055178,2,0.3944,1.038
2026-07-31T20:12:19,lesechos_d10_s4_noms_n5000_e5000_log_g2,lesechos,10,4,noms,5000,_s3,52486,5792,41346,96,3507,0,5000,21,8,0.4000,18.46,0.9230,0.2299,0.4103,0.6108,1.368,0.3523,1.165,0.082182,0.077779,0.069947,0.067808,0.057358,0.055240,2,0.3970,1.034
2026-07-31T20:12:21,lesechos_d10_s4_noms_propres_n5000_e5000_log_g2,lesechos,10,4,noms_propres,5000,_s3,8682,621,5995,12,798,0,5000,21,8,0.4000,17.63,0.8814,0.2614,0.4399,0.6355,1.466,0.3596,1.223,0.096534,0.088542,0.076313,0.064808,0.058682,0.055033,1,0.4315,1.020
2026-07-31T20:12:24,lesechos_d10_s6_tous_n5000_e5000_log_g2,lesechos,10,6,tous,5000,_s3,16794,4650,13380,28,1532,0,5000,21,8,0.4000,17.65,0.8827,0.2581,0.4394,0.6355,1.465,0.3678,1.195,0.097016,0.085319,0.075782,0.067131,0.058402,0.055792,1,0.4217,1.042
2026-07-31T20:12:26,lesechos_d10_s6_sans_verbes_n5000_e5000_log_g2,lesechos,10,6,sans_verbes,5000,_s3,16134,4288,12802,24,1479,0,5000,21,8,0.4000,17.62,0.8812,0.2606,0.4377,0.6350,1.459,0.3661,1.195,0.097677,0.086526,0.076390,0.067035,0.055681,0.054370,1,0.4186,1.046
2026-07-31T20:12:28,lesechos_d10_s6_noms_n5000_e5000_log_g2,lesechos,10,6,noms,5000,_s3,14670,3724,11572,21,1358,0,5000,21,8,0.4000,17.65,0.8824,0.2586,0.4387,0.6349,1.462,0.3695,1.187,0.097108,0.086199,0.075284,0.068678,0.057607,0.053804,1,0.4197,1.045
2026-07-31T20:12:30,lesechos_d10_s6_noms_propres_n5000_e5000_log_g2,lesechos,10,6,noms_propres,5000,_s3,2999,485,2012,4,325,0,1683,21,7,0.3500,16.81,0.8403,0.2841,0.4613,0.6565,1.538,0.3753,1.229,0.111421,0.094391,0.078308,0.062744,0.059247,0.055213,1,0.4522,1.020
2026-07-31T20:12:33,lesechos_d15_s4_tous_n5000_e5000_log_g2,lesechos,15,4,tous,5000,_s3,62592,8652,48521,185,3871,0,5000,31,12,0.4000,27.68,0.9226,0.1666,0.2970,0.4439,1.485,0.2441,1.217,0.061924,0.053336,0.051365,0.046297,0.042386,0.041742,2,0.2848,1.043
2026-07-31T20:12:36,lesechos_d15_s4_sans_verbes_n5000_e5000_log_g2,lesechos,15,4,sans_verbes,5000,_s3,58807,7143,45151,167,3694,0,5000,31,12,0.4000,27.58,0.9194,0.1673,0.2993,0.4459,1.497,0.2475,1.209,0.062577,0.053717,0.050991,0.048945,0.042617,0.040470,2,0.2833,1.057
2026-07-31T20:12:39,lesechos_d15_s4_noms_n5000_e5000_log_g2,lesechos,15,4,noms,5000,_s3,52486,5792,39965,141,3375,0,5000,31,12,0.4000,27.66,0.9219,0.1650,0.2964,0.4450,1.482,0.2456,1.207,0.062861,0.052733,0.049388,0.046940,0.042786,0.041677,2,0.2863,1.035
2026-07-31T20:12:41,lesechos_d15_s4_noms_propres_n5000_e5000_log_g2,lesechos,15,4,noms_propres,5000,_s3,8682,621,5747,16,768,0,4963,31,11,0.3667,26.36,0.8787,0.1911,0.3249,0.4711,1.624,0.2536,1.281,0.072973,0.063096,0.055031,0.046855,0.044138,0.042759,1,0.3186,1.020
2026-07-31T20:12:43,lesechos_d15_s6_tous_n5000_e5000_log_g2,lesechos,15,6,tous,5000,_s3,16794,4645,13079,47,1492,0,5000,31,11,0.3667,26.44,0.8813,0.1883,0.3233,0.4691,1.617,0.2591,1.248,0.073176,0.060101,0.055042,0.047996,0.045228,0.041774,1,0.3040,1.064
2026-07-31T20:12:45,lesechos_d15_s6_sans_verbes_n5000_e5000_log_g2,lesechos,15,6,sans_verbes,5000,_s3,16134,4283,12504,43,1439,0,5000,31,11,0.3667,26.51,0.8836,0.1875,0.3219,0.4683,1.609,0.2583,1.246,0.072317,0.060918,0.054232,0.047467,0.044079,0.042857,1,0.3041,1.058
2026-07-31T20:12:48,lesechos_d15_s6_noms_n5000_e5000_log_g2,lesechos,15,6,noms,5000,_s3,14670,3720,11291,38,1320,0,5000,31,11,0.3667,26.54,0.8846,0.1869,0.3222,0.4678,1.611,0.2603,1.238,0.071587,0.061095,0.054172,0.046789,0.044836,0.043768,1,0.3044,1.059
2026-07-31T20:12:50,lesechos_d15_s6_noms_propres_n5000_e5000_log_g2,lesechos,15,6,noms_propres,5000,_s3,2999,484,1943,5,309,0,1629,31,11,0.3667,24.79,0.8263,0.2131,0.3479,0.4964,1.739,0.2724,1.277,0.087324,0.069408,0.056399,0.049328,0.043864,0.041546,1,0.3413,1.019
2026-07-31T20:12:53,lesechos_d25_s4_tous_n5000_e5000_log_g2,lesechos,25,4,tous,5000,_s3,62592,8645,46348,269,3658,0,5000,51,20,0.4000,45.61,0.9121,0.1128,0.2016,0.3002,1.680,0.1576,1.279,0.042960,0.036525,0.033355,0.032231,0.028973,0.027520,2,0.1892,1.065
2026-07-31T20:12:56,lesechos_d25_s4_sans_verbes_n5000_e5000_log_g2,lesechos,25,4,sans_verbes,5000,_s3,58807,7141,43046,241,3488,0,5000,51,20,0.4000,45.41,0.9082,0.1150,0.2048,0.3029,1.707,0.1603,1.277,0.043328,0.037698,0.033928,0.032362,0.029042,0.028471,2,0.1927,1.063
2026-07-31T20:12:59,lesechos_d25_s4_noms_n5000_e5000_log_g2,lesechos,25,4,noms,5000,_s3,52486,5790,38038,204,3186,0,5000,51,20,0.4000,45.14,0.9028,0.1178,0.2071,0.3053,1.726,0.1608,1.288,0.044774,0.039772,0.033285,0.032936,0.028564,0.027819,2,0.1938,1.069
2026-07-31T20:13:01,lesechos_d25_s4_noms_propres_n5000_e5000_log_g2,lesechos,25,4,noms_propres,5000,_s3,8682,621,5383,24,714,0,4645,51,18,0.3600,42.96,0.8592,0.1334,0.2285,0.3295,1.904,0.1671,1.367,0.053618,0.043926,0.035872,0.033147,0.031738,0.030210,1,0.2227,1.026
2026-07-31T20:13:03,lesechos_d25_s6_tous_n5000_e5000_log_g2,lesechos,25,6,tous,5000,_s3,16794,4638,12658,69,1450,0,5000,51,19,0.3800,43.28,0.8656,0.1319,0.2256,0.3255,1.880,0.1673,1.348,0.052575,0.044096,0.035232,0.033474,0.030744,0.029436,1,0.2128,1.060
2026-07-31T20:13:06,lesechos_d25_s6_sans_verbes_n5000_e5000_log_g2,lesechos,25,6,sans_verbes,5000,_s3,16134,4277,12097,64,1398,0,5000,51,19,0.3800,43.13,0.8626,0.1342,0.2263,0.3258,1.886,0.1684,1.345,0.053936,0.044285,0.035944,0.033032,0.030902,0.028249,2,0.2135,1.060
2026-07-31T20:13:08,lesechos_d25_s6_noms_n5000_e5000_log_g2,lesechos,25,6,noms,5000,_s3,14670,3715,10909,58,1281,0,5000,51,19,0.3800,43.21,0.8642,0.1329,0.2261,0.3274,1.884,0.1697,1.332,0.052919,0.044015,0.035952,0.033191,0.030781,0.029260,1,0.2116,1.068
2026-07-31T20:13:11,lesechos_d25_s6_noms_propres_n5000_e5000_log_g2,lesechos,25,6,noms_propres,5000,_s3,2999,484,1843,9,299,0,1535,51,17,0.3400,39.86,0.7973,0.1529,0.2488,0.3545,2.074,0.1823,1.365,0.066490,0.048655,0.037788,0.035398,0.031626,0.028889,1,0.2441,1.019
2026-07-31T20:13:14,lesechos_d50_s4_tous_n5000_e5000_log_g2,lesechos,50,4,tous,5000,_s3,62592,8637,42805,453,3348,0,5000,101,38,0.3800,88.25,0.8825,0.0743,0.1276,0.1853,2.126,0.0857,1.488,0.028674,0.024327,0.021258,0.019724,0.017315,0.016273,2,0.1172,1.089
2026-07-31T20:13:17,lesechos_d50_s4_sans_verbes_n5000_e5000_log_g2,lesechos,50,4,sans_verbes,5000,_s3,58807,7136,39588,412,3184,0,5000,101,38,0.3800,88.35,0.8835,0.0730,0.1279,0.1855,2.132,0.0872,1.467,0.028096,0.023275,0.021655,0.020622,0.017618,0.016643,2,0.1172,1.091
2026-07-31T20:13:20,lesechos_d50_s4_noms_n5000_e5000_log_g2,lesechos,50,4,noms,5000,_s3,52486,5789,34845,355,2906,0,5000,101,38,0.3800,88.08,0.8808,0.0746,0.1288,0.1860,2.146,0.0861,1.495,0.028390,0.024360,0.021880,0.020003,0.017632,0.016493,2,0.1181,1.090
2026-07-31T20:13:22,lesechos_d50_s4_noms_propres_n5000_e5000_log_g2,lesechos,50,4,noms_propres,5000,_s3,8682,621,4789,46,639,0,4104,101,36,0.3600,82.95,0.8295,0.0849,0.1444,0.2073,2.406,0.0940,1.536,0.034755,0.029155,0.020989,0.020298,0.019909,0.019268,1,0.1396,1.035
2026-07-31T20:13:25,lesechos_d50_s6_tous_n5000_e5000_log_g2,lesechos,50,6,tous,5000,_s3,16794,4628,12008,118,1370,0,5000,101,37,0.3700,83.98,0.8398,0.0846,0.1419,0.2020,2.365,0.0921,1.542,0.034725,0.028282,0.021624,0.020685,0.018762,0.017830,2,0.1322,1.073
2026-07-31T20:13:27,lesechos_d50_s6_sans_verbes_n5000_e5000_log_g2,lesechos,50,6,sans_verbes,5000,_s3,16134,4268,11454,112,1318,0,5000,101,37,0.3700,83.90,0.8390,0.0851,0.1419,0.2022,2.365,0.0918,1.546,0.035321,0.028135,0.021684,0.020330,0.018901,0.017553,2,0.1336,1.063
2026-07-31T20:13:30,lesechos_d50_s6_noms_n5000_e5000_log_g2,lesechos,50,6,noms,5000,_s3,14670,3707,10304,103,1207,0,5000,101,36,0.3600,83.74,0.8374,0.0853,0.1432,0.2037,2.387,0.0925,1.548,0.034750,0.028316,0.022195,0.020868,0.019214,0.017885,2,0.1319,1.086
2026-07-31T20:13:32,lesechos_d50_s6_noms_propres_n5000_e5000_log_g2,lesechos,50,6,noms_propres,5000,_s3,2999,483,1692,15,275,0,1402,101,32,0.3200,74.98,0.7498,0.1009,0.1630,0.2313,2.716,0.1081,1.507,0.043370,0.034419,0.023148,0.022532,0.020885,0.018630,1,0.1593,1.023
2026-07-31T20:13:34,lesechos3j_d10_s4_tous_n0_e5000_log_g2,lesechos3j,10,4,tous,0,_s3,23167,6500,17779,150,0,0,5000,21,8,0.4000,17.98,0.8988,0.2483,0.4099,0.6041,1.366,0.3328,1.232,0.099089,0.087596,0.061604,0.056700,0.053308,0.051630,1,0.4179,0.981
2026-07-31T20:13:36,lesechos3j_d10_s4_sans_verbes_n0_e5000_log_g2,lesechos3j,10,4,sans_verbes,0,_s3,21705,5677,16521,136,0,0,5000,21,8,0.4000,17.92,0.8959,0.2504,0.4117,0.6022,1.372,0.3304,1.246,0.101199,0.086861,0.062388,0.056503,0.052886,0.051885,1,0.4214,0.977
2026-07-31T20:13:38,lesechos3j_d10_s4_noms_n0_e5000_log_g2,lesechos3j,10,4,noms,0,_s3,19195,4784,14551,117,0,0,5000,21,8,0.4000,17.91,0.8957,0.2502,0.4108,0.6030,1.369,0.3287,1.250,0.100082,0.088250,0.061914,0.057232,0.052554,0.050816,1,0.4212,0.976
2026-07-31T20:13:40,lesechos3j_d10_s4_noms_propres_n0_e5000_log_g2,lesechos3j,10,4,noms_propres,0,_s3,2961,587,2128,18,0,0,2110,21,8,0.4000,17.07,0.8537,0.2757,0.4438,0.6254,1.479,0.3400,1.305,0.114264,0.094687,0.066700,0.058781,0.055544,0.053833,0,0.4627,0.959
2026-07-31T20:13:41,lesechos3j_d10_s6_tous_n0_e5000_log_g2,lesechos3j,10,6,tous,0,_s3,5834,2696,4595,36,0,0,4559,21,8,0.4000,16.38,0.8190,0.2946,0.4520,0.6330,1.507,0.3420,1.322,0.125213,0.103910,0.065474,0.056555,0.051693,0.049150,1,0.4575,0.988
2026-07-31T20:13:43,lesechos3j_d10_s6_sans_verbes_n0_e5000_log_g2,lesechos3j,10,6,sans_verbes,0,_s3,5583,2547,4400,32,0,0,4368,21,7,0.3500,16.33,0.8164,0.2962,0.4530,0.6330,1.510,0.3429,1.321,0.125888,0.104419,0.065935,0.057151,0.051265,0.048386,1,0.4577,0.990
2026-07-31T20:13:45,lesechos3j_d10_s6_noms_n0_e5000_log_g2,lesechos3j,10,6,noms,0,_s3,4969,2244,3911,29,0,0,3882,21,7,0.3500,16.29,0.8146,0.2963,0.4543,0.6346,1.514,0.3423,1.327,0.126993,0.103837,0.065512,0.057213,0.051655,0.049043,1,0.4615,0.984
2026-07-31T20:13:46,lesechos3j_d10_s6_noms_propres_n0_e5000_log_g2,lesechos3j,10,6,noms_propres,0,_s3,806,347,643,9,0,0,634,21,7,0.3500,14.79,0.7395,0.3389,0.4977,0.6695,1.659,0.3720,1.338,0.143474,0.118371,0.077040,0.057506,0.052929,0.048382,0,0.4980,0.999
2026-07-31T20:13:48,lesechos3j_d15_s4_tous_n0_e5000_log_g2,lesechos3j,15,4,tous,0,_s3,23167,6498,17371,191,0,0,5000,31,12,0.4000,26.83,0.8944,0.1869,0.3037,0.4398,1.519,0.2325,1.306,0.074948,0.066080,0.045865,0.040057,0.039366,0.037396,1,0.3157,0.962
2026-07-31T20:13:50,lesechos3j_d15_s4_sans_verbes_n0_e5000_log_g2,lesechos3j,15,4,sans_verbes,0,_s3,21705,5675,16126,176,0,0,5000,31,12,0.4000,26.70,0.8901,0.1883,0.3045,0.4409,1.522,0.2328,1.308,0.076362,0.067414,0.044521,0.040099,0.039100,0.036991,1,0.3172,0.960
2026-07-31T20:13:52,lesechos3j_d15_s4_noms_n0_e5000_log_g2,lesechos3j,15,4,noms,0,_s3,19195,4783,14190,155,0,0,5000,31,12,0.4000,26.48,0.8826,0.1927,0.3086,0.4460,1.543,0.2352,1.312,0.078064,0.068246,0.046368,0.039779,0.038680,0.037414,1,0.3213,0.960
2026-07-31T20:13:53,lesechos3j_d15_s4_noms_propres_n0_e5000_log_g2,lesechos3j,15,4,noms_propres,0,_s3,2961,587,2064,22,0,0,2042,31,11,0.3667,25.20,0.8398,0.2120,0.3370,0.4756,1.685,0.2446,1.377,0.084976,0.076762,0.050218,0.045161,0.040274,0.039579,0,0.3587,0.940
2026-07-31T20:13:55,lesechos3j_d15_s6_tous_n0_e5000_log_g2,lesechos3j,15,6,tous,0,_s3,5834,2693,4533,51,0,0,4482,31,11,0.3667,24.09,0.8031,0.2290,0.3472,0.4790,1.736,0.2438,1.424,0.096937,0.082925,0.049170,0.041321,0.040173,0.036625,1,0.3586,0.968
2026-07-31T20:13:57,lesechos3j_d15_s6_sans_verbes_n0_e5000_log_g2,lesechos3j,15,6,sans_verbes,0,_s3,5583,2544,4340,47,0,0,4293,31,11,0.3667,24.01,0.8005,0.2300,0.3489,0.4798,1.744,0.2444,1.427,0.097309,0.083680,0.049020,0.041552,0.040415,0.036880,1,0.3597,0.970
2026-07-31T20:13:58,lesechos3j_d15_s6_noms_n0_e5000_log_g2,lesechos3j,15,6,noms,0,_s3,4969,2242,3855,43,0,0,3812,31,11,0.3667,23.93,0.7976,0.2312,0.3497,0.4814,1.748,0.2448,1.428,0.098044,0.083922,0.049200,0.041219,0.040040,0.037242,1,0.3626,0.964
2026-07-31T20:14:00,lesechos3j_d15_s6_noms_propres_n0_e5000_log_g2,lesechos3j,15,6,noms_propres,0,_s3,806,347,632,10,0,0,622,31,10,0.3333,21.68,0.7228,0.2612,0.3866,0.5265,1.933,0.2713,1.425,0.109302,0.096205,0.055742,0.046383,0.041226,0.037706,0,0.3924,0.985
2026-07-31T20:14:01,lesechos3j_d25_s4_tous_n0_e5000_log_g2,lesechos3j,25,4,tous,0,_s3,23167,6486,16721,287,0,0,5000,51,20,0.4000,44.04,0.8809,0.1329,0.2122,0.3035,1.768,0.1499,1.416,0.054360,0.047489,0.031068,0.028600,0.025707,0.024955,1,0.2247,0.944
2026-07-31T20:14:03,lesechos3j_d25_s4_sans_verbes_n0_e5000_log_g2,lesechos3j,25,4,sans_verbes,0,_s3,21705,5668,15495,266,0,0,5000,51,20,0.4000,43.34,0.8667,0.1384,0.2180,0.3099,1.817,0.1504,1.449,0.056656,0.050016,0.031702,0.028129,0.027232,0.024288,1,0.2315,0.942
2026-07-31T20:14:05,lesechos3j_d25_s4_noms_n0_e5000_log_g2,lesechos3j,25,4,noms,0,_s3,19195,4777,13616,234,0,0,5000,51,20,0.4000,43.46,0.8693,0.1372,0.2171,0.3088,1.809,0.1510,1.438,0.056997,0.048565,0.031653,0.028522,0.026945,0.024390,1,0.2308,0.941
2026-07-31T20:14:07,lesechos3j_d25_s4_noms_propres_n0_e5000_log_g2,lesechos3j,25,4,noms_propres,0,_s3,2961,587,1967,31,0,0,1936,51,18,0.3600,40.41,0.8081,0.1569,0.2437,0.3429,2.031,0.1631,1.494,0.062583,0.058300,0.036040,0.030548,0.029288,0.026958,1,0.2624,0.929
2026-07-31T20:14:09,lesechos3j_d25_s6_tous_n0_e5000_log_g2,lesechos3j,25,6,tous,0,_s3,5834,2683,4450,70,0,0,4380,51,18,0.3600,39.07,0.7814,0.1684,0.2515,0.3419,2.096,0.1603,1.569,0.071802,0.061758,0.034839,0.030042,0.027951,0.025078,1,0.2643,0.952
2026-07-31T20:14:11,lesechos3j_d25_s6_sans_verbes_n0_e5000_log_g2,lesechos3j,25,6,sans_verbes,0,_s3,5583,2535,4258,65,0,0,4193,51,18,0.3600,38.90,0.7780,0.1695,0.2530,0.3436,2.109,0.1603,1.578,0.072127,0.062413,0.034923,0.030210,0.027989,0.025359,1,0.2656,0.953
2026-07-31T20:14:12,lesechos3j_d25_s6_noms_n0_e5000_log_g2,lesechos3j,25,6,noms,0,_s3,4969,2233,3781,61,0,0,3720,51,18,0.3600,38.77,0.7755,0.1702,0.2542,0.3455,2.118,0.1618,1.570,0.071997,0.062896,0.035339,0.030440,0.027918,0.025564,1,0.2687,0.946
2026-07-31T20:14:14,lesechos3j_d25_s6_noms_propres_n0_e5000_log_g2,lesechos3j,25,6,noms_propres,0,_s3,806,347,612,11,0,0,601,51,15,0.3000,33.85,0.6769,0.1988,0.2924,0.3954,2.436,0.1906,1.534,0.080066,0.076864,0.041849,0.033115,0.030342,0.030125,0,0.2938,0.995
2026-07-31T20:14:17,lesechos3j_d50_s4_tous_n0_e5000_log_g2,lesechos3j,50,4,tous,0,_s3,23167,6453,15430,548,0,0,5000,101,39,0.3900,85.25,0.8525,0.0872,0.1356,0.1896,2.260,0.0837,1.621,0.037720,0.029832,0.019638,0.017490,0.015715,0.015223,1,0.1433,0.947
2026-07-31T20:14:19,lesechos3j_d50_s4_sans_verbes_n0_e5000_log_g2,lesechos3j,50,4,sans_verbes,0,_s3,21705,5636,14255,509,0,0,5000,101,39,0.3900,84.16,0.8416,0.0900,0.1384,0.1936,2.307,0.0830,1.667,0.038672,0.031414,0.019956,0.017781,0.015432,0.015149,1,0.1449,0.955
2026-07-31T20:14:22,lesechos3j_d50_s4_noms_n0_e5000_log_g2,lesechos3j,50,4,noms,0,_s3,19195,4752,12503,446,0,0,5000,101,39,0.3900,83.59,0.8359,0.0918,0.1403,0.1953,2.338,0.0837,1.677,0.039569,0.031613,0.020612,0.017813,0.015512,0.015183,2,0.1497,0.937
2026-07-31T20:14:25,lesechos3j_d50_s4_noms_propres_n0_e5000_log_g2,lesechos3j,50,4,noms_propres,0,_s3,2961,586,1809,50,0,0,1759,101,34,0.3400,75.44,0.7544,0.1067,0.1620,0.2240,2.700,0.0946,1.712,0.044510,0.040030,0.022206,0.020248,0.018061,0.016922,1,0.1703,0.951
2026-07-31T20:14:28,lesechos3j_d50_s6_tous_n0_e5000_log_g2,lesechos3j,50,6,tous,0,_s3,5834,2647,4254,169,0,0,4085,101,36,0.3600,74.85,0.7485,0.1136,0.1649,0.2218,2.748,0.0919,1.794,0.049655,0.040762,0.023231,0.018809,0.016466,0.015966,1,0.1729,0.954
2026-07-31T20:14:30,lesechos3j_d50_s6_sans_verbes_n0_e5000_log_g2,lesechos3j,50,6,sans_verbes,0,_s3,5583,2502,4065,158,0,0,3907,101,36,0.3600,74.42,0.7442,0.1147,0.1662,0.2231,2.770,0.0919,1.809,0.049937,0.041282,0.023530,0.018926,0.016506,0.015990,1,0.1746,0.952
2026-07-31T20:14:33,lesechos3j_d50_s6_noms_n0_e5000_log_g2,lesechos3j,50,6,noms,0,_s3,4969,2206,3608,141,0,0,3467,101,35,0.3500,73.65,0.7365,0.1163,0.1684,0.2257,2.807,0.0926,1.819,0.050330,0.042165,0.023812,0.019230,0.016749,0.016114,1,0.1771,0.951
2026-07-31T20:14:34,lesechos3j_d50_s6_noms_propres_n0_e5000_log_g2,lesechos3j,50,6,noms_propres,0,_s3,806,346,585,17,0,0,568,101,27,0.2700,60.02,0.6002,0.1400,0.2012,0.2725,3.353,0.1169,1.721,0.057886,0.054865,0.027281,0.021938,0.019769,0.019450,0,0.2037,0.988
2026-07-31T20:14:36,lesechos7j_d10_s4_tous_n0_e5000_log_g2,lesechos7j,10,4,tous,0,_s3,12297,4584,8821,188,0,0,5000,21,7,0.3500,16.52,0.8259,0.2908,0.4545,0.6367,1.515,0.3371,1.348,0.122951,0.099251,0.068606,0.058033,0.055179,0.050488,1,0.4758,0.955
2026-07-31T20:14:38,lesechos7j_d10_s4_sans_verbes_n0_e5000_log_g2,lesechos7j,10,4,sans_verbes,0,_s3,11594,4155,8257,175,0,0,5000,21,7,0.3500,16.45,0.8227,0.2930,0.4577,0.6367,1.526,0.3388,1.351,0.124198,0.099273,0.069480,0.058950,0.055750,0.050054,1,0.4804,0.953
2026-07-31T20:14:39,lesechos7j_d10_s4_noms_n0_e5000_log_g2,lesechos7j,10,4,noms,0,_s3,10215,3568,7256,156,0,0,5000,21,7,0.3500,16.42,0.8212,0.2938,0.4587,0.6380,1.529,0.3396,1.351,0.124000,0.099941,0.069884,0.058722,0.056058,0.050089,0,0.4859,0.944
2026-07-31T20:14:40,lesechos7j_d10_s4_noms_propres_n0_e5000_log_g2,lesechos7j,10,4,noms_propres,0,_s3,1690,493,1158,22,0,0,1136,21,7,0.3500,15.67,0.7835,0.3100,0.4797,0.6597,1.599,0.3584,1.338,0.135958,0.103722,0.070304,0.060740,0.057467,0.051469,0,0.4989,0.961
2026-07-31T20:14:41,lesechos7j_d10_s6_tous_n0_e5000_log_g2,lesechos7j,10,6,tous,0,_s3,3321,1742,2451,55,0,0,2396,21,6,0.3000,14.01,0.7003,0.3515,0.5130,0.6798,1.710,0.3573,1.436,0.161877,0.117095,0.072498,0.058361,0.055776,0.047347,0,0.5306,0.967
2026-07-31T20:14:43,lesechos7j_d10_s6_sans_verbes_n0_e5000_log_g2,lesechos7j,10,6,sans_verbes,0,_s3,3170,1654,2342,52,0,0,2290,21,6,0.3000,14.01,0.7007,0.3512,0.5134,0.6800,1.711,0.3551,1.446,0.161767,0.116829,0.072616,0.058510,0.056255,0.047453,0,0.5314,0.966
2026-07-31T20:14:44,lesechos7j_d10_s6_noms_n0_e5000_log_g2,lesechos7j,10,6,noms,0,_s3,2807,1466,2080,47,0,0,2033,21,6,0.3000,14.00,0.7000,0.3521,0.5152,0.6830,1.717,0.3566,1.445,0.161548,0.116654,0.073925,0.059210,0.055623,0.048272,0,0.5339,0.965
2026-07-31T20:14:45,lesechos7j_d10_s6_noms_propres_n0_e5000_log_g2,lesechos7j,10,6,noms_propres,0,_s3,470,243,368,10,0,0,358,21,6,0.3000,13.16,0.6579,0.3732,0.5481,0.7166,1.827,0.4022,1.363,0.171126,0.118887,0.083214,0.064656,0.056857,0.053408,0,0.5517,0.994
2026-07-31T20:14:47,lesechos7j_d15_s4_tous_n0_e5000_log_g2,lesechos7j,15,4,tous,0,_s3,12297,4566,8567,271,0,0,5000,31,11,0.3667,24.30,0.8101,0.2259,0.3510,0.4856,1.755,0.2445,1.436,0.094233,0.079161,0.052458,0.044508,0.042913,0.037765,1,0.3741,0.938
2026-07-31T20:14:48,lesechos7j_d15_s4_sans_verbes_n0_e5000_log_g2,lesechos7j,15,4,sans_verbes,0,_s3,11594,4139,8009,253,0,0,5000,31,11,0.3667,24.29,0.8096,0.2261,0.3500,0.4853,1.750,0.2438,1.436,0.094990,0.078636,0.052468,0.043792,0.042796,0.037358,0,0.3766,0.929
2026-07-31T20:14:50,lesechos7j_d15_s4_noms_n0_e5000_log_g2,lesechos7j,15,4,noms,0,_s3,10215,3554,7033,227,0,0,5000,31,11,0.3667,24.26,0.8088,0.2274,0.3521,0.4864,1.760,0.2444,1.441,0.093537,0.080202,0.053697,0.044172,0.042600,0.037860,0,0.3769,0.934
2026-07-31T20:14:51,lesechos7j_d15_s4_noms_propres_n0_e5000_log_g2,lesechos7j,15,4,noms_propres,0,_s3,1690,493,1117,36,0,0,1081,31,10,0.3333,22.77,0.7590,0.2447,0.3768,0.5172,1.884,0.2591,1.454,0.104554,0.083909,0.056211,0.048664,0.043863,0.039626,0,0.3926,0.960
2026-07-31T20:14:52,lesechos7j_d15_s6_tous_n0_e5000_log_g2,lesechos7j,15,6,tous,0,_s3,3321,1727,2416,79,0,0,2337,31,9,0.3000,20.41,0.6805,0.2798,0.4070,0.5366,2.035,0.2626,1.550,0.124517,0.097875,0.057456,0.045244,0.044106,0.037762,0,0.4261,0.955
2026-07-31T20:14:54,lesechos7j_d15_s6_sans_verbes_n0_e5000_log_g2,lesechos7j,15,6,sans_verbes,0,_s3,3170,1639,2310,76,0,0,2234,31,9,0.3000,20.39,0.6796,0.2802,0.4076,0.5376,2.038,0.2630,1.550,0.124589,0.098029,0.057600,0.045413,0.044181,0.037773,0,0.4274,0.954
2026-07-31T20:14:55,lesechos7j_d15_s6_noms_n0_e5000_log_g2,lesechos7j,15,6,noms,0,_s3,2807,1452,2050,69,0,0,1981,31,9,0.3000,20.27,0.6757,0.2815,0.4108,0.5402,2.054,0.2638,1.557,0.125480,0.097944,0.058037,0.046565,0.044343,0.038417,0,0.4313,0.952
2026-07-31T20:14:57,lesechos7j_d15_s6_noms_propres_n0_e5000_log_g2,lesechos7j,15,6,noms_propres,0,_s3,470,240,364,16,0,0,348,31,8,0.2667,18.87,0.6291,0.2952,0.4381,0.5811,2.190,0.3050,1.436,0.135199,0.097562,0.062410,0.051516,0.048845,0.042555,0,0.4402,0.995
2026-07-31T20:14:58,lesechos7j_d25_s4_tous_n0_e5000_log_g2,lesechos7j,25,4,tous,0,_s3,12297,4508,8099,424,0,0,5000,51,18,0.3600,39.34,0.7868,0.1668,0.2525,0.3479,2.104,0.1600,1.579,0.071482,0.056883,0.038475,0.030585,0.029054,0.026041,1,0.2712,0.931
2026-07-31T20:15:00,lesechos7j_d25_s4_sans_verbes_n0_e5000_log_g2,lesechos7j,25,4,sans_verbes,0,_s3,11594,4085,7555,397,0,0,5000,51,18,0.3600,39.15,0.7830,0.1677,0.2547,0.3502,2.123,0.1609,1.583,0.070778,0.059230,0.037724,0.030842,0.029846,0.026316,1,0.2739,0.930
2026-07-31T20:15:01,lesechos7j_d25_s4_noms_n0_e5000_log_g2,lesechos7j,25,4,noms,0,_s3,10215,3508,6622,355,0,0,5000,51,18,0.3600,38.57,0.7714,0.1712,0.2580,0.3547,2.150,0.1603,1.609,0.072625,0.061058,0.037561,0.030996,0.029173,0.026584,1,0.2803,0.921
2026-07-31T20:15:03,lesechos7j_d25_s4_noms_propres_n0_e5000_log_g2,lesechos7j,25,4,noms_propres,0,_s3,1690,490,1059,45,0,0,1014,51,16,0.3200,34.94,0.6987,0.1895,0.2848,0.3863,2.374,0.1796,1.586,0.085668,0.064559,0.039293,0.033962,0.031191,0.030155,0,0.2942,0.968
2026-07-31T20:15:04,lesechos7j_d25_s6_tous_n0_e5000_log_g2,lesechos7j,25,6,tous,0,_s3,3321,1700,2338,135,0,0,2203,51,15,0.3000,32.13,0.6426,0.2157,0.3044,0.4010,2.537,0.1787,1.703,0.095392,0.076600,0.043690,0.030887,0.030243,0.027607,0,0.3241,0.939
2026-07-31T20:15:05,lesechos7j_d25_s6_sans_verbes_n0_e5000_log_g2,lesechos7j,25,6,sans_verbes,0,_s3,3170,1612,2236,132,0,0,2104,51,15,0.3000,32.05,0.6410,0.2162,0.3056,0.4024,2.546,0.1784,1.713,0.095221,0.077060,0.043937,0.030974,0.030578,0.027794,0,0.3250,0.940
2026-07-31T20:15:07,lesechos7j_d25_s6_noms_n0_e5000_log_g2,lesechos7j,25,6,noms,0,_s3,2807,1429,1984,119,0,0,1865,51,15,0.3000,31.77,0.6354,0.2177,0.3082,0.4051,2.568,0.1790,1.722,0.096156,0.077370,0.044184,0.031754,0.031107,0.027592,0,0.3293,0.936
2026-07-31T20:15:08,lesechos7j_d25_s6_noms_propres_n0_e5000_log_g2,lesechos7j,25,6,noms_propres,0,_s3,470,240,356,18,0,0,338,51,13,0.2600,28.86,0.5771,0.2299,0.3318,0.4417,2.765,0.2158,1.537,0.103827,0.079510,0.046525,0.034925,0.034619,0.032383,0,0.3480,0.953
2026-07-31T20:15:10,lesechos7j_d50_s4_tous_n0_e5000_log_g2,lesechos7j,50,4,tous,0,_s3,12297,4394,7427,659,0,0,5000,101,35,0.3500,71.19,0.7119,0.1206,0.1773,0.2374,2.956,0.0895,1.981,0.055453,0.040285,0.024849,0.021617,0.018392,0.016738,1,0.1854,0.956
2026-07-31T20:15:12,lesechos7j_d50_s4_sans_verbes_n0_e5000_log_g2,lesechos7j,50,4,sans_verbes,0,_s3,11594,3980,6896,620,0,0,5000,101,35,0.3500,71.21,0.7121,0.1212,0.1778,0.2377,2.964,0.0907,1.960,0.055210,0.040272,0.025743,0.021460,0.018268,0.016867,1,0.1862,0.955
2026-07-31T20:15:14,lesechos7j_d50_s4_noms_n0_e5000_log_g2,lesechos7j,50,4,noms,0,_s3,10215,3416,6034,558,0,0,5000,101,34,0.3400,69.91,0.6991,0.1241,0.1811,0.2422,3.018,0.0902,2.008,0.056256,0.042252,0.025584,0.021680,0.018404,0.016899,1,0.1897,0.954
2026-07-31T20:15:15,lesechos7j_d50_s4_noms_propres_n0_e5000_log_g2,lesechos7j,50,4,noms_propres,0,_s3,1690,484,960,69,0,0,891,101,28,0.2800,57.97,0.5797,0.1480,0.2074,0.2742,3.457,0.1059,1.959,0.071294,0.050011,0.026673,0.020758,0.020359,0.018316,0,0.2147,0.966
2026-07-31T20:15:16,lesechos7j_d50_s6_tous_n0_e5000_log_g2,lesechos7j,50,6,tous,0,_s3,3321,1660,2243,197,0,0,2046,101,30,0.3000,58.01,0.5801,0.1540,0.2156,0.2787,3.593,0.1068,2.020,0.070718,0.052499,0.030824,0.023932,0.020082,0.017545,0,0.2229,0.967
2026-07-31T20:15:18,lesechos7j_d50_s6_sans_verbes_n0_e5000_log_g2,lesechos7j,50,6,sans_verbes,0,_s3,3170,1572,2142,194,0,0,1948,101,29,0.2900,57.60,0.5760,0.1550,0.2171,0.2806,3.618,0.1061,2.046,0.070698,0.053443,0.030908,0.024000,0.020348,0.017674,0,0.2256,0.962
2026-07-31T20:15:19,lesechos7j_d50_s6_noms_n0_e5000_log_g2,lesechos7j,50,6,noms,0,_s3,2807,1392,1907,177,0,0,1730,101,29,0.2900,56.71,0.5671,0.1567,0.2192,0.2840,3.654,0.1078,2.033,0.071877,0.054256,0.030608,0.023883,0.020634,0.017956,0,0.2284,0.960
2026-07-31T20:15:21,lesechos7j_d50_s6_noms_propres_n0_e5000_log_g2,lesechos7j,50,6,noms_propres,0,_s3,470,234,339,28,0,0,311,101,21,0.2100,46.72,0.4672,0.1750,0.2464,0.3259,4.106,0.1394,1.768,0.076782,0.065617,0.032606,0.024843,0.023456,0.023087,0,0.2549,0.966
2026-07-31T20:15:23,mediapart_d10_s4_tous_n2000_e5000_log_g2,mediapart,10,4,tous,2000,_s3,31232,7348,27443,79,1294,0,5000,21,9,0.4500,19.20,0.9601,0.2099,0.3767,0.5765,1.256,0.3402,1.107,0.075486,0.072472,0.061912,0.058181,0.054649,0.053991,1,0.3534,1.066
2026-07-31T20:15:25,mediapart_d10_s4_sans_verbes_n2000_e5000_log_g2,mediapart,10,4,sans_verbes,2000,_s3,29154,6208,25448,70,1228,0,5000,21,9,0.4500,19.17,0.9585,0.2125,0.3777,0.5768,1.259,0.3393,1.113,0.075006,0.074602,0.062912,0.056794,0.055100,0.053290,1,0.3568,1.059
2026-07-31T20:15:28,mediapart_d10_s4_noms_n2000_e5000_log_g2,mediapart,10,4,noms,2000,_s3,26160,5147,22709,64,1119,0,5000,21,9,0.4500,19.23,0.9616,0.2091,0.3756,0.5758,1.252,0.3363,1.117,0.074425,0.071878,0.062844,0.058717,0.054245,0.053506,1,0.3522,1.066
2026-07-31T20:15:29,mediapart_d10_s4_noms_propres_n2000_e5000_log_g2,mediapart,10,4,noms_propres,2000,_s3,3039,503,2611,10,157,0,2444,21,8,0.4000,18.53,0.9266,0.2338,0.4051,0.6005,1.350,0.3679,1.101,0.087180,0.082114,0.064539,0.061742,0.055054,0.054475,1,0.3662,1.106
2026-07-31T20:15:31,mediapart_d10_s6_tous_n2000_e5000_log_g2,mediapart,10,6,tous,2000,_s3,9225,2661,7595,24,383,0,5000,21,9,0.4500,19.15,0.9576,0.2128,0.3787,0.5779,1.262,0.3408,1.111,0.076130,0.073989,0.062640,0.056591,0.055521,0.053868,1,0.3542,1.069
2026-07-31T20:15:33,mediapart_d10_s6_sans_verbes_n2000_e5000_log_g2,mediapart,10,6,sans_verbes,2000,_s3,8967,2479,7345,23,370,0,5000,21,9,0.4500,19.13,0.9565,0.2136,0.3788,0.5793,1.263,0.3423,1.106,0.078175,0.072863,0.062598,0.056258,0.055468,0.053393,1,0.3524,1.075
2026-07-31T20:15:35,mediapart_d10_s6_noms_n2000_e5000_log_g2,mediapart,10,6,noms,2000,_s3,8229,2194,6695,21,349,0,5000,21,9,0.4500,19.07,0.9536,0.2163,0.3825,0.5823,1.275,0.3422,1.118,0.077881,0.074549,0.063896,0.056172,0.055582,0.054380,1,0.3550,1.077
2026-07-31T20:15:37,mediapart_d10_s6_noms_propres_n2000_e5000_log_g2,mediapart,10,6,noms_propres,2000,_s3,918,210,794,4,48,0,742,21,8,0.4000,17.84,0.8920,0.2528,0.4268,0.6227,1.423,0.3936,1.084,0.098922,0.086795,0.067079,0.063200,0.057555,0.053285,1,0.3869,1.103
2026-07-31T20:15:39,mediapart_d15_s4_tous_n2000_e5000_log_g2,mediapart,15,4,tous,2000,_s3,31232,7336,26599,130,1261,0,5000,31,13,0.4333,28.72,0.9575,0.1480,0.2690,0.4140,1.345,0.2471,1.088,0.052140,0.050998,0.044893,0.042679,0.040055,0.038189,1,0.2465,1.091
2026-07-31T20:15:41,mediapart_d15_s4_sans_verbes_n2000_e5000_log_g2,mediapart,15,4,sans_verbes,2000,_s3,29154,6200,24621,115,1197,0,5000,31,13,0.4333,28.64,0.9546,0.1511,0.2724,0.4163,1.362,0.2473,1.101,0.053763,0.051865,0.045482,0.042347,0.039929,0.038994,1,0.2499,1.090
2026-07-31T20:15:43,mediapart_d15_s4_noms_n2000_e5000_log_g2,mediapart,15,4,noms,2000,_s3,26160,5140,21934,102,1088,0,5000,31,13,0.4333,28.72,0.9572,0.1485,0.2693,0.4150,1.347,0.2455,1.097,0.052717,0.050081,0.045718,0.042252,0.039618,0.038924,1,0.2483,1.085
2026-07-31T20:15:45,mediapart_d15_s4_noms_propres_n2000_e5000_log_g2,mediapart,15,4,noms_propres,2000,_s3,3039,502,2515,13,155,0,2347,31,12,0.4000,27.35,0.9115,0.1755,0.3031,0.4477,1.516,0.2782,1.089,0.066624,0.059824,0.049006,0.045700,0.042188,0.039781,1,0.2597,1.167
2026-07-31T20:15:47,mediapart_d15_s6_tous_n2000_e5000_log_g2,mediapart,15,6,tous,2000,_s3,9225,2661,7303,30,376,0,5000,31,13,0.4333,28.46,0.9488,0.1548,0.2754,0.4204,1.377,0.2511,1.097,0.055802,0.054178,0.044795,0.042815,0.039157,0.038645,1,0.2500,1.102
2026-07-31T20:15:49,mediapart_d15_s6_sans_verbes_n2000_e5000_log_g2,mediapart,15,6,sans_verbes,2000,_s3,8967,2479,7054,29,363,0,5000,31,13,0.4333,28.49,0.9496,0.1547,0.2750,0.4203,1.375,0.2520,1.091,0.055844,0.053075,0.045797,0.042332,0.039737,0.038207,1,0.2480,1.109
2026-07-31T20:15:51,mediapart_d15_s6_noms_n2000_e5000_log_g2,mediapart,15,6,noms,2000,_s3,8229,2194,6419,27,342,0,5000,31,13,0.4333,28.41,0.9472,0.1557,0.2774,0.4233,1.387,0.2530,1.097,0.056269,0.053477,0.045977,0.042769,0.039988,0.038940,1,0.2500,1.110
2026-07-31T20:15:53,mediapart_d15_s6_noms_propres_n2000_e5000_log_g2,mediapart,15,6,noms_propres,2000,_s3,918,210,772,5,49,0,718,31,11,0.3667,25.96,0.8654,0.1926,0.3260,0.4763,1.630,0.3037,1.073,0.076411,0.064889,0.051304,0.048088,0.045857,0.039404,1,0.2829,1.152
2026-07-31T20:15:55,mediapart_d25_s4_tous_n2000_e5000_log_g2,mediapart,25,4,tous,2000,_s3,31232,7311,25424,223,1204,0,5000,51,21,0.4200,47.12,0.9425,0.1043,0.1849,0.2784,1.541,0.1682,1.099,0.037098,0.034049,0.033153,0.028668,0.026376,0.025563,1,0.1610,1.148
2026-07-31T20:15:57,mediapart_d25_s4_sans_verbes_n2000_e5000_log_g2,mediapart,25,4,sans_verbes,2000,_s3,29154,6188,23478,188,1140,0,5000,51,21,0.4200,46.96,0.9391,0.1062,0.1868,0.2804,1.557,0.1710,1.092,0.038174,0.034567,0.033461,0.028855,0.027279,0.024490,1,0.1609,1.161
2026-07-31T20:16:00,mediapart_d25_s4_noms_n2000_e5000_log_g2,mediapart,25,4,noms,2000,_s3,26160,5135,20872,159,1033,0,5000,51,21,0.4200,46.89,0.9377,0.1060,0.1867,0.2808,1.556,0.1695,1.101,0.040083,0.033461,0.032497,0.028427,0.026897,0.025308,1,0.1617,1.154
2026-07-31T20:16:01,mediapart_d25_s4_noms_propres_n2000_e5000_log_g2,mediapart,25,4,noms_propres,2000,_s3,3039,501,2366,17,144,0,2205,51,19,0.3800,44.10,0.8821,0.1280,0.2148,0.3140,1.790,0.1976,1.087,0.049576,0.040471,0.037983,0.030829,0.029340,0.026614,1,0.1741,1.234
2026-07-31T20:16:03,mediapart_d25_s6_tous_n2000_e5000_log_g2,mediapart,25,6,tous,2000,_s3,9225,2658,6896,45,365,0,5000,51,21,0.4200,46.74,0.9347,0.1079,0.1883,0.2846,1.569,0.1726,1.091,0.038825,0.035277,0.033801,0.028617,0.026301,0.025499,1,0.1622,1.161
2026-07-31T20:16:05,mediapart_d25_s6_sans_verbes_n2000_e5000_log_g2,mediapart,25,6,sans_verbes,2000,_s3,8967,2477,6649,43,352,0,5000,51,21,0.4200,46.77,0.9354,0.1082,0.1882,0.2835,1.568,0.1726,1.090,0.038506,0.035321,0.034382,0.028382,0.026632,0.024951,1,0.1614,1.166
2026-07-31T20:16:07,mediapart_d25_s6_noms_n2000_e5000_log_g2,mediapart,25,6,noms,2000,_s3,8229,2192,6047,41,331,0,5000,51,21,0.4200,46.74,0.9347,0.1085,0.1889,0.2841,1.574,0.1727,1.094,0.038804,0.035213,0.034461,0.028610,0.026424,0.025361,1,0.1630,1.159
2026-07-31T20:16:09,mediapart_d25_s6_noms_propres_n2000_e5000_log_g2,mediapart,25,6,noms_propres,2000,_s3,918,210,728,6,45,0,677,51,17,0.3400,40.96,0.8193,0.1417,0.2380,0.3486,1.984,0.2218,1.073,0.055723,0.045762,0.040167,0.033725,0.032609,0.030061,1,0.1967,1.210
2026-07-31T20:16:11,mediapart_d50_s4_tous_n2000_e5000_log_g2,mediapart,50,4,tous,2000,_s3,31232,7256,23451,406,1117,0,5000,101,40,0.4000,92.33,0.9233,0.0638,0.1108,0.1644,1.846,0.0995,1.113,0.024186,0.020866,0.018743,0.016716,0.015632,0.014617,1,0.0923,1.200
2026-07-31T20:16:13,mediapart_d50_s4_sans_verbes_n2000_e5000_log_g2,mediapart,50,4,sans_verbes,2000,_s3,29154,6153,21548,345,1056,0,5000,101,41,0.4100,92.51,0.9251,0.0635,0.1097,0.1628,1.828,0.0991,1.106,0.024497,0.021016,0.018009,0.016439,0.015326,0.014392,1,0.0919,1.193
2026-07-31T20:16:16,mediapart_d50_s4_noms_n2000_e5000_log_g2,mediapart,50,4,noms,2000,_s3,26160,5117,19074,283,956,0,5000,101,41,0.4100,93.02,0.9302,0.0614,0.1076,0.1607,1.794,0.0972,1.108,0.023749,0.019742,0.017948,0.016482,0.015157,0.014542,1,0.0912,1.180
2026-07-31T20:16:18,mediapart_d50_s4_noms_propres_n2000_e5000_log_g2,mediapart,50,4,noms_propres,2000,_s3,3039,501,2113,24,126,0,1963,101,36,0.3600,84.69,0.8469,0.0817,0.1360,0.1951,2.267,0.1229,1.107,0.032385,0.025596,0.023764,0.019373,0.017760,0.017156,1,0.1052,1.294
2026-07-31T20:16:19,mediapart_d50_s6_tous_n2000_e5000_log_g2,mediapart,50,6,tous,2000,_s3,9225,2647,6296,86,351,0,5000,101,40,0.4000,91.58,0.9158,0.0674,0.1135,0.1675,1.892,0.1034,1.098,0.024824,0.022097,0.020485,0.016101,0.015381,0.014638,1,0.0915,1.241
2026-07-31T20:16:22,mediapart_d50_s6_sans_verbes_n2000_e5000_log_g2,mediapart,50,6,sans_verbes,2000,_s3,8967,2467,6053,83,338,0,5000,101,40,0.4000,91.77,0.9177,0.0666,0.1130,0.1666,1.883,0.1033,1.094,0.024584,0.021720,0.020333,0.016195,0.015422,0.014700,1,0.0916,1.234
2026-07-31T20:16:24,mediapart_d50_s6_noms_n2000_e5000_log_g2,mediapart,50,6,noms,2000,_s3,8229,2183,5489,77,317,0,5000,101,40,0.4000,91.66,0.9166,0.0671,0.1134,0.1673,1.891,0.1032,1.099,0.024853,0.021872,0.020416,0.016142,0.015295,0.014862,1,0.0919,1.234
2026-07-31T20:16:26,mediapart_d50_s6_noms_propres_n2000_e5000_log_g2,mediapart,50,6,noms_propres,2000,_s3,918,209,659,9,42,0,608,101,30,0.3000,75.39,0.7539,0.0917,0.1528,0.2249,2.547,0.1424,1.073,0.036602,0.029323,0.025804,0.021923,0.019938,0.019257,1,0.1228,1.245
2026-07-31T20:16:28,mediapart3j_d10_s4_tous_n0_e5000_log_g2,mediapart3j,10,4,tous,0,_s3,12059,5204,10646,82,0,0,5000,21,9,0.4500,19.47,0.9735,0.1941,0.3570,0.5578,1.190,0.3256,1.097,0.071541,0.064521,0.058039,0.055651,0.053924,0.053325,1,0.3491,1.023
2026-07-31T20:16:30,mediapart3j_d10_s4_sans_verbes_n0_e5000_log_g2,mediapart3j,10,4,sans_verbes,0,_s3,11300,4660,9939,75,0,0,5000,21,9,0.4500,19.48,0.9742,0.1923,0.3560,0.5569,1.187,0.3227,1.103,0.070969,0.064094,0.057281,0.055463,0.054500,0.053721,1,0.3475,1.025
2026-07-31T20:16:31,mediapart3j_d10_s4_noms_n0_e5000_log_g2,mediapart3j,10,4,noms,0,_s3,10024,3999,8814,65,0,0,5000,21,9,0.4500,19.52,0.9758,0.1920,0.3546,0.5547,1.182,0.3232,1.097,0.069918,0.064654,0.057464,0.055779,0.053623,0.053179,1,0.3471,1.022
2026-07-31T20:16:33,mediapart3j_d10_s4_noms_propres_n0_e5000_log_g2,mediapart3j,10,4,noms_propres,0,_s3,1135,405,970,2,0,0,968,21,9,0.4500,18.87,0.9437,0.2177,0.3865,0.5873,1.288,0.3514,1.100,0.087401,0.070468,0.059846,0.058385,0.057452,0.052904,0,0.3789,1.020
2026-07-31T20:16:34,mediapart3j_d10_s6_tous_n0_e5000_log_g2,mediapart3j,10,6,tous,0,_s3,2772,1568,2469,13,0,0,2456,21,9,0.4500,19.30,0.9651,0.1994,0.3657,0.5706,1.219,0.3372,1.084,0.074915,0.065797,0.058696,0.057292,0.055074,0.053886,0,0.3558,1.028
2026-07-31T20:16:35,mediapart3j_d10_s6_sans_verbes_n0_e5000_log_g2,mediapart3j,10,6,sans_verbes,0,_s3,2675,1488,2374,13,0,0,2361,21,9,0.4500,19.29,0.9647,0.1998,0.3660,0.5701,1.220,0.3342,1.095,0.075535,0.065143,0.059094,0.057459,0.054804,0.053996,0,0.3576,1.024
2026-07-31T20:16:37,mediapart3j_d10_s6_noms_n0_e5000_log_g2,mediapart3j,10,6,noms,0,_s3,2390,1327,2129,11,0,0,2118,21,9,0.4500,19.27,0.9634,0.2009,0.3671,0.5721,1.224,0.3370,1.089,0.076142,0.065273,0.059447,0.056964,0.055225,0.054027,0,0.3550,1.034
2026-07-31T20:16:38,mediapart3j_d10_s6_noms_propres_n0_e5000_log_g2,mediapart3j,10,6,noms_propres,0,_s3,273,131,247,0,0,0,247,21,8,0.4000,17.56,0.8779,0.2414,0.4265,0.6435,1.422,0.4067,1.049,0.106016,0.069263,0.066083,0.064403,0.061139,0.059589,0,0.4216,1.012
2026-07-31T20:16:39,mediapart3j_d15_s4_tous_n0_e5000_log_g2,mediapart3j,15,4,tous,0,_s3,12059,5161,10413,161,0,0,5000,31,14,0.4667,29.23,0.9742,0.1394,0.2516,0.3909,1.258,0.2275,1.106,0.052014,0.046031,0.041341,0.038095,0.037560,0.036603,1,0.2485,1.013
2026-07-31T20:16:41,mediapart3j_d15_s4_sans_verbes_n0_e5000_log_g2,mediapart3j,15,4,sans_verbes,0,_s3,11300,4625,9708,143,0,0,5000,31,14,0.4667,29.19,0.9731,0.1397,0.2513,0.3911,1.257,0.2259,1.113,0.052375,0.046090,0.041204,0.038432,0.036926,0.036275,1,0.2501,1.005
2026-07-31T20:16:42,mediapart3j_d15_s4_noms_n0_e5000_log_g2,mediapart3j,15,4,noms,0,_s3,10024,3979,8602,114,0,0,5000,31,14,0.4667,29.17,0.9722,0.1407,0.2517,0.3912,1.259,0.2257,1.116,0.053362,0.047171,0.040159,0.037330,0.037128,0.036589,1,0.2463,1.022
2026-07-31T20:16:44,mediapart3j_d15_s4_noms_propres_n0_e5000_log_g2,mediapart3j,15,4,noms_propres,0,_s3,1135,405,942,6,0,0,936,31,12,0.4000,27.71,0.9237,0.1633,0.2865,0.4374,1.432,0.2598,1.103,0.065473,0.054096,0.043732,0.043222,0.040455,0.039493,0,0.2796,1.025
2026-07-31T20:16:45,mediapart3j_d15_s6_tous_n0_e5000_log_g2,mediapart3j,15,6,tous,0,_s3,2772,1564,2407,25,0,0,2382,31,13,0.4333,28.90,0.9632,0.1427,0.2594,0.4055,1.297,0.2399,1.081,0.055670,0.044714,0.042295,0.039650,0.039256,0.037803,0,0.2534,1.023
2026-07-31T20:16:46,mediapart3j_d15_s6_sans_verbes_n0_e5000_log_g2,mediapart3j,15,6,sans_verbes,0,_s3,2675,1484,2312,25,0,0,2287,31,13,0.4333,28.88,0.9627,0.1429,0.2597,0.4056,1.299,0.2395,1.084,0.056193,0.044260,0.042408,0.039546,0.039360,0.037937,0,0.2540,1.022
2026-07-31T20:16:48,mediapart3j_d15_s6_noms_n0_e5000_log_g2,mediapart3j,15,6,noms,0,_s3,2390,1325,2073,19,0,0,2054,31,13,0.4333,28.84,0.9614,0.1438,0.2606,0.4066,1.303,0.2429,1.073,0.056480,0.044460,0.042836,0.039813,0.038862,0.038138,0,0.2537,1.027
2026-07-31T20:16:49,mediapart3j_d15_s6_noms_propres_n0_e5000_log_g2,mediapart3j,15,6,noms_propres,0,_s3,273,131,237,2,0,0,235,31,11,0.3667,25.53,0.8511,0.1846,0.3250,0.4934,1.625,0.3194,1.018,0.075063,0.056306,0.053239,0.048436,0.046991,0.044963,0,0.3206,1.014
2026-07-31T20:16:51,mediapart3j_d25_s4_tous_n0_e5000_log_g2,mediapart3j,25,4,tous,0,_s3,12059,5135,10039,231,0,0,5000,51,22,0.4400,48.24,0.9648,0.0943,0.1673,0.2569,1.394,0.1471,1.137,0.037402,0.029836,0.027095,0.025453,0.024175,0.023310,1,0.1653,1.012
2026-07-31T20:16:52,mediapart3j_d25_s4_sans_verbes_n0_e5000_log_g2,mediapart3j,25,4,sans_verbes,0,_s3,11300,4601,9340,210,0,0,5000,51,22,0.4400,48.29,0.9658,0.0938,0.1661,0.2563,1.384,0.1462,1.136,0.037088,0.030255,0.026494,0.024651,0.024274,0.023315,1,0.1650,1.007
2026-07-31T20:16:54,mediapart3j_d25_s4_noms_n0_e5000_log_g2,mediapart3j,25,4,noms,0,_s3,10024,3962,8258,168,0,0,5000,51,22,0.4400,48.13,0.9626,0.0959,0.1678,0.2574,1.399,0.1464,1.146,0.038332,0.030968,0.026606,0.024682,0.024078,0.023181,1,0.1674,1.003
2026-07-31T20:16:55,mediapart3j_d25_s4_noms_propres_n0_e5000_log_g2,mediapart3j,25,4,noms_propres,0,_s3,1135,405,892,7,0,0,885,51,19,0.3800,44.57,0.8913,0.1172,0.2024,0.3052,1.687,0.1808,1.120,0.048095,0.037859,0.031264,0.030220,0.028246,0.026729,0,0.1963,1.031
2026-07-31T20:16:56,mediapart3j_d25_s6_tous_n0_e5000_log_g2,mediapart3j,25,6,tous,0,_s3,2772,1556,2335,41,0,0,2294,51,21,0.4200,47.58,0.9515,0.0964,0.1730,0.2684,1.442,0.1586,1.091,0.039036,0.029274,0.028086,0.025963,0.025432,0.025250,0,0.1684,1.028
2026-07-31T20:16:57,mediapart3j_d25_s6_sans_verbes_n0_e5000_log_g2,mediapart3j,25,6,sans_verbes,0,_s3,2675,1477,2240,40,0,0,2200,51,21,0.4200,47.53,0.9505,0.0966,0.1734,0.2690,1.445,0.1585,1.094,0.039412,0.029305,0.027860,0.026197,0.025472,0.025142,0,0.1689,1.026
2026-07-31T20:16:59,mediapart3j_d25_s6_noms_n0_e5000_log_g2,mediapart3j,25,6,noms,0,_s3,2390,1318,2006,32,0,0,1974,51,21,0.4200,47.38,0.9476,0.0973,0.1747,0.2706,1.456,0.1607,1.087,0.039799,0.029324,0.028178,0.026698,0.025571,0.025172,0,0.1702,1.027
2026-07-31T20:17:00,mediapart3j_d25_s6_noms_propres_n0_e5000_log_g2,mediapart3j,25,6,noms_propres,0,_s3,273,131,228,2,0,0,226,51,16,0.3200,39.24,0.7848,0.1340,0.2410,0.3648,2.008,0.2230,1.081,0.052001,0.043032,0.038995,0.036958,0.035818,0.034201,0,0.2280,1.057
2026-07-31T20:17:02,mediapart3j_d50_s4_tous_n0_e5000_log_g2,mediapart3j,50,4,tous,0,_s3,12059,5024,9378,470,0,0,5000,101,43,0.4300,95.52,0.9552,0.0534,0.0942,0.1447,1.570,0.0815,1.156,0.022164,0.016879,0.014389,0.014143,0.013488,0.013149,1,0.0927,1.016
2026-07-31T20:17:03,mediapart3j_d50_s4_sans_verbes_n0_e5000_log_g2,mediapart3j,50,4,sans_verbes,0,_s3,11300,4524,8695,405,0,0,5000,101,43,0.4300,95.35,0.9535,0.0543,0.0958,0.1465,1.597,0.0815,1.176,0.022284,0.017302,0.014693,0.014129,0.014031,0.013391,1,0.0935,1.025
2026-07-31T20:17:06,mediapart3j_d50_s4_noms_n0_e5000_log_g2,mediapart3j,50,4,noms,0,_s3,10024,3906,7675,334,0,0,5000,101,43,0.4300,95.17,0.9517,0.0552,0.0962,0.1466,1.603,0.0817,1.177,0.023216,0.017360,0.014612,0.014102,0.013564,0.013298,1,0.0941,1.021
2026-07-31T20:17:07,mediapart3j_d50_s4_noms_propres_n0_e5000_log_g2,mediapart3j,50,4,noms_propres,0,_s3,1135,399,813,23,0,0,790,101,34,0.3400,82.31,0.8231,0.0763,0.1303,0.1951,2.172,0.1102,1.182,0.033080,0.023277,0.019939,0.018570,0.018066,0.017359,0,0.1205,1.081
2026-07-31T20:17:08,mediapart3j_d50_s6_tous_n0_e5000_log_g2,mediapart3j,50,6,tous,0,_s3,2772,1528,2216,80,0,0,2136,101,40,0.4000,92.73,0.9273,0.0565,0.1011,0.1566,1.686,0.0913,1.108,0.023766,0.016984,0.015715,0.015601,0.014711,0.014368,0,0.0978,1.034
2026-07-31T20:17:10,mediapart3j_d50_s6_sans_verbes_n0_e5000_log_g2,mediapart3j,50,6,sans_verbes,0,_s3,2675,1452,2123,76,0,0,2047,101,40,0.4000,92.50,0.9250,0.0569,0.1017,0.1574,1.695,0.0911,1.116,0.024046,0.017076,0.015797,0.015533,0.014872,0.014350,0,0.0980,1.038
2026-07-31T20:17:11,mediapart3j_d50_s6_noms_n0_e5000_log_g2,mediapart3j,50,6,noms,0,_s3,2390,1296,1902,65,0,0,1837,101,39,0.3900,91.98,0.9198,0.0576,0.1028,0.1589,1.714,0.0919,1.119,0.024420,0.017079,0.016087,0.015604,0.015124,0.014520,0,0.0985,1.044
2026-07-31T20:17:12,mediapart3j_d50_s6_noms_propres_n0_e5000_log_g2,mediapart3j,50,6,noms_propres,0,_s3,273,128,213,8,0,0,205,101,24,0.2400,63.32,0.6332,0.0936,0.1709,0.2614,2.849,0.1597,1.070,0.035586,0.029463,0.028598,0.027215,0.025133,0.024949,0,0.1599,1.069
2026-07-31T20:17:14,mediapart7j_d10_s4_tous_n0_e5000_log_g2,mediapart7j,10,4,tous,0,_s3,6571,3665,5645,162,0,0,5000,21,9,0.4500,18.91,0.9457,0.2141,0.3779,0.5762,1.260,0.3321,1.138,0.084409,0.069556,0.060172,0.058002,0.054688,0.051115,0,0.3762,1.005
2026-07-31T20:17:15,mediapart7j_d10_s4_sans_verbes_n0_e5000_log_g2,mediapart7j,10,4,sans_verbes,0,_s3,6139,3364,5273,148,0,0,5000,21,9,0.4500,18.90,0.9450,0.2157,0.3790,0.5770,1.263,0.3332,1.137,0.084649,0.069734,0.061278,0.057208,0.054797,0.051301,0,0.3779,1.003
2026-07-31T20:17:17,mediapart7j_d10_s4_noms_n0_e5000_log_g2,mediapart7j,10,4,noms,0,_s3,5458,2964,4694,120,0,0,4574,21,9,0.4500,18.89,0.9447,0.2159,0.3790,0.5782,1.263,0.3359,1.128,0.084758,0.069521,0.061622,0.057145,0.054799,0.051151,0,0.3782,1.002
2026-07-31T20:17:18,mediapart7j_d10_s4_noms_propres_n0_e5000_log_g2,mediapart7j,10,4,noms_propres,0,_s3,622,327,512,4,0,0,508,21,8,0.4000,17.88,0.8938,0.2496,0.4303,0.6273,1.434,0.3753,1.147,0.095530,0.082884,0.071139,0.063033,0.059616,0.058122,0,0.4231,1.017
2026-07-31T20:17:19,mediapart7j_d10_s6_tous_n0_e5000_log_g2,mediapart7j,10,6,tous,0,_s3,1485,1010,1307,37,0,0,1270,21,8,0.4000,18.58,0.9290,0.2271,0.3959,0.5981,1.320,0.3581,1.106,0.089215,0.070530,0.067312,0.059204,0.055595,0.054065,0,0.3886,1.019
2026-07-31T20:17:20,mediapart7j_d10_s6_sans_verbes_n0_e5000_log_g2,mediapart7j,10,6,sans_verbes,0,_s3,1405,954,1238,35,0,0,1203,21,8,0.4000,18.55,0.9273,0.2277,0.3980,0.6004,1.327,0.3633,1.096,0.089145,0.071679,0.066886,0.058776,0.056668,0.054879,0,0.3887,1.024
2026-07-31T20:17:21,mediapart7j_d10_s6_noms_n0_e5000_log_g2,mediapart7j,10,6,noms,0,_s3,1254,855,1106,29,0,0,1077,21,8,0.4000,18.54,0.9268,0.2283,0.4001,0.6022,1.334,0.3646,1.097,0.088208,0.071874,0.068233,0.059663,0.057411,0.054716,0,0.3875,1.033
2026-07-31T20:17:22,mediapart7j_d10_s6_noms_propres_n0_e5000_log_g2,mediapart7j,10,6,noms_propres,0,_s3,134,80,100,1,0,0,99,21,7,0.3500,16.25,0.8124,0.2769,0.4833,0.7014,1.611,0.4700,1.028,0.097956,0.094791,0.084135,0.072711,0.067435,0.066249,0,0.4658,1.037
2026-07-31T20:17:24,mediapart7j_d15_s4_tous_n0_e5000_log_g2,mediapart7j,15,4,tous,0,_s3,6571,3618,5505,235,0,0,5000,31,13,0.4333,28.38,0.9461,0.1561,0.2716,0.4112,1.358,0.2360,1.151,0.063081,0.049854,0.043162,0.040045,0.038613,0.036836,0,0.2724,0.997
2026-07-31T20:17:25,mediapart7j_d15_s4_sans_verbes_n0_e5000_log_g2,mediapart7j,15,4,sans_verbes,0,_s3,6139,3326,5136,213,0,0,4923,31,13,0.4333,28.33,0.9442,0.1576,0.2730,0.4123,1.365,0.2372,1.151,0.063999,0.050381,0.043206,0.039940,0.038642,0.036882,0,0.2733,0.999
2026-07-31T20:17:26,mediapart7j_d15_s4_noms_n0_e5000_log_g2,mediapart7j,15,4,noms,0,_s3,5458,2939,4570,168,0,0,4402,31,13,0.4333,28.28,0.9428,0.1584,0.2736,0.4139,1.368,0.2372,1.154,0.064410,0.050638,0.043372,0.039805,0.038525,0.036880,0,0.2737,1.000
2026-07-31T20:17:28,mediapart7j_d15_s4_noms_propres_n0_e5000_log_g2,mediapart7j,15,4,noms_propres,0,_s3,622,324,499,9,0,0,490,31,11,0.3667,25.64,0.8547,0.1968,0.3313,0.4819,1.657,0.2850,1.163,0.080105,0.064690,0.052013,0.046639,0.044610,0.043272,0,0.3247,1.020
2026-07-31T20:17:29,mediapart7j_d15_s6_tous_n0_e5000_log_g2,mediapart7j,15,6,tous,0,_s3,1485,1001,1276,48,0,0,1228,31,12,0.4000,27.67,0.9225,0.1677,0.2891,0.4361,1.445,0.2599,1.112,0.066567,0.052914,0.048231,0.042894,0.039863,0.038600,0,0.2802,1.032
2026-07-31T20:17:30,mediapart7j_d15_s6_sans_verbes_n0_e5000_log_g2,mediapart7j,15,6,sans_verbes,0,_s3,1405,947,1208,45,0,0,1163,31,12,0.4000,27.62,0.9206,0.1681,0.2900,0.4380,1.450,0.2636,1.100,0.066955,0.053116,0.048027,0.042656,0.040432,0.038856,0,0.2813,1.031
2026-07-31T20:17:32,mediapart7j_d15_s6_noms_n0_e5000_log_g2,mediapart7j,15,6,noms,0,_s3,1254,848,1078,39,0,0,1039,31,12,0.4000,27.56,0.9186,0.1690,0.2918,0.4412,1.459,0.2628,1.110,0.066970,0.053800,0.048185,0.043172,0.040548,0.039119,0,0.2856,1.022
2026-07-31T20:17:33,mediapart7j_d15_s6_noms_propres_n0_e5000_log_g2,mediapart7j,15,6,noms_propres,0,_s3,134,78,97,3,0,0,94,31,9,0.3000,22.22,0.7407,0.2224,0.3875,0.5639,1.937,0.3900,0.994,0.082477,0.074047,0.065905,0.059067,0.056311,0.049687,0,0.3898,0.994
2026-07-31T20:17:34,mediapart7j_d25_s4_tous_n0_e5000_log_g2,mediapart7j,25,4,tous,0,_s3,6571,3527,5299,384,0,0,4915,51,22,0.4400,47.27,0.9454,0.1031,0.1795,0.2707,1.496,0.1515,1.185,0.042989,0.032579,0.027521,0.026786,0.025202,0.024472,0,0.1800,0.997
2026-07-31T20:17:35,mediapart7j_d25_s4_sans_verbes_n0_e5000_log_g2,mediapart7j,25,4,sans_verbes,0,_s3,6139,3251,4936,344,0,0,4592,51,22,0.4400,47.13,0.9425,0.1045,0.1810,0.2726,1.509,0.1525,1.187,0.043712,0.033076,0.027672,0.026922,0.025345,0.024321,0,0.1824,0.993
2026-07-31T20:17:37,mediapart7j_d25_s4_noms_n0_e5000_log_g2,mediapart7j,25,4,noms,0,_s3,5458,2869,4388,287,0,0,4101,51,21,0.4200,47.04,0.9407,0.1049,0.1820,0.2741,1.517,0.1537,1.184,0.043981,0.033266,0.027685,0.027060,0.025669,0.024348,0,0.1823,0.999
2026-07-31T20:17:39,mediapart7j_d25_s4_noms_propres_n0_e5000_log_g2,mediapart7j,25,4,noms_propres,0,_s3,622,316,479,23,0,0,456,51,17,0.3400,40.33,0.8066,0.1420,0.2372,0.3490,1.976,0.1995,1.189,0.062166,0.044913,0.034899,0.033395,0.031401,0.030403,0,0.2323,1.021
2026-07-31T20:17:40,mediapart7j_d25_s6_tous_n0_e5000_log_g2,mediapart7j,25,6,tous,0,_s3,1485,975,1245,78,0,0,1167,51,20,0.4000,45.66,0.9132,0.1103,0.1939,0.2942,1.616,0.1720,1.127,0.044321,0.034667,0.031313,0.029253,0.028079,0.026239,0,0.1886,1.028
2026-07-31T20:17:41,mediapart7j_d25_s6_sans_verbes_n0_e5000_log_g2,mediapart7j,25,6,sans_verbes,0,_s3,1405,924,1178,72,0,0,1106,51,20,0.4000,45.52,0.9104,0.1110,0.1950,0.2961,1.625,0.1750,1.115,0.044623,0.034711,0.031630,0.029466,0.028320,0.026297,0,0.1893,1.030
2026-07-31T20:17:42,mediapart7j_d25_s6_noms_n0_e5000_log_g2,mediapart7j,25,6,noms,0,_s3,1254,827,1051,64,0,0,987,51,19,0.3800,45.33,0.9066,0.1115,0.1975,0.2986,1.646,0.1766,1.119,0.044457,0.035392,0.031604,0.030622,0.028676,0.026792,0,0.1897,1.041
2026-07-31T20:17:43,mediapart7j_d25_s6_noms_propres_n0_e5000_log_g2,mediapart7j,25,6,noms_propres,0,_s3,134,77,95,4,0,0,91,51,12,0.2400,31.57,0.6313,0.1722,0.3026,0.4452,2.521,0.2831,1.069,0.065499,0.055221,0.051491,0.045578,0.044308,0.040469,0,0.3059,0.989
2026-07-31T20:17:45,mediapart7j_d50_s4_tous_n0_e5000_log_g2,mediapart7j,50,4,tous,0,_s3,6571,3379,4949,624,0,0,4325,101,41,0.4100,92.61,0.9261,0.0645,0.1074,0.1593,1.789,0.0843,1.274,0.027895,0.020095,0.016500,0.014929,0.014442,0.013506,1,0.1061,1.012
2026-07-31T20:17:47,mediapart7j_d50_s4_sans_verbes_n0_e5000_log_g2,mediapart7j,50,4,sans_verbes,0,_s3,6139,3110,4599,573,0,0,4026,101,41,0.4100,92.18,0.9218,0.0656,0.1089,0.1612,1.815,0.0848,1.284,0.028454,0.020483,0.016712,0.014985,0.014521,0.013741,1,0.1072,1.015
2026-07-31T20:17:48,mediapart7j_d50_s4_noms_n0_e5000_log_g2,mediapart7j,50,4,noms,0,_s3,5458,2746,4078,491,0,0,3587,101,41,0.4100,91.74,0.9174,0.0666,0.1103,0.1632,1.839,0.0860,1.283,0.028772,0.020941,0.016909,0.015072,0.014717,0.013933,1,0.1080,1.021
2026-07-31T20:17:49,mediapart7j_d50_s4_noms_propres_n0_e5000_log_g2,mediapart7j,50,4,noms_propres,0,_s3,622,296,443,51,0,0,392,101,28,0.2800,68.94,0.6894,0.1039,0.1666,0.2406,2.777,0.1287,1.294,0.048438,0.030596,0.024879,0.021837,0.020982,0.019861,0,0.1598,1.043
2026-07-31T20:17:51,mediapart7j_d50_s6_tous_n0_e5000_log_g2,mediapart7j,50,6,tous,0,_s3,1485,929,1184,132,0,0,1052,101,36,0.3600,86.50,0.8650,0.0697,0.1207,0.1818,2.011,0.1041,1.160,0.028577,0.022497,0.018653,0.018004,0.016737,0.016205,0,0.1154,1.046
2026-07-31T20:17:52,mediapart7j_d50_s6_sans_verbes_n0_e5000_log_g2,mediapart7j,50,6,sans_verbes,0,_s3,1405,878,1120,125,0,0,995,101,35,0.3500,85.91,0.8591,0.0708,0.1223,0.1837,2.038,0.1039,1.177,0.029004,0.022826,0.019013,0.018360,0.016846,0.016247,0,0.1168,1.047
2026-07-31T20:17:53,mediapart7j_d50_s6_noms_n0_e5000_log_g2,mediapart7j,50,6,noms,0,_s3,1254,787,1001,110,0,0,891,101,35,0.3500,85.06,0.8506,0.0719,0.1242,0.1868,2.070,0.1067,1.164,0.029250,0.023127,0.019548,0.018514,0.017333,0.016410,0,0.1205,1.031
2026-07-31T20:17:54,mediapart7j_d50_s6_noms_propres_n0_e5000_log_g2,mediapart7j,50,6,noms_propres,0,_s3,134,73,94,10,0,0,84,101,17,0.1700,43.74,0.4374,0.1311,0.2354,0.3528,3.923,0.2308,1.020,0.051404,0.042239,0.037429,0.037014,0.034886,0.032385,0,0.2343,1.005
2026-07-31T20:17:59,lemonde_d10_s4_tous_n5000_e5000_g3,lemonde,10,4,tous,5000,_s3,164258,9816,127434,120,1548,0,5000,21,8,0.4000,17.30,0.8650,0.2740,0.4393,0.6258,1.464,0.3777,1.163,0.111742,0.090153,0.072124,0.058581,0.054894,0.051785,4,0.3722,1.180
2026-07-31T20:18:04,lemonde_d10_s4_sans_verbes_n5000_e5000_g3,lemonde,10,4,sans_verbes,5000,_s3,153204,7847,117598,115,1507,0,5000,21,8,0.4000,17.21,0.8603,0.2742,0.4447,0.6320,1.482,0.3819,1.164,0.112643,0.090321,0.071201,0.060674,0.056632,0.053231,4,0.3767,1.180
2026-07-31T20:18:08,lemonde_d10_s4_noms_n5000_e5000_g3,lemonde,10,4,noms,5000,_s3,136633,6256,104219,102,1410,0,5000,21,8,0.4000,17.07,0.8533,0.2792,0.4455,0.6295,1.485,0.3869,1.151,0.118304,0.087462,0.073391,0.058173,0.054710,0.053412,4,0.3748,1.189
2026-07-31T20:18:12,lemonde_d10_s4_noms_propres_n5000_e5000_g3,lemonde,10,4,noms_propres,5000,_s3,15829,511,10294,11,183,0,5000,21,6,0.3000,14.97,0.7484,0.3368,0.5063,0.6774,1.688,0.4162,1.217,0.140791,0.108826,0.087138,0.061198,0.055289,0.053102,3,0.4121,1.229
2026-07-31T20:18:16,lemonde_d10_s6_tous_n5000_e5000_g3,lemonde,10,6,tous,5000,_s3,40619,7206,32541,34,668,0,5000,21,6,0.3000,14.93,0.7467,0.3333,0.5077,0.6775,1.692,0.4247,1.195,0.144292,0.106887,0.082141,0.062841,0.059575,0.051951,3,0.3858,1.316
2026-07-31T20:18:20,lemonde_d10_s6_sans_verbes_n5000_e5000_g3,lemonde,10,6,sans_verbes,5000,_s3,38449,6292,30625,33,659,0,5000,21,6,0.3000,14.59,0.7297,0.3402,0.5088,0.6804,1.696,0.4275,1.190,0.153542,0.105235,0.081433,0.060397,0.057638,0.050571,3,0.3859,1.318
2026-07-31T20:18:24,lemonde_d10_s6_noms_n5000_e5000_g3,lemonde,10,6,noms,5000,_s3,34507,5324,27424,30,628,0,5000,21,6,0.3000,14.52,0.7259,0.3443,0.5142,0.6848,1.714,0.4305,1.194,0.152412,0.106588,0.085283,0.059842,0.057513,0.052520,3,0.3881,1.325
2026-07-31T20:18:28,lemonde_d10_s6_noms_propres_n5000_e5000_g3,lemonde,10,6,noms_propres,5000,_s3,4505,477,3144,3,97,0,3044,21,5,0.2500,12.53,0.6265,0.4019,0.5710,0.7291,1.903,0.4545,1.256,0.173621,0.123186,0.105064,0.060690,0.056698,0.051709,2,0.4260,1.340
2026-07-31T20:18:32,lemonde_d15_s4_tous_n5000_e5000_g3,lemonde,15,4,tous,5000,_s3,164258,9816,123469,155,1506,0,5000,31,11,0.3667,25.09,0.8362,0.2109,0.3387,0.4798,1.693,0.2911,1.164,0.093185,0.064376,0.053304,0.046823,0.041601,0.039408,4,0.2707,1.251
2026-07-31T20:18:37,lemonde_d15_s4_sans_verbes_n5000_e5000_g3,lemonde,15,4,sans_verbes,5000,_s3,153204,7847,113769,146,1465,0,5000,31,11,0.3667,25.52,0.8508,0.2054,0.3319,0.4752,1.659,0.2872,1.156,0.088649,0.062574,0.054169,0.045508,0.042604,0.038382,4,0.2666,1.245
2026-07-31T20:18:41,lemonde_d15_s4_noms_n5000_e5000_g3,lemonde,15,4,noms,5000,_s3,136633,6256,100721,130,1373,0,5000,31,11,0.3667,25.26,0.8422,0.2075,0.3394,0.4818,1.697,0.2891,1.174,0.090241,0.061938,0.055368,0.048352,0.044300,0.039160,3,0.2698,1.258
2026-07-31T20:18:45,lemonde_d15_s4_noms_propres_n5000_e5000_g3,lemonde,15,4,noms_propres,5000,_s3,15829,511,9839,16,177,0,5000,31,9,0.3000,20.25,0.6750,0.2815,0.4176,0.5542,2.088,0.3406,1.226,0.127605,0.085022,0.068845,0.050646,0.044450,0.041064,3,0.3081,1.355
2026-07-31T20:18:49,lemonde_d15_s6_tous_n5000_e5000_g3,lemonde,15,6,tous,5000,_s3,40619,7206,31855,44,650,0,5000,31,9,0.3000,20.96,0.6986,0.2667,0.4022,0.5425,2.011,0.3394,1.185,0.125793,0.079403,0.061500,0.049051,0.046120,0.040291,3,0.2772,1.451
2026-07-31T20:18:53,lemonde_d15_s6_sans_verbes_n5000_e5000_g3,lemonde,15,6,sans_verbes,5000,_s3,38449,6292,29963,42,641,0,5000,31,9,0.3000,20.51,0.6836,0.2736,0.4090,0.5439,2.045,0.3403,1.202,0.130586,0.079106,0.063935,0.050579,0.044939,0.039820,3,0.2812,1.454
2026-07-31T20:18:57,lemonde_d15_s6_noms_n5000_e5000_g3,lemonde,15,6,noms,5000,_s3,34507,5324,26826,39,613,0,5000,31,9,0.3000,20.39,0.6798,0.2766,0.4103,0.5459,2.051,0.3371,1.217,0.130616,0.081118,0.064840,0.048817,0.045717,0.039154,3,0.2806,1.462
2026-07-31T20:19:00,lemonde_d15_s6_noms_propres_n5000_e5000_g3,lemonde,15,6,noms_propres,5000,_s3,4505,477,3051,5,94,0,2952,31,7,0.2333,16.35,0.5451,0.3427,0.4841,0.6181,2.421,0.3814,1.269,0.159216,0.098035,0.085499,0.052365,0.046211,0.042777,3,0.3212,1.507
2026-07-31T20:19:05,lemonde_d25_s4_tous_n5000_e5000_g3,lemonde,25,4,tous,5000,_s3,164258,9816,117949,215,1448,0,5000,51,18,0.3600,40.13,0.8026,0.1534,0.2467,0.3458,2.056,0.2085,1.183,0.072685,0.042811,0.037866,0.036263,0.029376,0.027718,4,0.1823,1.353
2026-07-31T20:19:12,lemonde_d25_s4_sans_verbes_n5000_e5000_g3,lemonde,25,4,sans_verbes,5000,_s3,153204,7847,108434,203,1408,0,5000,51,18,0.3600,38.57,0.7713,0.1626,0.2594,0.3571,2.162,0.2201,1.178,0.079071,0.044463,0.039092,0.038311,0.029928,0.028528,6,0.1884,1.377
2026-07-31T20:19:19,lemonde_d25_s4_noms_n5000_e5000_g3,lemonde,25,4,noms,5000,_s3,136633,6256,95905,182,1317,0,5000,51,18,0.3600,39.02,0.7805,0.1613,0.2545,0.3523,2.121,0.2169,1.173,0.077815,0.043420,0.040054,0.035729,0.029131,0.028327,5,0.1837,1.385
2026-07-31T20:19:23,lemonde_d25_s4_noms_propres_n5000_e5000_g3,lemonde,25,4,noms_propres,5000,_s3,15829,511,9304,22,169,0,5000,51,14,0.2800,30.15,0.6030,0.2199,0.3288,0.4319,2.740,0.2666,1.233,0.108127,0.061278,0.050532,0.043061,0.034402,0.031375,3,0.2236,1.470
2026-07-31T20:19:27,lemonde_d25_s6_tous_n5000_e5000_g3,lemonde,25,6,tous,5000,_s3,40619,7204,30928,68,624,0,5000,51,15,0.3000,30.89,0.6179,0.2111,0.3138,0.4144,2.615,0.2600,1.207,0.110262,0.055412,0.045410,0.041479,0.032084,0.029142,3,0.1939,1.618
2026-07-31T20:19:31,lemonde_d25_s6_sans_verbes_n5000_e5000_g3,lemonde,25,6,sans_verbes,5000,_s3,38449,6290,29058,66,615,0,5000,51,14,0.2800,29.92,0.5985,0.2192,0.3229,0.4227,2.691,0.2651,1.218,0.113703,0.057931,0.047614,0.041345,0.032377,0.029898,3,0.1974,1.635
2026-07-31T20:19:36,lemonde_d25_s6_noms_n5000_e5000_g3,lemonde,25,6,noms,5000,_s3,34507,5322,26017,60,589,0,5000,51,14,0.2800,30.38,0.6075,0.2153,0.3194,0.4206,2.662,0.2644,1.208,0.111835,0.057085,0.046425,0.041593,0.032879,0.029588,3,0.1978,1.615
2026-07-31T20:19:40,lemonde_d25_s6_noms_propres_n5000_e5000_g3,lemonde,25,6,noms_propres,5000,_s3,4505,477,2950,9,89,0,2852,51,10,0.2000,22.47,0.4494,0.2848,0.4020,0.5080,3.350,0.3148,1.277,0.142033,0.076403,0.066329,0.045899,0.037409,0.033946,3,0.2401,1.674
2026-07-31T20:19:45,lemonde_d50_s4_tous_n5000_e5000_g3,lemonde,50,4,tous,5000,_s3,164258,9815,109086,378,1351,0,5000,101,35,0.3500,74.00,0.7400,0.1111,0.1699,0.2296,2.831,0.1415,1.201,0.054050,0.032246,0.024772,0.022118,0.019438,0.017230,4,0.1134,1.497
2026-07-31T20:19:50,lemonde_d50_s4_sans_verbes_n5000_e5000_g3,lemonde,50,4,sans_verbes,5000,_s3,153204,7846,99888,355,1312,0,5000,101,35,0.3500,72.88,0.7288,0.1140,0.1750,0.2340,2.917,0.1458,1.201,0.054907,0.033128,0.025990,0.022849,0.019786,0.018344,4,0.1166,1.500
2026-07-31T20:19:55,lemonde_d50_s4_noms_n5000_e5000_g3,lemonde,50,4,noms,5000,_s3,136633,6255,88163,314,1226,0,5000,101,34,0.3400,71.13,0.7113,0.1168,0.1782,0.2394,2.971,0.1463,1.218,0.058037,0.031880,0.026845,0.023345,0.020329,0.017805,4,0.1178,1.513
2026-07-31T20:19:59,lemonde_d50_s4_noms_propres_n5000_e5000_g3,lemonde,50,4,noms_propres,5000,_s3,15829,511,8450,31,154,0,5000,101,27,0.2700,50.72,0.5072,0.1653,0.2470,0.3156,4.117,0.1912,1.292,0.086472,0.042647,0.036172,0.032598,0.025914,0.023232,3,0.1529,1.615
2026-07-31T20:20:03,lemonde_d50_s6_tous_n5000_e5000_g3,lemonde,50,6,tous,5000,_s3,40619,7203,29461,108,591,0,5000,101,29,0.2900,54.64,0.5464,0.1539,0.2261,0.2920,3.769,0.1821,1.242,0.083794,0.036854,0.033215,0.028981,0.023124,0.020181,3,0.1272,1.777
2026-07-31T20:20:08,lemonde_d50_s6_sans_verbes_n5000_e5000_g3,lemonde,50,6,sans_verbes,5000,_s3,38449,6289,27632,106,583,0,5000,101,29,0.2900,53.81,0.5381,0.1561,0.2282,0.2927,3.803,0.1829,1.247,0.085729,0.036320,0.034076,0.029303,0.023260,0.019480,3,0.1274,1.791
2026-07-31T20:20:12,lemonde_d50_s6_noms_n5000_e5000_g3,lemonde,50,6,noms,5000,_s3,34507,5322,24755,94,557,0,5000,101,29,0.2900,53.85,0.5385,0.1551,0.2291,0.2950,3.819,0.1822,1.258,0.084988,0.036094,0.034023,0.029982,0.023256,0.020805,3,0.1300,1.763
2026-07-31T20:20:16,lemonde_d50_s6_noms_propres_n5000_e5000_g3,lemonde,50,6,noms_propres,5000,_s3,4505,477,2761,13,81,0,2667,101,19,0.1900,34.88,0.3488,0.2200,0.3144,0.3915,5.240,0.2431,1.293,0.119199,0.053821,0.047006,0.039474,0.029630,0.025286,3,0.1677,1.875
2026-07-31T20:20:19,lemonde3j_d10_s4_tous_n0_e5000_g3,lemonde3j,10,4,tous,0,_s3,76271,8511,51689,183,0,0,5000,21,7,0.3500,15.43,0.7715,0.3190,0.4863,0.6588,1.621,0.3961,1.228,0.140329,0.105832,0.072888,0.062547,0.056016,0.048717,2,0.4268,1.140
2026-07-31T20:20:22,lemonde3j_d10_s4_sans_verbes_n0_e5000_g3,lemonde3j,10,4,sans_verbes,0,_s3,71883,7104,48055,178,0,0,5000,21,7,0.3500,15.37,0.7684,0.3221,0.4925,0.6617,1.642,0.3969,1.241,0.137205,0.110983,0.073943,0.063148,0.056800,0.050435,2,0.4313,1.142
2026-07-31T20:20:25,lemonde3j_d10_s4_noms_n0_e5000_g3,lemonde3j,10,4,noms,0,_s3,64363,5845,42722,160,0,0,5000,21,7,0.3500,15.33,0.7667,0.3222,0.4876,0.6607,1.625,0.3969,1.228,0.140567,0.109054,0.072572,0.061039,0.055355,0.049011,2,0.4292,1.136
2026-07-31T20:20:27,lemonde3j_d10_s4_noms_propres_n0_e5000_g3,lemonde3j,10,4,noms_propres,0,_s3,8546,503,4820,21,0,0,4799,21,5,0.2500,12.77,0.6386,0.3828,0.5651,0.7252,1.884,0.4592,1.231,0.166073,0.137775,0.078969,0.072807,0.060027,0.049448,1,0.4761,1.187
2026-07-31T20:20:29,lemonde3j_d10_s6_tous_n0_e5000_g3,lemonde3j,10,6,tous,0,_s3,20809,5134,14497,81,0,0,5000,21,5,0.2500,12.18,0.6089,0.3992,0.5730,0.7279,1.910,0.4598,1.246,0.182136,0.136515,0.080588,0.065522,0.059035,0.049238,1,0.4526,1.266
2026-07-31T20:20:32,lemonde3j_d10_s6_sans_verbes_n0_e5000_g3,lemonde3j,10,6,sans_verbes,0,_s3,19764,4682,13642,79,0,0,5000,21,5,0.2500,12.18,0.6088,0.3988,0.5692,0.7230,1.897,0.4536,1.255,0.185608,0.132622,0.080620,0.064786,0.058548,0.046991,1,0.4525,1.258
2026-07-31T20:20:34,lemonde3j_d10_s6_noms_n0_e5000_g3,lemonde3j,10,6,noms,0,_s3,17704,4057,12161,71,0,0,5000,21,5,0.2500,11.86,0.5930,0.4074,0.5799,0.7307,1.933,0.4652,1.247,0.188398,0.138225,0.080776,0.066943,0.057862,0.047702,1,0.4600,1.261
2026-07-31T20:20:36,lemonde3j_d10_s6_noms_propres_n0_e5000_g3,lemonde3j,10,6,noms_propres,0,_s3,2757,451,1683,11,0,0,1672,21,4,0.2000,10.17,0.5083,0.4540,0.6484,0.7915,2.161,0.5291,1.225,0.202531,0.162861,0.088600,0.082553,0.063396,0.048413,1,0.5015,1.293
2026-07-31T20:20:39,lemonde3j_d15_s4_tous_n0_e5000_g3,lemonde3j,15,4,tous,0,_s3,76271,8508,49984,212,0,0,5000,31,10,0.3333,22.39,0.7463,0.2510,0.3785,0.5136,1.892,0.3072,1.232,0.113703,0.079898,0.057375,0.047582,0.042168,0.037729,2,0.3253,1.163
2026-07-31T20:20:42,lemonde3j_d15_s4_sans_verbes_n0_e5000_g3,lemonde3j,15,4,sans_verbes,0,_s3,71883,7102,46409,205,0,0,5000,31,10,0.3333,22.18,0.7394,0.2500,0.3828,0.5173,1.914,0.3115,1.229,0.115860,0.080348,0.053783,0.050052,0.042867,0.039906,2,0.3293,1.162
2026-07-31T20:20:44,lemonde3j_d15_s4_noms_n0_e5000_g3,lemonde3j,15,4,noms,0,_s3,64363,5844,41261,182,0,0,5000,31,10,0.3333,21.54,0.7179,0.2593,0.3923,0.5254,1.962,0.3163,1.240,0.121054,0.082343,0.055942,0.049740,0.043801,0.039429,2,0.3360,1.168
2026-07-31T20:20:46,lemonde3j_d15_s4_noms_propres_n0_e5000_g3,lemonde3j,15,4,noms_propres,0,_s3,8546,503,4641,26,0,0,4615,31,7,0.2333,17.38,0.5793,0.3187,0.4685,0.6016,2.342,0.3804,1.232,0.145617,0.109052,0.064080,0.060152,0.048549,0.041043,1,0.3809,1.230
2026-07-31T20:20:49,lemonde3j_d15_s6_tous_n0_e5000_g3,lemonde3j,15,6,tous,0,_s3,20809,5127,14162,88,0,0,5000,31,7,0.2333,16.09,0.5364,0.3383,0.4769,0.6069,2.385,0.3842,1.241,0.168297,0.103050,0.066914,0.053433,0.045923,0.039284,1,0.3547,1.345
2026-07-31T20:20:51,lemonde3j_d15_s6_sans_verbes_n0_e5000_g3,lemonde3j,15,6,sans_verbes,0,_s3,19764,4677,13320,85,0,0,5000,31,7,0.2333,16.02,0.5339,0.3403,0.4787,0.6076,2.393,0.3819,1.253,0.167799,0.106292,0.066233,0.053245,0.045155,0.039970,1,0.3628,1.319
2026-07-31T20:20:54,lemonde3j_d15_s6_noms_n0_e5000_g3,lemonde3j,15,6,noms,0,_s3,17704,4053,11888,78,0,0,5000,31,7,0.2333,16.02,0.5339,0.3396,0.4822,0.6111,2.411,0.3848,1.253,0.165995,0.108156,0.065404,0.055774,0.046886,0.039995,1,0.3656,1.319
2026-07-31T20:20:56,lemonde3j_d15_s6_noms_propres_n0_e5000_g3,lemonde3j,15,6,noms_propres,0,_s3,2757,451,1650,11,0,0,1639,31,5,0.1667,12.86,0.4288,0.3963,0.5624,0.6887,2.812,0.4583,1.227,0.187965,0.133892,0.074450,0.070886,0.053935,0.041290,1,0.4066,1.383
2026-07-31T20:20:59,lemonde3j_d25_s4_tous_n0_e5000_g3,lemonde3j,25,4,tous,0,_s3,76271,8506,47506,286,0,0,5000,51,16,0.3200,35.53,0.7106,0.1845,0.2816,0.3818,2.347,0.2287,1.231,0.089537,0.054746,0.040248,0.037597,0.030342,0.029115,2,0.2369,1.188
2026-07-31T20:21:02,lemonde3j_d25_s4_sans_verbes_n0_e5000_g3,lemonde3j,25,4,sans_verbes,0,_s3,71883,7100,44005,275,0,0,5000,51,16,0.3200,34.46,0.6893,0.1909,0.2889,0.3897,2.407,0.2345,1.232,0.093987,0.055996,0.040909,0.036807,0.031234,0.029949,2,0.2439,1.184
2026-07-31T20:21:04,lemonde3j_d25_s4_noms_n0_e5000_g3,lemonde3j,25,4,noms,0,_s3,64363,5843,39072,246,0,0,5000,51,16,0.3200,33.50,0.6700,0.1964,0.2976,0.3980,2.480,0.2382,1.250,0.096879,0.058694,0.040789,0.039528,0.031980,0.029763,2,0.2496,1.193
2026-07-31T20:21:06,lemonde3j_d25_s4_noms_propres_n0_e5000_g3,lemonde3j,25,4,noms_propres,0,_s3,8546,503,4362,35,0,0,4327,51,11,0.2200,25.62,0.5124,0.2526,0.3710,0.4801,3.092,0.3005,1.235,0.123442,0.080467,0.048712,0.047287,0.038057,0.033039,1,0.2864,1.295
2026-07-31T20:21:08,lemonde3j_d25_s6_tous_n0_e5000_g3,lemonde3j,25,6,tous,0,_s3,20809,5121,13745,109,0,0,5000,51,11,0.2200,23.33,0.4665,0.2697,0.3813,0.4826,3.178,0.3028,1.259,0.143856,0.076446,0.049384,0.044750,0.035208,0.031670,1,0.2701,1.412
2026-07-31T20:21:11,lemonde3j_d25_s6_sans_verbes_n0_e5000_g3,lemonde3j,25,6,sans_verbes,0,_s3,19764,4673,12915,105,0,0,5000,51,11,0.2200,23.69,0.4738,0.2677,0.3780,0.4812,3.150,0.3011,1.255,0.140677,0.078303,0.048754,0.043351,0.034563,0.032365,1,0.2698,1.401
2026-07-31T20:21:13,lemonde3j_d25_s6_noms_n0_e5000_g3,lemonde3j,25,6,noms,0,_s3,17704,4050,11519,94,0,0,5000,51,11,0.2200,23.21,0.4642,0.2737,0.3862,0.4881,3.218,0.3020,1.279,0.141627,0.081046,0.050995,0.044896,0.035236,0.032420,1,0.2758,1.401
2026-07-31T20:21:15,lemonde3j_d25_s6_noms_propres_n0_e5000_g3,lemonde3j,25,6,noms_propres,0,_s3,2757,451,1593,15,0,0,1578,51,7,0.1400,16.97,0.3395,0.3367,0.4770,0.5845,3.975,0.3823,1.248,0.173039,0.103904,0.059793,0.058010,0.045162,0.037090,1,0.3124,1.527
2026-07-31T20:21:18,lemonde3j_d50_s4_tous_n0_e5000_g3,lemonde3j,50,4,tous,0,_s3,76271,8495,43362,633,0,0,5000,101,32,0.3200,65.46,0.6546,0.1297,0.1958,0.2609,3.264,0.1537,1.275,0.065100,0.034727,0.029923,0.025024,0.022257,0.018809,2,0.1572,1.246
2026-07-31T20:21:21,lemonde3j_d50_s4_sans_verbes_n0_e5000_g3,lemonde3j,50,4,sans_verbes,0,_s3,71883,7094,40008,600,0,0,5000,101,32,0.3200,63.47,0.6347,0.1344,0.2023,0.2691,3.372,0.1581,1.280,0.067502,0.036102,0.030765,0.025530,0.022485,0.019961,2,0.1613,1.254
2026-07-31T20:21:24,lemonde3j_d50_s4_noms_n0_e5000_g3,lemonde3j,50,4,noms,0,_s3,64363,5840,35469,539,0,0,5000,101,31,0.3100,63.89,0.6389,0.1327,0.2038,0.2704,3.397,0.1580,1.290,0.065557,0.036009,0.031161,0.026789,0.023098,0.021194,2,0.1619,1.259
2026-07-31T20:21:27,lemonde3j_d50_s4_noms_propres_n0_e5000_g3,lemonde3j,50,4,noms_propres,0,_s3,8546,503,3907,74,0,0,3833,101,23,0.2300,44.99,0.4499,0.1825,0.2697,0.3482,4.495,0.2156,1.251,0.092893,0.054004,0.035636,0.033607,0.028594,0.024963,2,0.1904,1.417
2026-07-31T20:21:30,lemonde3j_d50_s6_tous_n0_e5000_g3,lemonde3j,50,6,tous,0,_s3,20809,5102,13019,246,0,0,5000,101,24,0.2400,42.55,0.4255,0.1892,0.2684,0.3433,4.474,0.2120,1.266,0.105391,0.049544,0.034222,0.031605,0.024236,0.023415,2,0.1799,1.492
2026-07-31T20:21:33,lemonde3j_d50_s6_sans_verbes_n0_e5000_g3,lemonde3j,50,6,sans_verbes,0,_s3,19764,4658,12216,236,0,0,5000,101,24,0.2400,42.10,0.4210,0.1920,0.2728,0.3470,4.547,0.2153,1.267,0.105133,0.051849,0.034992,0.032702,0.024857,0.023260,2,0.1824,1.496
2026-07-31T20:21:36,lemonde3j_d50_s6_noms_n0_e5000_g3,lemonde3j,50,6,noms,0,_s3,17704,4037,10921,218,0,0,5000,101,24,0.2400,41.70,0.4170,0.1923,0.2735,0.3484,4.559,0.2141,1.278,0.106627,0.050673,0.034964,0.032396,0.025346,0.023506,2,0.1831,1.493
2026-07-31T20:21:38,lemonde3j_d50_s6_noms_propres_n0_e5000_g3,lemonde3j,50,6,noms_propres,0,_s3,2757,451,1496,35,0,0,1461,101,14,0.1400,27.11,0.2711,0.2588,0.3638,0.4491,6.064,0.2905,1.252,0.139930,0.073932,0.044986,0.042118,0.033345,0.029525,1,0.2142,1.699
2026-07-31T20:21:40,lemonde7j_d10_s4_tous_n0_e5000_g3,lemonde7j,10,4,tous,0,_s3,44959,7009,27941,232,0,0,5000,21,6,0.3000,14.41,0.7206,0.3492,0.5184,0.6856,1.728,0.4097,1.265,0.144909,0.122514,0.081826,0.064904,0.056675,0.047535,1,0.4792,1.082
2026-07-31T20:21:42,lemonde7j_d10_s4_sans_verbes_n0_e5000_g3,lemonde7j,10,4,sans_verbes,0,_s3,42018,6066,25967,221,0,0,5000,21,6,0.3000,14.11,0.7055,0.3561,0.5297,0.6944,1.766,0.4153,1.275,0.146958,0.126193,0.082988,0.065714,0.059227,0.048575,1,0.4880,1.085
2026-07-31T20:21:44,lemonde7j_d10_s4_noms_n0_e5000_g3,lemonde7j,10,4,noms,0,_s3,37624,5120,23108,197,0,0,5000,21,6,0.3000,14.34,0.7169,0.3510,0.5237,0.6913,1.746,0.4167,1.257,0.145685,0.121092,0.084213,0.065326,0.058155,0.049261,1,0.4874,1.074
2026-07-31T20:21:45,lemonde7j_d10_s4_noms_propres_n0_e5000_g3,lemonde7j,10,4,noms_propres,0,_s3,5357,477,2925,24,0,0,2901,21,5,0.2500,11.88,0.5941,0.4190,0.5915,0.7452,1.972,0.4671,1.266,0.167601,0.154718,0.096707,0.067562,0.059197,0.045739,1,0.5148,1.149
2026-07-31T20:21:47,lemonde7j_d10_s6_tous_n0_e5000_g3,lemonde7j,10,6,tous,0,_s3,13664,3945,8835,89,0,0,5000,21,4,0.2000,11.30,0.5652,0.4336,0.6030,0.7532,2.010,0.4786,1.260,0.185570,0.151980,0.096043,0.066933,0.058025,0.044458,1,0.5108,1.181
2026-07-31T20:21:49,lemonde7j_d10_s6_sans_verbes_n0_e5000_g3,lemonde7j,10,6,sans_verbes,0,_s3,12963,3652,8329,86,0,0,5000,21,4,0.2000,11.34,0.5671,0.4337,0.6057,0.7560,2.019,0.4751,1.275,0.181746,0.152686,0.099253,0.069880,0.057756,0.044371,1,0.5193,1.166
2026-07-31T20:21:50,lemonde7j_d10_s6_noms_n0_e5000_g3,lemonde7j,10,6,noms,0,_s3,11633,3227,7472,76,0,0,5000,21,4,0.2000,11.23,0.5614,0.4347,0.6076,0.7581,2.025,0.4828,1.258,0.185866,0.152489,0.096377,0.070176,0.057701,0.044982,1,0.5189,1.171
2026-07-31T20:21:52,lemonde7j_d10_s6_noms_propres_n0_e5000_g3,lemonde7j,10,6,noms_propres,0,_s3,1907,394,1126,10,0,0,1116,21,3,0.1500,9.20,0.4601,0.5036,0.6788,0.8162,2.263,0.5368,1.265,0.210943,0.180342,0.112288,0.072257,0.060590,0.042414,1,0.5432,1.250
2026-07-31T20:21:55,lemonde7j_d15_s4_tous_n0_e5000_g3,lemonde7j,15,4,tous,0,_s3,44959,6998,26786,327,0,0,5000,31,9,0.3000,20.76,0.6920,0.2755,0.4150,0.5500,2.075,0.3236,1.282,0.118075,0.091364,0.066095,0.053251,0.048001,0.038166,1,0.3741,1.109
2026-07-31T20:21:57,lemonde7j_d15_s4_sans_verbes_n0_e5000_g3,lemonde7j,15,4,sans_verbes,0,_s3,42018,6060,24866,304,0,0,5000,31,9,0.3000,20.47,0.6823,0.2786,0.4176,0.5520,2.088,0.3271,1.277,0.122530,0.090616,0.065405,0.053544,0.046497,0.039031,1,0.3818,1.094
2026-07-31T20:21:59,lemonde7j_d15_s4_noms_n0_e5000_g3,lemonde7j,15,4,noms,0,_s3,37624,5116,22134,269,0,0,5000,31,9,0.3000,20.17,0.6724,0.2829,0.4253,0.5624,2.127,0.3336,1.275,0.120061,0.096487,0.066315,0.055275,0.048176,0.038992,1,0.3880,1.096
2026-07-31T20:22:00,lemonde7j_d15_s4_noms_propres_n0_e5000_g3,lemonde7j,15,4,noms_propres,0,_s3,5357,477,2798,27,0,0,2771,31,7,0.2333,16.50,0.5499,0.3429,0.4904,0.6227,2.452,0.3815,1.286,0.142296,0.122019,0.078592,0.057392,0.051024,0.039110,1,0.4085,1.201
2026-07-31T20:22:02,lemonde7j_d15_s6_tous_n0_e5000_g3,lemonde7j,15,6,tous,0,_s3,13664,3932,8575,134,0,0,5000,31,6,0.2000,15.31,0.5102,0.3603,0.5050,0.6332,2.525,0.3982,1.268,0.162933,0.121159,0.076237,0.058876,0.047754,0.038045,1,0.4066,1.242
2026-07-31T20:22:04,lemonde7j_d15_s6_sans_verbes_n0_e5000_g3,lemonde7j,15,6,sans_verbes,0,_s3,12963,3643,8075,126,0,0,5000,31,6,0.2000,15.06,0.5021,0.3644,0.5106,0.6369,2.553,0.3998,1.277,0.165238,0.121769,0.077439,0.060733,0.047693,0.037752,1,0.4126,1.238
2026-07-31T20:22:06,lemonde7j_d15_s6_noms_n0_e5000_g3,lemonde7j,15,6,noms,0,_s3,11633,3220,7248,110,0,0,5000,31,6,0.2000,15.21,0.5069,0.3617,0.5081,0.6367,2.541,0.3997,1.271,0.162615,0.122723,0.076360,0.060251,0.048169,0.038007,1,0.4129,1.231
2026-07-31T20:22:07,lemonde7j_d15_s6_noms_propres_n0_e5000_g3,lemonde7j,15,6,noms_propres,0,_s3,1907,394,1089,12,0,0,1077,31,5,0.1667,12.15,0.4049,0.4284,0.5820,0.7054,2.910,0.4542,1.281,0.187403,0.146986,0.093991,0.062554,0.053138,0.037915,1,0.4322,1.346
2026-07-31T20:22:10,lemonde7j_d25_s4_tous_n0_e5000_g3,lemonde7j,25,4,tous,0,_s3,44959,6977,24793,579,0,0,5000,51,15,0.3000,32.52,0.6503,0.2066,0.3130,0.4148,2.608,0.2447,1.279,0.095045,0.063382,0.048198,0.041597,0.035577,0.029201,1,0.2744,1.141
2026-07-31T20:22:12,lemonde7j_d25_s4_sans_verbes_n0_e5000_g3,lemonde7j,25,4,sans_verbes,0,_s3,42018,6041,22964,544,0,0,5000,51,14,0.2800,32.51,0.6503,0.2061,0.3149,0.4187,2.624,0.2447,1.287,0.093539,0.064942,0.047596,0.042313,0.036749,0.029778,1,0.2796,1.127
2026-07-31T20:22:14,lemonde7j_d25_s4_noms_n0_e5000_g3,lemonde7j,25,4,noms,0,_s3,37624,5100,20409,490,0,0,5000,51,14,0.2800,31.76,0.6351,0.2124,0.3203,0.4249,2.669,0.2485,1.289,0.095574,0.068643,0.048192,0.041902,0.035940,0.030039,1,0.2830,1.132
2026-07-31T20:22:15,lemonde7j_d25_s4_noms_propres_n0_e5000_g3,lemonde7j,25,4,noms_propres,0,_s3,5357,476,2549,64,0,0,2485,51,11,0.2200,25.07,0.5014,0.2665,0.3852,0.4910,3.210,0.2984,1.291,0.115905,0.090174,0.060412,0.047495,0.038775,0.032440,1,0.3015,1.277
2026-07-31T20:22:17,lemonde7j_d25_s6_tous_n0_e5000_g3,lemonde7j,25,6,tous,0,_s3,13664,3903,8179,251,0,0,5000,51,11,0.2200,23.34,0.4669,0.2776,0.3964,0.4985,3.303,0.3105,1.277,0.133173,0.087967,0.056479,0.048699,0.038450,0.031601,1,0.3008,1.318
2026-07-31T20:22:19,lemonde7j_d25_s6_sans_verbes_n0_e5000_g3,lemonde7j,25,6,sans_verbes,0,_s3,12963,3615,7700,242,0,0,5000,51,10,0.2000,23.37,0.4674,0.2783,0.3991,0.5030,3.326,0.3094,1.290,0.130544,0.089250,0.058550,0.050385,0.038945,0.031440,1,0.3073,1.299
2026-07-31T20:22:21,lemonde7j_d25_s6_noms_n0_e5000_g3,lemonde7j,25,6,noms,0,_s3,11633,3194,6912,219,0,0,5000,51,10,0.2000,22.73,0.4546,0.2836,0.4040,0.5059,3.366,0.3121,1.294,0.135330,0.090330,0.057890,0.050450,0.038811,0.031145,1,0.3077,1.313
2026-07-31T20:22:22,lemonde7j_d25_s6_noms_propres_n0_e5000_g3,lemonde7j,25,6,noms_propres,0,_s3,1907,391,1030,35,0,0,995,51,7,0.1400,17.10,0.3420,0.3523,0.4807,0.5846,4.006,0.3735,1.287,0.161288,0.115931,0.075103,0.053189,0.042558,0.032656,1,0.3237,1.485
2026-07-31T20:22:25,lemonde7j_d50_s4_tous_n0_e5000_g3,lemonde7j,50,4,tous,0,_s3,44959,6933,21803,906,0,0,5000,101,30,0.3000,62.54,0.6254,0.1353,0.2107,0.2806,3.511,0.1574,1.339,0.063570,0.039163,0.032599,0.029523,0.023645,0.022179,1,0.1736,1.214
2026-07-31T20:22:27,lemonde7j_d50_s4_sans_verbes_n0_e5000_g3,lemonde7j,50,4,sans_verbes,0,_s3,42018,6009,20135,843,0,0,5000,101,29,0.2900,61.91,0.6191,0.1362,0.2130,0.2845,3.550,0.1604,1.328,0.063616,0.039865,0.032699,0.030109,0.024296,0.022402,1,0.1739,1.225
2026-07-31T20:22:29,lemonde7j_d50_s4_noms_n0_e5000_g3,lemonde7j,50,4,noms,0,_s3,37624,5079,17839,744,0,0,5000,101,29,0.2900,61.70,0.6170,0.1371,0.2138,0.2848,3.564,0.1606,1.331,0.063545,0.040407,0.033147,0.030272,0.024076,0.022385,1,0.1735,1.233
2026-07-31T20:22:31,lemonde7j_d50_s4_noms_propres_n0_e5000_g3,lemonde7j,50,4,noms_propres,0,_s3,5357,476,2203,90,0,0,2113,101,22,0.2200,45.68,0.4568,0.1841,0.2742,0.3520,4.571,0.2043,1.342,0.083207,0.057938,0.042958,0.036700,0.026995,0.026434,1,0.1961,1.398
2026-07-31T20:22:33,lemonde7j_d50_s6_tous_n0_e5000_g3,lemonde7j,50,6,tous,0,_s3,13664,3863,7571,376,0,0,5000,101,22,0.2200,43.24,0.4324,0.1916,0.2793,0.3538,4.655,0.2122,1.316,0.095458,0.056608,0.039486,0.036542,0.027183,0.024002,1,0.1946,1.435
2026-07-31T20:22:35,lemonde7j_d50_s6_sans_verbes_n0_e5000_g3,lemonde7j,50,6,sans_verbes,0,_s3,12963,3576,7126,363,0,0,5000,101,22,0.2200,42.97,0.4297,0.1922,0.2809,0.3574,4.682,0.2128,1.320,0.095851,0.055580,0.040763,0.036321,0.027796,0.024604,1,0.1967,1.428
2026-07-31T20:22:37,lemonde7j_d50_s6_noms_n0_e5000_g3,lemonde7j,50,6,noms,0,_s3,11633,3160,6395,334,0,0,5000,101,22,0.2200,42.71,0.4271,0.1933,0.2814,0.3589,4.689,0.2135,1.318,0.095996,0.056678,0.040646,0.036497,0.027381,0.024159,1,0.1971,1.428
2026-07-31T20:22:38,lemonde7j_d50_s6_noms_propres_n0_e5000_g3,lemonde7j,50,6,noms_propres,0,_s3,1907,390,941,49,0,0,892,101,15,0.1500,30.07,0.3007,0.2512,0.3522,0.4350,5.870,0.2680,1.314,0.120820,0.076930,0.053431,0.040954,0.031910,0.028166,1,0.2165,1.627
2026-07-31T20:22:41,lefigaro_d10_s4_tous_n5000_e5000_g3,lefigaro,10,4,tous,5000,_s3,60558,8823,40897,84,792,5,5000,21,7,0.3500,16.62,0.8311,0.2874,0.4721,0.6583,1.574,0.4065,1.161,0.113119,0.093663,0.080596,0.070999,0.061044,0.052701,1,0.4133,1.142
2026-07-31T20:22:43,lefigaro_d10_s4_sans_verbes_n5000_e5000_g3,lefigaro,10,4,sans_verbes,5000,_s3,55761,7348,36960,79,773,5,5000,21,7,0.3500,16.48,0.8240,0.2912,0.4781,0.6602,1.594,0.4140,1.155,0.115540,0.093475,0.082233,0.074376,0.059495,0.053003,1,0.4149,1.152
2026-07-31T20:22:46,lefigaro_d10_s4_noms_n5000_e5000_g3,lefigaro,10,4,noms,5000,_s3,46726,6065,32088,69,705,4,5000,21,7,0.3500,16.20,0.8102,0.2965,0.4842,0.6631,1.614,0.4086,1.185,0.118797,0.098118,0.079563,0.077911,0.057468,0.052381,1,0.4199,1.153
2026-07-31T20:22:47,lefigaro_d10_s4_noms_propres_n5000_e5000_g3,lefigaro,10,4,noms_propres,5000,_s3,7950,812,5095,24,130,1,4940,21,6,0.3000,14.51,0.7255,0.3420,0.5324,0.7012,1.775,0.4331,1.229,0.138673,0.117135,0.086155,0.074250,0.060335,0.055887,1,0.4556,1.169
2026-07-31T20:22:49,lefigaro_d10_s6_tous_n5000_e5000_g3,lefigaro,10,6,tous,5000,_s3,18963,4608,10653,35,350,2,5000,21,6,0.3000,14.11,0.7053,0.3526,0.5466,0.7104,1.822,0.4623,1.183,0.145198,0.108321,0.099080,0.079637,0.065728,0.048684,1,0.4319,1.266
2026-07-31T20:22:52,lefigaro_d10_s6_sans_verbes_n5000_e5000_g3,lefigaro,10,6,sans_verbes,5000,_s3,18131,4153,9965,32,342,2,5000,21,6,0.3000,14.04,0.7022,0.3547,0.5451,0.7109,1.817,0.4600,1.185,0.147320,0.110015,0.097403,0.077196,0.063833,0.049285,1,0.4337,1.257
2026-07-31T20:22:54,lefigaro_d10_s6_noms_n5000_e5000_g3,lefigaro,10,6,noms,5000,_s3,13666,3645,8617,30,312,2,5000,21,5,0.2500,13.77,0.6883,0.3553,0.5519,0.7157,1.840,0.4593,1.202,0.152988,0.116030,0.086264,0.081837,0.063924,0.050863,1,0.4393,1.256
2026-07-31T20:22:55,lefigaro_d10_s6_noms_propres_n5000_e5000_g3,lefigaro,10,6,noms_propres,5000,_s3,2275,567,1440,12,52,1,1375,21,5,0.2500,12.28,0.6139,0.3999,0.5854,0.7422,1.951,0.4681,1.251,0.172987,0.137264,0.089601,0.070458,0.060902,0.054201,1,0.4764,1.229
2026-07-31T20:22:58,lefigaro_d15_s4_tous_n5000_e5000_g3,lefigaro,15,4,tous,5000,_s3,60558,8822,39118,133,702,0,5000,31,10,0.3333,23.59,0.7863,0.2294,0.3768,0.5221,1.884,0.3120,1.207,0.093902,0.068538,0.066950,0.057874,0.048726,0.040778,1,0.3037,1.241
2026-07-31T20:23:00,lefigaro_d15_s4_sans_verbes_n5000_e5000_g3,lefigaro,15,4,sans_verbes,5000,_s3,55761,7347,35309,126,685,0,5000,31,9,0.3000,22.54,0.7515,0.2418,0.3917,0.5332,1.958,0.3123,1.254,0.106137,0.070323,0.065372,0.060400,0.047519,0.041945,1,0.3105,1.262
2026-07-31T20:23:02,lefigaro_d15_s4_noms_n5000_e5000_g3,lefigaro,15,4,noms,5000,_s3,46726,6064,30713,113,627,0,5000,31,10,0.3333,22.75,0.7582,0.2391,0.3891,0.5327,1.945,0.3153,1.234,0.102566,0.073668,0.062840,0.059146,0.049030,0.041845,1,0.3150,1.235
2026-07-31T20:23:04,lefigaro_d15_s4_noms_propres_n5000_e5000_g3,lefigaro,15,4,noms_propres,5000,_s3,7950,812,4854,28,116,0,4710,31,8,0.2667,20.03,0.6678,0.2771,0.4380,0.5784,2.190,0.3405,1.286,0.118173,0.090704,0.068197,0.062958,0.052762,0.045193,1,0.3470,1.262
2026-07-31T20:23:06,lefigaro_d15_s6_tous_n5000_e5000_g3,lefigaro,15,6,tous,5000,_s3,18963,4605,10211,56,309,0,5000,31,8,0.2667,18.79,0.6264,0.3003,0.4560,0.5936,2.280,0.3679,1.240,0.130636,0.090668,0.079036,0.064331,0.050125,0.041207,1,0.3265,1.396
2026-07-31T20:23:08,lefigaro_d15_s6_sans_verbes_n5000_e5000_g3,lefigaro,15,6,sans_verbes,5000,_s3,18131,4150,9532,53,302,0,5000,31,7,0.2333,18.26,0.6088,0.3083,0.4636,0.5994,2.318,0.3720,1.246,0.137222,0.090216,0.080910,0.062704,0.052110,0.040469,1,0.3272,1.417
2026-07-31T20:23:10,lefigaro_d15_s6_noms_n5000_e5000_g3,lefigaro,15,6,noms,5000,_s3,13666,3642,8305,50,277,0,5000,31,8,0.2667,18.31,0.6105,0.3043,0.4603,0.5978,2.302,0.3664,1.257,0.137122,0.093381,0.073806,0.065550,0.049869,0.040599,1,0.3295,1.397
2026-07-31T20:23:12,lefigaro_d15_s6_noms_propres_n5000_e5000_g3,lefigaro,15,6,noms_propres,5000,_s3,2275,567,1391,13,47,0,1331,31,6,0.2000,15.76,0.5252,0.3476,0.5063,0.6401,2.531,0.3939,1.285,0.155135,0.115896,0.076614,0.062971,0.050448,0.045199,1,0.3733,1.356
2026-07-31T20:23:14,lefigaro_d25_s4_tous_n5000_e5000_g3,lefigaro,25,4,tous,5000,_s3,60558,8821,37160,166,636,0,5000,51,15,0.3000,35.28,0.7056,0.1851,0.2953,0.4011,2.461,0.2348,1.258,0.080877,0.056399,0.047802,0.042221,0.035806,0.032178,1,0.2240,1.318
2026-07-31T20:23:16,lefigaro_d25_s4_sans_verbes_n5000_e5000_g3,lefigaro,25,4,sans_verbes,5000,_s3,55761,7346,33508,159,619,0,5000,51,15,0.3000,34.84,0.6967,0.1870,0.2984,0.4031,2.487,0.2365,1.262,0.083233,0.055394,0.048333,0.043549,0.036950,0.030978,1,0.2237,1.334
2026-07-31T20:23:19,lefigaro_d25_s4_noms_n5000_e5000_g3,lefigaro,25,4,noms,5000,_s3,46726,6064,29184,143,572,0,5000,51,14,0.2800,33.52,0.6704,0.1966,0.3087,0.4171,2.573,0.2404,1.284,0.087281,0.057757,0.051605,0.043266,0.036460,0.032334,1,0.2334,1.323
2026-07-31T20:23:21,lefigaro_d25_s4_noms_propres_n5000_e5000_g3,lefigaro,25,4,noms_propres,5000,_s3,7950,812,4579,30,106,0,4443,51,12,0.2400,29.25,0.5849,0.2219,0.3501,0.4613,2.918,0.2666,1.313,0.098827,0.068328,0.054732,0.051140,0.041865,0.035213,1,0.2585,1.355
2026-07-31T20:23:23,lefigaro_d25_s6_tous_n5000_e5000_g3,lefigaro,25,6,tous,5000,_s3,18963,4600,9788,70,286,0,5000,51,11,0.2200,26.09,0.5218,0.2509,0.3735,0.4803,3.112,0.2933,1.273,0.120327,0.069586,0.061010,0.048736,0.038842,0.034973,1,0.2455,1.521
2026-07-31T20:23:25,lefigaro_d25_s6_sans_verbes_n5000_e5000_g3,lefigaro,25,6,sans_verbes,5000,_s3,18131,4145,9131,67,279,0,5000,51,12,0.2400,26.34,0.5268,0.2493,0.3725,0.4781,3.104,0.2923,1.275,0.118321,0.070373,0.060586,0.048971,0.039631,0.034654,1,0.2431,1.533
2026-07-31T20:23:27,lefigaro_d25_s6_noms_n5000_e5000_g3,lefigaro,25,6,noms,5000,_s3,13666,3639,8008,62,257,0,5000,51,11,0.2200,25.31,0.5062,0.2562,0.3815,0.4894,3.179,0.2961,1.288,0.123684,0.070619,0.061864,0.050188,0.039843,0.035284,1,0.2493,1.530
2026-07-31T20:23:29,lefigaro_d25_s6_noms_propres_n5000_e5000_g3,lefigaro,25,6,noms_propres,5000,_s3,2275,567,1343,15,45,0,1283,51,9,0.1800,21.53,0.4306,0.2895,0.4212,0.5325,3.510,0.3261,1.292,0.137522,0.090733,0.061218,0.055783,0.039090,0.036816,1,0.2924,1.440
2026-07-31T20:23:32,lefigaro_d50_s4_tous_n5000_e5000_g3,lefigaro,50,4,tous,5000,_s3,60558,8818,34313,233,562,0,5000,101,30,0.3000,63.84,0.6384,0.1325,0.2079,0.2777,3.465,0.1547,1.343,0.058391,0.043543,0.030576,0.026828,0.026033,0.022509,2,0.1427,1.457
2026-07-31T20:23:34,lefigaro_d50_s4_sans_verbes_n5000_e5000_g3,lefigaro,50,4,sans_verbes,5000,_s3,55761,7343,30871,222,546,0,5000,101,28,0.2800,61.74,0.6174,0.1380,0.2161,0.2879,3.601,0.1585,1.363,0.059417,0.045509,0.033080,0.028097,0.026557,0.023391,2,0.1480,1.460
2026-07-31T20:23:37,lefigaro_d50_s4_noms_n5000_e5000_g3,lefigaro,50,4,noms,5000,_s3,46726,6062,26923,200,506,0,5000,101,28,0.2800,61.85,0.6185,0.1380,0.2151,0.2880,3.585,0.1562,1.377,0.059096,0.045352,0.033588,0.028144,0.026010,0.022914,2,0.1480,1.454
2026-07-31T20:23:39,lefigaro_d50_s4_noms_propres_n5000_e5000_g3,lefigaro,50,4,noms_propres,5000,_s3,7950,812,4189,38,94,0,4057,101,23,0.2300,50.55,0.5055,0.1643,0.2567,0.3363,4.278,0.1855,1.384,0.073428,0.048033,0.042817,0.035916,0.029581,0.026907,1,0.1759,1.459
2026-07-31T20:23:42,lefigaro_d50_s6_tous_n5000_e5000_g3,lefigaro,50,6,tous,5000,_s3,18963,4596,9280,83,258,0,5000,101,22,0.2200,43.33,0.4333,0.1918,0.2819,0.3573,4.699,0.2096,1.345,0.093839,0.055633,0.042306,0.032960,0.029551,0.027634,1,0.1679,1.679
2026-07-31T20:23:44,lefigaro_d50_s6_sans_verbes_n5000_e5000_g3,lefigaro,50,6,sans_verbes,5000,_s3,18131,4141,8649,80,251,0,5000,101,22,0.2200,42.45,0.4245,0.1948,0.2845,0.3614,4.742,0.2133,1.334,0.096395,0.055008,0.043364,0.033389,0.029234,0.027113,1,0.1701,1.673
2026-07-31T20:23:47,lefigaro_d50_s6_noms_n5000_e5000_g3,lefigaro,50,6,noms,5000,_s3,13666,3635,7630,75,233,0,5000,101,22,0.2200,43.02,0.4302,0.1920,0.2813,0.3581,4.689,0.2105,1.337,0.095575,0.053613,0.042838,0.033738,0.028266,0.027296,1,0.1692,1.663
2026-07-31T20:23:49,lefigaro_d50_s6_noms_propres_n5000_e5000_g3,lefigaro,50,6,noms_propres,5000,_s3,2275,567,1282,16,40,0,1226,101,16,0.1600,34.24,0.3424,0.2221,0.3275,0.4126,5.458,0.2470,1.326,0.109984,0.065284,0.046786,0.044974,0.030503,0.029961,1,0.2050,1.598
2026-07-31T20:23:50,lefigaro3j_d10_s4_tous_n0_e5000_g3,lefigaro3j,10,4,tous,0,_s3,28362,7240,19147,122,0,0,5000,21,7,0.3500,15.46,0.7732,0.3158,0.4964,0.6749,1.655,0.3972,1.250,0.133045,0.107559,0.075195,0.069166,0.060982,0.050453,1,0.4557,1.089
2026-07-31T20:23:52,lefigaro3j_d10_s4_sans_verbes_n0_e5000_g3,lefigaro3j,10,4,sans_verbes,0,_s3,26006,6235,17421,113,0,0,5000,21,6,0.3000,15.21,0.7606,0.3225,0.5023,0.6805,1.674,0.4062,1.237,0.135996,0.110065,0.076460,0.070073,0.059901,0.049817,1,0.4599,1.092
2026-07-31T20:23:54,lefigaro3j_d10_s4_noms_n0_e5000_g3,lefigaro3j,10,4,noms,0,_s3,23039,5277,15350,98,0,0,5000,21,6,0.3000,15.14,0.7569,0.3254,0.5079,0.6840,1.693,0.4020,1.263,0.133264,0.113926,0.078253,0.070992,0.061051,0.050403,1,0.4628,1.097
2026-07-31T20:23:56,lefigaro3j_d10_s4_noms_propres_n0_e5000_g3,lefigaro3j,10,4,noms_propres,0,_s3,3996,736,2419,31,0,0,2388,21,5,0.2500,13.06,0.6532,0.3789,0.5578,0.7281,1.859,0.4440,1.256,0.159064,0.135143,0.084668,0.070873,0.060609,0.047485,0,0.5114,1.091
2026-07-31T20:23:57,lefigaro3j_d10_s6_tous_n0_e5000_g3,lefigaro3j,10,6,tous,0,_s3,7994,3310,5581,49,0,0,5000,21,5,0.2500,11.82,0.5911,0.4068,0.5854,0.7419,1.951,0.4700,1.245,0.187372,0.137156,0.082265,0.070944,0.060637,0.047018,1,0.4872,1.201
2026-07-31T20:23:59,lefigaro3j_d10_s6_sans_verbes_n0_e5000_g3,lefigaro3j,10,6,sans_verbes,0,_s3,7519,3051,5236,47,0,0,5000,21,5,0.2500,11.62,0.5810,0.4120,0.5899,0.7459,1.966,0.4728,1.248,0.191195,0.138051,0.082728,0.071041,0.060276,0.046561,1,0.4912,1.201
2026-07-31T20:24:01,lefigaro3j_d10_s6_noms_n0_e5000_g3,lefigaro3j,10,6,noms,0,_s3,6757,2718,4698,43,0,0,4655,21,5,0.2500,11.53,0.5766,0.4154,0.5920,0.7490,1.973,0.4762,1.243,0.191333,0.140539,0.083483,0.071395,0.059241,0.046057,1,0.4932,1.200
2026-07-31T20:24:03,lefigaro3j_d10_s6_noms_propres_n0_e5000_g3,lefigaro3j,10,6,noms_propres,0,_s3,1281,426,790,16,0,0,774,21,4,0.2000,10.05,0.5024,0.4611,0.6351,0.7892,2.117,0.5184,1.225,0.208933,0.164638,0.087545,0.070755,0.057991,0.045238,0,0.5482,1.159
2026-07-31T20:24:05,lefigaro3j_d15_s4_tous_n0_e5000_g3,lefigaro3j,15,4,tous,0,_s3,28362,7232,18521,146,0,0,5000,31,9,0.3000,21.65,0.7218,0.2603,0.4011,0.5441,2.005,0.3181,1.261,0.110985,0.085285,0.063984,0.055185,0.045508,0.040140,1,0.3636,1.103
2026-07-31T20:24:08,lefigaro3j_d15_s4_sans_verbes_n0_e5000_g3,lefigaro3j,15,4,sans_verbes,0,_s3,26006,6228,16843,136,0,0,5000,31,9,0.3000,21.27,0.7089,0.2652,0.4060,0.5477,2.030,0.3204,1.267,0.113465,0.088744,0.062982,0.056143,0.045500,0.039167,1,0.3659,1.110
2026-07-31T20:24:10,lefigaro3j_d15_s4_noms_n0_e5000_g3,lefigaro3j,15,4,noms,0,_s3,23039,5271,14830,117,0,0,5000,31,9,0.3000,21.03,0.7010,0.2669,0.4088,0.5499,2.044,0.3247,1.259,0.117327,0.086569,0.062962,0.057670,0.044750,0.039560,1,0.3673,1.113
2026-07-31T20:24:12,lefigaro3j_d15_s4_noms_propres_n0_e5000_g3,lefigaro3j,15,4,noms_propres,0,_s3,3996,735,2326,33,0,0,2293,31,7,0.2333,17.89,0.5964,0.3149,0.4653,0.6071,2.326,0.3629,1.282,0.130086,0.113888,0.070894,0.062088,0.047624,0.040690,0,0.4096,1.136
2026-07-31T20:24:14,lefigaro3j_d15_s6_tous_n0_e5000_g3,lefigaro3j,15,6,tous,0,_s3,7994,3304,5482,56,0,0,5000,31,7,0.2333,15.68,0.5227,0.3487,0.4977,0.6291,2.488,0.3919,1.270,0.161730,0.115496,0.071477,0.060943,0.047841,0.040180,1,0.3964,1.255
2026-07-31T20:24:16,lefigaro3j_d15_s6_sans_verbes_n0_e5000_g3,lefigaro3j,15,6,sans_verbes,0,_s3,7519,3045,5143,54,0,0,5000,31,6,0.2000,15.43,0.5143,0.3534,0.5011,0.6329,2.505,0.3945,1.270,0.164912,0.115901,0.072573,0.060176,0.048123,0.039365,1,0.3982,1.258
2026-07-31T20:24:18,lefigaro3j_d15_s6_noms_n0_e5000_g3,lefigaro3j,15,6,noms,0,_s3,6757,2712,4611,50,0,0,4561,31,6,0.2000,15.36,0.5120,0.3550,0.5033,0.6355,2.516,0.3980,1.264,0.164830,0.116553,0.073650,0.061119,0.047923,0.039187,1,0.4000,1.258
2026-07-31T20:24:20,lefigaro3j_d15_s6_noms_propres_n0_e5000_g3,lefigaro3j,15,6,noms_propres,0,_s3,1281,424,771,18,0,0,753,31,5,0.1667,13.30,0.4432,0.3943,0.5525,0.6890,2.763,0.4349,1.270,0.175192,0.140361,0.078766,0.063626,0.049863,0.044697,0,0.4480,1.233
2026-07-31T20:24:21,lefigaro3j_d25_s4_tous_n0_e5000_g3,lefigaro3j,25,4,tous,0,_s3,28362,7222,17645,263,0,0,5000,51,14,0.2800,33.40,0.6680,0.2014,0.3097,0.4177,2.581,0.2355,1.315,0.086248,0.064161,0.050977,0.043012,0.034256,0.031014,1,0.2727,1.136
2026-07-31T20:24:23,lefigaro3j_d25_s4_sans_verbes_n0_e5000_g3,lefigaro3j,25,4,sans_verbes,0,_s3,26006,6219,16022,250,0,0,5000,51,14,0.2800,32.05,0.6411,0.2105,0.3201,0.4287,2.667,0.2428,1.318,0.091611,0.066012,0.052900,0.044244,0.034443,0.030875,1,0.2783,1.150
2026-07-31T20:24:25,lefigaro3j_d25_s4_noms_n0_e5000_g3,lefigaro3j,25,4,noms,0,_s3,23039,5264,14086,217,0,0,5000,51,14,0.2800,32.22,0.6443,0.2082,0.3179,0.4270,2.649,0.2418,1.315,0.092561,0.064225,0.051384,0.043735,0.034741,0.031257,1,0.2783,1.142
2026-07-31T20:24:27,lefigaro3j_d25_s4_noms_propres_n0_e5000_g3,lefigaro3j,25,4,noms_propres,0,_s3,3996,732,2186,49,0,0,2137,51,11,0.2200,26.63,0.5327,0.2484,0.3713,0.4838,3.094,0.2851,1.302,0.103351,0.089539,0.055550,0.052458,0.036664,0.033730,1,0.3108,1.195
2026-07-31T20:24:29,lefigaro3j_d25_s6_tous_n0_e5000_g3,lefigaro3j,25,6,tous,0,_s3,7994,3280,5370,111,0,0,5000,51,10,0.2000,22.96,0.4593,0.2815,0.3983,0.5039,3.319,0.3100,1.285,0.135335,0.086597,0.059602,0.049302,0.037042,0.030415,1,0.3004,1.326
2026-07-31T20:24:30,lefigaro3j_d25_s6_sans_verbes_n0_e5000_g3,lefigaro3j,25,6,sans_verbes,0,_s3,7519,3022,5036,107,0,0,4929,51,10,0.2000,22.64,0.4527,0.2845,0.4018,0.5073,3.349,0.3133,1.283,0.136751,0.088358,0.059441,0.049271,0.037097,0.030916,1,0.3020,1.330
2026-07-31T20:24:32,lefigaro3j_d25_s6_noms_n0_e5000_g3,lefigaro3j,25,6,noms,0,_s3,6757,2693,4509,94,0,0,4415,51,10,0.2000,22.52,0.4505,0.2858,0.4043,0.5099,3.370,0.3153,1.282,0.136444,0.089314,0.060065,0.050155,0.037333,0.031029,1,0.3021,1.338
2026-07-31T20:24:33,lefigaro3j_d25_s6_noms_propres_n0_e5000_g3,lefigaro3j,25,6,noms_propres,0,_s3,1281,420,747,25,0,0,722,51,8,0.1600,18.89,0.3779,0.3242,0.4566,0.5682,3.805,0.3572,1.278,0.142988,0.116114,0.065072,0.056107,0.040633,0.035637,0,0.3397,1.344
2026-07-31T20:24:36,lefigaro3j_d50_s4_tous_n0_e5000_g3,lefigaro3j,50,4,tous,0,_s3,28362,7159,16046,597,0,0,5000,101,28,0.2800,58.60,0.5860,0.1480,0.2256,0.3008,3.759,0.1629,1.384,0.065394,0.041409,0.041169,0.030796,0.024581,0.022204,1,0.1896,1.190
2026-07-31T20:24:38,lefigaro3j_d50_s4_sans_verbes_n0_e5000_g3,lefigaro3j,50,4,sans_verbes,0,_s3,26006,6165,14546,568,0,0,5000,101,27,0.2700,58.11,0.5811,0.1485,0.2267,0.3027,3.779,0.1655,1.370,0.065972,0.042819,0.039713,0.031781,0.024234,0.022219,1,0.1912,1.186
2026-07-31T20:24:40,lefigaro3j_d50_s4_noms_n0_e5000_g3,lefigaro3j,50,4,noms,0,_s3,23039,5217,12777,503,0,0,5000,101,26,0.2600,56.59,0.5659,0.1531,0.2332,0.3101,3.887,0.1679,1.389,0.066390,0.045044,0.041695,0.032029,0.024981,0.023093,1,0.1951,1.196
2026-07-31T20:24:42,lefigaro3j_d50_s4_noms_propres_n0_e5000_g3,lefigaro3j,50,4,noms_propres,0,_s3,3996,729,1976,96,0,0,1880,101,21,0.2100,46.33,0.4633,0.1798,0.2718,0.3554,4.531,0.2012,1.351,0.076583,0.061442,0.041818,0.038112,0.027962,0.025930,1,0.2188,1.242
2026-07-31T20:24:43,lefigaro3j_d50_s6_tous_n0_e5000_g3,lefigaro3j,50,6,tous,0,_s3,7994,3204,5106,257,0,0,4849,101,20,0.2000,40.08,0.4008,0.2063,0.2952,0.3733,4.920,0.2240,1.318,0.100346,0.058915,0.046996,0.036238,0.027593,0.025118,1,0.2080,1.419
2026-07-31T20:24:46,lefigaro3j_d50_s6_sans_verbes_n0_e5000_g3,lefigaro3j,50,6,sans_verbes,0,_s3,7519,2951,4786,248,0,0,4538,101,20,0.2000,39.58,0.3958,0.2081,0.2974,0.3757,4.957,0.2264,1.314,0.101187,0.060087,0.046783,0.036395,0.027875,0.025091,1,0.2086,1.426
2026-07-31T20:24:47,lefigaro3j_d50_s6_noms_n0_e5000_g3,lefigaro3j,50,6,noms,0,_s3,6757,2630,4288,219,0,0,4069,101,20,0.2000,39.39,0.3939,0.2091,0.2992,0.3776,4.986,0.2277,1.314,0.100596,0.061170,0.047307,0.037003,0.027949,0.025161,1,0.2087,1.433
2026-07-31T20:24:49,lefigaro3j_d50_s6_noms_propres_n0_e5000_g3,lefigaro3j,50,6,noms_propres,0,_s3,1281,410,717,50,0,0,667,101,15,0.1500,31.89,0.3189,0.2412,0.3427,0.4304,5.712,0.2632,1.302,0.105750,0.085394,0.050049,0.041297,0.030872,0.029341,0,0.2339,1.465
2026-07-31T20:24:50,lefigaro7j_d10_s4_tous_n0_e5000_g3,lefigaro7j,10,4,tous,0,_s3,18274,5951,11512,201,0,0,5000,21,6,0.3000,14.42,0.7210,0.3506,0.5246,0.6918,1.749,0.3944,1.330,0.140959,0.121968,0.087636,0.068026,0.057409,0.048568,1,0.5100,1.029
2026-07-31T20:24:52,lefigaro7j_d10_s4_sans_verbes_n0_e5000_g3,lefigaro7j,10,4,sans_verbes,0,_s3,16710,5184,10440,191,0,0,5000,21,6,0.3000,14.23,0.7113,0.3532,0.5278,0.6979,1.759,0.4010,1.316,0.144702,0.123324,0.085220,0.068744,0.057728,0.048042,1,0.5117,1.031
2026-07-31T20:24:53,lefigaro7j_d10_s4_noms_n0_e5000_g3,lefigaro7j,10,4,noms,0,_s3,14775,4428,9167,173,0,0,5000,21,6,0.3000,14.29,0.7143,0.3530,0.5278,0.6984,1.759,0.4075,1.295,0.140708,0.125356,0.086950,0.067110,0.058812,0.048888,1,0.5079,1.039
2026-07-31T20:24:55,lefigaro7j_d10_s4_noms_propres_n0_e5000_g3,lefigaro7j,10,4,noms_propres,0,_s3,2290,617,1426,47,0,0,1379,21,5,0.2500,12.29,0.6144,0.4063,0.5853,0.7442,1.951,0.4463,1.311,0.165165,0.143493,0.097667,0.070049,0.059718,0.049220,0,0.5346,1.095
2026-07-31T20:24:56,lefigaro7j_d10_s6_tous_n0_e5000_g3,lefigaro7j,10,6,tous,0,_s3,6157,2542,3678,78,0,0,3600,21,5,0.2500,11.69,0.5846,0.4185,0.6071,0.7556,2.024,0.4652,1.305,0.175983,0.145819,0.096657,0.079312,0.055040,0.054268,0,0.5328,1.139
2026-07-31T20:24:58,lefigaro7j_d10_s6_sans_verbes_n0_e5000_g3,lefigaro7j,10,6,sans_verbes,0,_s3,5825,2338,3438,76,0,0,3362,21,5,0.2500,11.64,0.5821,0.4189,0.6090,0.7584,2.030,0.4696,1.297,0.176853,0.145968,0.096044,0.080304,0.055577,0.054298,0,0.5319,1.145
2026-07-31T20:24:59,lefigaro7j_d10_s6_noms_n0_e5000_g3,lefigaro7j,10,6,noms,0,_s3,5218,2095,3070,71,0,0,2999,21,5,0.2500,11.76,0.5878,0.4146,0.6075,0.7586,2.025,0.4722,1.286,0.174792,0.144611,0.095232,0.080512,0.056976,0.055355,0,0.5322,1.141
2026-07-31T20:25:00,lefigaro7j_d10_s6_noms_propres_n0_e5000_g3,lefigaro7j,10,6,noms_propres,0,_s3,767,339,515,24,0,0,491,21,4,0.2000,9.63,0.4813,0.4818,0.6624,0.7993,2.208,0.5186,1.277,0.213084,0.166883,0.101816,0.074268,0.059466,0.046890,0,0.5537,1.196
2026-07-31T20:25:02,lefigaro7j_d15_s4_tous_n0_e5000_g3,lefigaro7j,15,4,tous,0,_s3,18274,5930,11061,289,0,0,5000,31,8,0.2667,20.29,0.6763,0.2812,0.4277,0.5637,2.139,0.3156,1.355,0.117926,0.094660,0.068595,0.056531,0.048601,0.041397,1,0.4080,1.048
2026-07-31T20:25:03,lefigaro7j_d15_s4_sans_verbes_n0_e5000_g3,lefigaro7j,15,4,sans_verbes,0,_s3,16710,5164,10021,277,0,0,5000,31,8,0.2667,19.75,0.6584,0.2904,0.4348,0.5724,2.174,0.3206,1.356,0.119430,0.101014,0.069962,0.057091,0.047017,0.040336,1,0.4132,1.052
2026-07-31T20:25:05,lefigaro7j_d15_s4_noms_n0_e5000_g3,lefigaro7j,15,4,noms,0,_s3,14775,4410,8800,247,0,0,5000,31,8,0.2667,19.66,0.6552,0.2902,0.4375,0.5753,2.188,0.3220,1.359,0.122021,0.098714,0.069445,0.056077,0.049619,0.041624,0,0.4097,1.068
2026-07-31T20:25:06,lefigaro7j_d15_s4_noms_propres_n0_e5000_g3,lefigaro7j,15,4,noms_propres,0,_s3,2290,613,1374,61,0,0,1313,31,7,0.2333,17.18,0.5726,0.3313,0.4836,0.6220,2.418,0.3620,1.336,0.129373,0.120709,0.081204,0.059826,0.049669,0.042778,0,0.4292,1.127
2026-07-31T20:25:07,lefigaro7j_d15_s6_tous_n0_e5000_g3,lefigaro7j,15,6,tous,0,_s3,6157,2510,3586,129,0,0,3457,31,6,0.2000,15.47,0.5157,0.3576,0.5180,0.6443,2.590,0.3891,1.331,0.154938,0.119691,0.082994,0.066138,0.049482,0.044796,0,0.4295,1.206
2026-07-31T20:25:09,lefigaro7j_d15_s6_sans_verbes_n0_e5000_g3,lefigaro7j,15,6,sans_verbes,0,_s3,5825,2308,3350,125,0,0,3225,31,6,0.2000,15.40,0.5133,0.3578,0.5202,0.6466,2.601,0.3936,1.322,0.155751,0.119825,0.082190,0.066954,0.049975,0.045501,0,0.4270,1.218
2026-07-31T20:25:10,lefigaro7j_d15_s6_noms_n0_e5000_g3,lefigaro7j,15,6,noms,0,_s3,5218,2071,2994,111,0,0,2883,31,6,0.2000,15.54,0.5181,0.3548,0.5184,0.6461,2.592,0.3944,1.314,0.153883,0.118916,0.082024,0.067058,0.050467,0.046027,0,0.4260,1.217
2026-07-31T20:25:11,lefigaro7j_d15_s6_noms_propres_n0_e5000_g3,lefigaro7j,15,6,noms_propres,0,_s3,767,334,507,33,0,0,474,31,5,0.1667,12.73,0.4243,0.4116,0.5693,0.6930,2.846,0.4377,1.301,0.176772,0.148929,0.085927,0.064053,0.052663,0.040936,0,0.4424,1.287
2026-07-31T20:25:13,lefigaro7j_d25_s4_tous_n0_e5000_g3,lefigaro7j,25,4,tous,0,_s3,18274,5842,10388,543,0,0,5000,51,13,0.2600,31.16,0.6231,0.2180,0.3344,0.4400,2.787,0.2357,1.419,0.090684,0.071920,0.055370,0.045215,0.039001,0.032195,1,0.3113,1.074
2026-07-31T20:25:14,lefigaro7j_d25_s4_sans_verbes_n0_e5000_g3,lefigaro7j,25,4,sans_verbes,0,_s3,16710,5086,9403,517,0,0,5000,51,13,0.2600,30.83,0.6166,0.2197,0.3378,0.4439,2.815,0.2388,1.415,0.090884,0.072960,0.055885,0.046925,0.038959,0.032161,1,0.3090,1.093
2026-07-31T20:25:16,lefigaro7j_d25_s4_noms_n0_e5000_g3,lefigaro7j,25,4,noms,0,_s3,14775,4345,8262,462,0,0,5000,51,13,0.2600,30.56,0.6111,0.2212,0.3388,0.4466,2.823,0.2411,1.405,0.092829,0.073277,0.055088,0.046591,0.038385,0.032585,1,0.3110,1.089
2026-07-31T20:25:18,lefigaro7j_d25_s4_noms_propres_n0_e5000_g3,lefigaro7j,25,4,noms_propres,0,_s3,2290,608,1308,89,0,0,1219,51,11,0.2200,26.90,0.5380,0.2491,0.3732,0.4892,3.110,0.2760,1.352,0.094355,0.090963,0.063806,0.049544,0.039594,0.034947,0,0.3269,1.142
2026-07-31T20:25:19,lefigaro7j_d25_s6_tous_n0_e5000_g3,lefigaro7j,25,6,tous,0,_s3,6157,2441,3459,241,0,0,3218,51,10,0.2000,23.00,0.4600,0.2863,0.4151,0.5178,3.459,0.3028,1.371,0.125571,0.091325,0.069363,0.049846,0.042831,0.036179,0,0.3269,1.270
2026-07-31T20:25:21,lefigaro7j_d25_s6_sans_verbes_n0_e5000_g3,lefigaro7j,25,6,sans_verbes,0,_s3,5825,2242,3231,234,0,0,2997,51,10,0.2000,22.95,0.4591,0.2855,0.4152,0.5183,3.460,0.3069,1.353,0.126371,0.090975,0.068159,0.050693,0.042397,0.036637,0,0.3242,1.281
2026-07-31T20:25:22,lefigaro7j_d25_s6_noms_n0_e5000_g3,lefigaro7j,25,6,noms,0,_s3,5218,2012,2896,208,0,0,2688,51,10,0.2000,23.06,0.4611,0.2842,0.4151,0.5191,3.459,0.3063,1.355,0.124848,0.091000,0.068320,0.051872,0.042079,0.036962,0,0.3242,1.280
2026-07-31T20:25:23,lefigaro7j_d25_s6_noms_propres_n0_e5000_g3,lefigaro7j,25,6,noms_propres,0,_s3,767,328,496,44,0,0,452,51,8,0.1600,19.00,0.3800,0.3280,0.4575,0.5709,3.812,0.3470,1.318,0.137318,0.118379,0.072344,0.048615,0.044595,0.036208,0,0.3462,1.321
2026-07-31T20:25:25,lefigaro7j_d50_s4_tous_n0_e5000_g3,lefigaro7j,50,4,tous,0,_s3,18274,5503,9279,1223,0,0,5000,101,25,0.2500,52.96,0.5296,0.1627,0.2497,0.3279,4.161,0.1575,1.585,0.067295,0.052607,0.042796,0.036507,0.026680,0.023779,1,0.2131,1.172
2026-07-31T20:25:27,lefigaro7j_d50_s4_sans_verbes_n0_e5000_g3,lefigaro7j,50,4,sans_verbes,0,_s3,16710,4793,8364,1137,0,0,5000,101,24,0.2400,51.98,0.5198,0.1649,0.2542,0.3338,4.236,0.1605,1.583,0.066990,0.053469,0.044446,0.038127,0.027174,0.023973,1,0.2142,1.187
2026-07-31T20:25:29,lefigaro7j_d50_s4_noms_n0_e5000_g3,lefigaro7j,50,4,noms,0,_s3,14775,4095,7340,1023,0,0,5000,101,23,0.2300,51.35,0.5135,0.1667,0.2568,0.3367,4.281,0.1626,1.580,0.067045,0.055458,0.044220,0.037856,0.027707,0.024559,1,0.2143,1.198
2026-07-31T20:25:30,lefigaro7j_d50_s4_noms_propres_n0_e5000_g3,lefigaro7j,50,4,noms_propres,0,_s3,2290,592,1140,155,0,0,985,101,19,0.1900,45.71,0.4571,0.1773,0.2798,0.3687,4.663,0.1915,1.461,0.066999,0.061351,0.048908,0.042240,0.032902,0.027405,0,0.2266,1.235
2026-07-31T20:25:32,lefigaro7j_d50_s6_tous_n0_e5000_g3,lefigaro7j,50,6,tous,0,_s3,6157,2292,3233,456,0,0,2777,101,18,0.1800,38.67,0.3867,0.2122,0.3139,0.3950,5.231,0.2112,1.486,0.092191,0.068139,0.051821,0.043457,0.031339,0.026927,1,0.2243,1.399
2026-07-31T20:25:33,lefigaro7j_d50_s6_sans_verbes_n0_e5000_g3,lefigaro7j,50,6,sans_verbes,0,_s3,5825,2104,3014,438,0,0,2576,101,18,0.1800,38.91,0.3891,0.2098,0.3126,0.3948,5.210,0.2145,1.457,0.092030,0.066300,0.051514,0.043530,0.031905,0.027323,1,0.2214,1.412
2026-07-31T20:25:35,lefigaro7j_d50_s6_noms_n0_e5000_g3,lefigaro7j,50,6,noms,0,_s3,5218,1884,2701,398,0,0,2303,101,18,0.1800,38.58,0.3858,0.2108,0.3140,0.3967,5.234,0.2150,1.461,0.092500,0.066529,0.051777,0.043856,0.032297,0.027065,0,0.2242,1.401
2026-07-31T20:25:37,lefigaro7j_d50_s6_noms_propres_n0_e5000_g3,lefigaro7j,50,6,noms_propres,0,_s3,767,312,464,75,0,0,389,101,14,0.1400,31.17,0.3117,0.2424,0.3497,0.4412,5.828,0.2557,1.367,0.103800,0.084188,0.054415,0.042494,0.035333,0.029439,0,0.2450,1.427
2026-07-31T20:25:39,lesechos_d10_s4_tous_n5000_e5000_g3,lesechos,10,4,tous,5000,_s3,62592,8655,50055,125,4011,0,5000,21,7,0.3500,16.32,0.8159,0.2957,0.4661,0.6479,1.554,0.4127,1.129,0.125518,0.101082,0.069139,0.062179,0.057476,0.050715,2,0.3815,1.222
2026-07-31T20:25:42,lesechos_d10_s4_sans_verbes_n5000_e5000_g3,lesechos,10,4,sans_verbes,5000,_s3,58807,7144,46642,110,3834,0,5000,21,7,0.3500,15.95,0.7977,0.3032,0.4741,0.6537,1.580,0.4196,1.130,0.130834,0.105156,0.067167,0.061155,0.057933,0.051895,2,0.3824,1.240
2026-07-31T20:25:45,lesechos_d10_s4_noms_n5000_e5000_g3,lesechos,10,4,noms,5000,_s3,52486,5792,41346,96,3507,0,5000,21,7,0.3500,15.93,0.7964,0.2995,0.4786,0.6565,1.595,0.4256,1.125,0.132343,0.101945,0.065245,0.064337,0.058883,0.055891,2,0.3824,1.252
2026-07-31T20:25:47,lesechos_d10_s4_noms_propres_n5000_e5000_g3,lesechos,10,4,noms_propres,5000,_s3,8682,621,5995,12,798,0,5000,21,6,0.3000,14.10,0.7050,0.3465,0.5282,0.6981,1.761,0.4684,1.128,0.155016,0.116702,0.074817,0.069054,0.059243,0.053339,1,0.4073,1.297
2026-07-31T20:25:49,lesechos_d10_s6_tous_n5000_e5000_g3,lesechos,10,6,tous,5000,_s3,16794,4650,13380,28,1532,0,5000,21,6,0.3000,13.66,0.6828,0.3529,0.5436,0.7079,1.812,0.4793,1.134,0.161223,0.119003,0.072711,0.068955,0.067255,0.054413,1,0.3940,1.380
2026-07-31T20:25:51,lesechos_d10_s6_sans_verbes_n5000_e5000_g3,lesechos,10,6,sans_verbes,5000,_s3,16134,4288,12802,24,1479,0,5000,21,6,0.3000,13.69,0.6843,0.3544,0.5380,0.7047,1.793,0.4735,1.136,0.160458,0.122098,0.071813,0.067061,0.063639,0.052942,1,0.3951,1.362
2026-07-31T20:25:54,lesechos_d10_s6_noms_n5000_e5000_g3,lesechos,10,6,noms,5000,_s3,14670,3724,11572,21,1358,0,5000,21,6,0.3000,13.48,0.6740,0.3599,0.5454,0.7065,1.818,0.4783,1.140,0.166311,0.118019,0.075521,0.067641,0.063675,0.054195,1,0.3970,1.374
2026-07-31T20:25:56,lesechos_d10_s6_noms_propres_n5000_e5000_g3,lesechos,10,6,noms_propres,5000,_s3,2999,485,2012,4,325,0,1683,21,5,0.2500,12.20,0.6098,0.3900,0.5776,0.7484,1.925,0.5120,1.128,0.183881,0.124870,0.081251,0.073257,0.060215,0.054168,1,0.4219,1.369
2026-07-31T20:25:58,lesechos_d15_s4_tous_n5000_e5000_g3,lesechos,15,4,tous,5000,_s3,62592,8652,48521,185,3871,0,5000,31,10,0.3333,23.48,0.7827,0.2322,0.3621,0.5030,1.810,0.3254,1.113,0.104326,0.075166,0.052717,0.049305,0.042406,0.038169,2,0.2717,1.333
2026-07-31T20:26:01,lesechos_d15_s4_sans_verbes_n5000_e5000_g3,lesechos,15,4,sans_verbes,5000,_s3,58807,7143,45151,167,3694,0,5000,31,10,0.3333,23.37,0.7791,0.2355,0.3651,0.5049,1.826,0.3300,1.106,0.104664,0.075720,0.055131,0.048351,0.042474,0.038798,2,0.2712,1.346
2026-07-31T20:26:04,lesechos_d15_s4_noms_n5000_e5000_g3,lesechos,15,4,noms,5000,_s3,52486,5792,39965,141,3375,0,5000,31,10,0.3333,23.34,0.7779,0.2358,0.3660,0.5059,1.830,0.3257,1.124,0.104736,0.076049,0.055044,0.049415,0.042140,0.038565,2,0.2723,1.344
2026-07-31T20:26:06,lesechos_d15_s4_noms_propres_n5000_e5000_g3,lesechos,15,4,noms_propres,5000,_s3,8682,621,5747,16,768,0,4963,31,9,0.3000,19.98,0.6661,0.2800,0.4200,0.5597,2.100,0.3746,1.121,0.128883,0.090802,0.060356,0.055639,0.043897,0.040391,1,0.2934,1.431
2026-07-31T20:26:08,lesechos_d15_s6_tous_n5000_e5000_g3,lesechos,15,6,tous,5000,_s3,16794,4645,13079,47,1492,0,5000,31,8,0.2667,19.24,0.6414,0.2879,0.4303,0.5663,2.152,0.3812,1.129,0.137585,0.090156,0.060178,0.056197,0.047566,0.038634,1,0.2796,1.539
2026-07-31T20:26:11,lesechos_d15_s6_sans_verbes_n5000_e5000_g3,lesechos,15,6,sans_verbes,5000,_s3,16134,4283,12504,43,1439,0,5000,31,8,0.2667,18.46,0.6153,0.2968,0.4411,0.5786,2.206,0.3900,1.131,0.144832,0.093666,0.058263,0.054871,0.048604,0.040876,1,0.2833,1.557
2026-07-31T20:26:13,lesechos_d15_s6_noms_n5000_e5000_g3,lesechos,15,6,noms,5000,_s3,14670,3720,11291,38,1320,0,5000,31,8,0.2667,18.47,0.6155,0.2976,0.4428,0.5786,2.214,0.3889,1.139,0.144271,0.093870,0.059491,0.056223,0.047911,0.040986,1,0.2838,1.560
2026-07-31T20:26:15,lesechos_d15_s6_noms_propres_n5000_e5000_g3,lesechos,15,6,noms_propres,5000,_s3,2999,484,1943,5,309,0,1629,31,7,0.2333,16.50,0.5500,0.3272,0.4759,0.6177,2.379,0.4239,1.123,0.160939,0.098628,0.067595,0.056966,0.046466,0.045297,1,0.3077,1.546
2026-07-31T20:26:18,lesechos_d25_s4_tous_n5000_e5000_g3,lesechos,25,4,tous,5000,_s3,62592,8645,46348,269,3658,0,5000,51,17,0.3400,37.01,0.7401,0.1802,0.2709,0.3678,2.258,0.2446,1.108,0.082283,0.052251,0.045692,0.032787,0.029979,0.027928,2,0.1790,1.514
2026-07-31T20:26:21,lesechos_d25_s4_sans_verbes_n5000_e5000_g3,lesechos,25,4,sans_verbes,5000,_s3,58807,7141,43046,241,3488,0,5000,51,17,0.3400,36.84,0.7367,0.1808,0.2709,0.3680,2.258,0.2424,1.118,0.083150,0.051652,0.046015,0.033941,0.028869,0.027321,2,0.1821,1.488
2026-07-31T20:26:24,lesechos_d25_s4_noms_n5000_e5000_g3,lesechos,25,4,noms,5000,_s3,52486,5790,38038,204,3186,0,5000,51,17,0.3400,36.96,0.7393,0.1794,0.2732,0.3695,2.277,0.2413,1.132,0.082255,0.051571,0.045540,0.034477,0.030569,0.028820,2,0.1806,1.513
2026-07-31T20:26:26,lesechos_d25_s4_noms_propres_n5000_e5000_g3,lesechos,25,4,noms_propres,5000,_s3,8682,621,5383,24,714,0,4645,51,14,0.2800,30.00,0.6000,0.2250,0.3286,0.4298,2.738,0.2940,1.118,0.107233,0.066355,0.051443,0.039701,0.032745,0.031075,1,0.2012,1.633
2026-07-31T20:26:29,lesechos_d25_s6_tous_n5000_e5000_g3,lesechos,25,6,tous,5000,_s3,16794,4638,12658,69,1450,0,5000,51,13,0.2600,27.98,0.5596,0.2363,0.3412,0.4404,2.844,0.3004,1.136,0.119469,0.067002,0.049853,0.040512,0.034030,0.030380,2,0.1923,1.775
2026-07-31T20:26:32,lesechos_d25_s6_sans_verbes_n5000_e5000_g3,lesechos,25,6,sans_verbes,5000,_s3,16134,4277,12097,64,1398,0,5000,51,13,0.2600,28.19,0.5638,0.2346,0.3400,0.4408,2.833,0.3018,1.126,0.117809,0.067010,0.049792,0.040694,0.034793,0.029879,2,0.1899,1.790
2026-07-31T20:26:34,lesechos_d25_s6_noms_n5000_e5000_g3,lesechos,25,6,noms,5000,_s3,14670,3715,10909,58,1281,0,5000,51,13,0.2600,27.73,0.5545,0.2389,0.3447,0.4435,2.872,0.3022,1.141,0.119686,0.069135,0.050102,0.040964,0.033937,0.030875,1,0.1931,1.785
2026-07-31T20:26:36,lesechos_d25_s6_noms_propres_n5000_e5000_g3,lesechos,25,6,noms_propres,5000,_s3,2999,484,1843,9,299,0,1535,51,11,0.2200,22.81,0.4562,0.2765,0.3893,0.4957,3.244,0.3472,1.121,0.143249,0.076499,0.056712,0.043513,0.035976,0.033364,1,0.2149,1.811
2026-07-31T20:26:39,lesechos_d50_s4_tous_n5000_e5000_g3,lesechos,50,4,tous,5000,_s3,62592,8637,42805,453,3348,0,5000,101,34,0.3400,66.89,0.6689,0.1309,0.1872,0.2451,3.120,0.1650,1.135,0.064686,0.036457,0.029747,0.020320,0.018951,0.017067,2,0.1071,1.748
2026-07-31T20:26:42,lesechos_d50_s4_sans_verbes_n5000_e5000_g3,lesechos,50,4,sans_verbes,5000,_s3,58807,7136,39588,412,3184,0,5000,101,33,0.3300,67.41,0.6741,0.1302,0.1876,0.2466,3.127,0.1640,1.144,0.062157,0.038118,0.029895,0.020913,0.019856,0.016696,2,0.1088,1.725
2026-07-31T20:26:45,lesechos_d50_s4_noms_n5000_e5000_g3,lesechos,50,4,noms,5000,_s3,52486,5789,34845,355,2906,0,5000,101,33,0.3300,65.98,0.6598,0.1341,0.1926,0.2512,3.211,0.1699,1.134,0.063844,0.038524,0.031734,0.021618,0.019887,0.017027,2,0.1101,1.749
2026-07-31T20:26:48,lesechos_d50_s4_noms_propres_n5000_e5000_g3,lesechos,50,4,noms_propres,5000,_s3,8682,621,4789,46,639,0,4104,101,28,0.2800,53.79,0.5379,0.1640,0.2337,0.2991,3.896,0.2060,1.134,0.079992,0.043895,0.040163,0.026158,0.024061,0.019465,2,0.1243,1.881
2026-07-31T20:26:50,lesechos_d50_s6_tous_n5000_e5000_g3,lesechos,50,6,tous,5000,_s3,16794,4628,12008,118,1370,0,5000,101,28,0.2800,49.76,0.4976,0.1744,0.2430,0.3081,4.050,0.2125,1.144,0.090195,0.045109,0.039061,0.025657,0.022625,0.020382,2,0.1174,2.070
2026-07-31T20:26:53,lesechos_d50_s6_sans_verbes_n5000_e5000_g3,lesechos,50,6,sans_verbes,5000,_s3,16134,4268,11454,112,1318,0,5000,101,27,0.2700,48.55,0.4855,0.1774,0.2468,0.3131,4.113,0.2149,1.148,0.092710,0.044374,0.040266,0.025706,0.022561,0.021163,2,0.1189,2.075
2026-07-31T20:26:55,lesechos_d50_s6_noms_n5000_e5000_g3,lesechos,50,6,noms,5000,_s3,14670,3707,10304,103,1207,0,5000,101,27,0.2700,49.35,0.4935,0.1749,0.2461,0.3119,4.102,0.2129,1.156,0.090670,0.043785,0.040461,0.026378,0.023945,0.020856,2,0.1177,2.091
2026-07-31T20:26:57,lesechos_d50_s6_noms_propres_n5000_e5000_g3,lesechos,50,6,noms_propres,5000,_s3,2999,483,1692,15,275,0,1402,101,21,0.2100,37.96,0.3796,0.2111,0.2916,0.3677,4.860,0.2569,1.135,0.111334,0.052569,0.047246,0.030746,0.027034,0.022700,1,0.1360,2.144
2026-07-31T20:26:59,lesechos3j_d10_s4_tous_n0_e5000_g3,lesechos3j,10,4,tous,0,_s3,23167,6500,17779,150,0,0,5000,21,7,0.3500,16.46,0.8232,0.2930,0.4631,0.6397,1.544,0.3865,1.198,0.124431,0.098569,0.069971,0.064004,0.055920,0.050253,1,0.4012,1.154
2026-07-31T20:27:01,lesechos3j_d10_s4_sans_verbes_n0_e5000_g3,lesechos3j,10,4,sans_verbes,0,_s3,21705,5677,16521,136,0,0,5000,21,7,0.3500,16.02,0.8010,0.3043,0.4691,0.6469,1.564,0.3856,1.217,0.132989,0.100529,0.070766,0.061233,0.054708,0.048915,1,0.4050,1.158
2026-07-31T20:27:03,lesechos3j_d10_s4_noms_n0_e5000_g3,lesechos3j,10,4,noms,0,_s3,19195,4784,14551,117,0,0,5000,21,7,0.3500,16.05,0.8025,0.3038,0.4737,0.6490,1.579,0.3918,1.209,0.131712,0.099014,0.073098,0.063336,0.056406,0.050087,1,0.4047,1.170
2026-07-31T20:27:04,lesechos3j_d10_s4_noms_propres_n0_e5000_g3,lesechos3j,10,4,noms_propres,0,_s3,2961,587,2128,18,0,0,2110,21,6,0.3000,14.19,0.7095,0.3478,0.5241,0.6927,1.747,0.4362,1.202,0.154081,0.115590,0.078153,0.067718,0.059840,0.048756,0,0.4346,1.206
2026-07-31T20:27:06,lesechos3j_d10_s6_tous_n0_e5000_g3,lesechos3j,10,6,tous,0,_s3,5834,2696,4595,36,0,0,4559,21,5,0.2500,12.58,0.6291,0.3888,0.5595,0.7170,1.865,0.4543,1.232,0.179841,0.126308,0.082646,0.068819,0.056603,0.045313,1,0.4251,1.316
2026-07-31T20:27:08,lesechos3j_d10_s6_sans_verbes_n0_e5000_g3,lesechos3j,10,6,sans_verbes,0,_s3,5583,2547,4400,32,0,0,4368,21,5,0.2500,12.49,0.6247,0.3916,0.5625,0.7181,1.875,0.4558,1.234,0.180662,0.127563,0.083413,0.069175,0.056679,0.044975,1,0.4252,1.323
2026-07-31T20:27:09,lesechos3j_d10_s6_noms_n0_e5000_g3,lesechos3j,10,6,noms,0,_s3,4969,2244,3911,29,0,0,3882,21,5,0.2500,12.44,0.6219,0.3931,0.5644,0.7201,1.881,0.4561,1.238,0.181064,0.128491,0.083498,0.069506,0.057013,0.044855,1,0.4284,1.318
2026-07-31T20:27:10,lesechos3j_d10_s6_noms_propres_n0_e5000_g3,lesechos3j,10,6,noms_propres,0,_s3,806,347,643,9,0,0,634,21,4,0.2000,10.19,0.5094,0.4569,0.6289,0.7762,2.096,0.5087,1.236,0.209452,0.160752,0.086731,0.070870,0.059357,0.041756,0,0.4510,1.395
2026-07-31T20:27:12,lesechos3j_d15_s4_tous_n0_e5000_g3,lesechos3j,15,4,tous,0,_s3,23167,6498,17371,191,0,0,5000,31,11,0.3667,23.67,0.7891,0.2313,0.3582,0.4926,1.791,0.2996,1.195,0.106354,0.071372,0.053559,0.046604,0.041750,0.038574,1,0.3016,1.188
2026-07-31T20:27:14,lesechos3j_d15_s4_sans_verbes_n0_e5000_g3,lesechos3j,15,4,sans_verbes,0,_s3,21705,5675,16126,176,0,0,5000,31,11,0.3667,23.47,0.7823,0.2338,0.3612,0.4976,1.806,0.3022,1.195,0.107854,0.071080,0.054904,0.046658,0.042113,0.038572,1,0.3037,1.189
2026-07-31T20:27:16,lesechos3j_d15_s4_noms_n0_e5000_g3,lesechos3j,15,4,noms,0,_s3,19195,4783,14190,155,0,0,5000,31,10,0.3333,23.19,0.7729,0.2366,0.3657,0.5024,1.828,0.3057,1.196,0.109688,0.073203,0.053716,0.048238,0.042718,0.038092,1,0.3069,1.191
2026-07-31T20:27:18,lesechos3j_d15_s4_noms_propres_n0_e5000_g3,lesechos3j,15,4,noms_propres,0,_s3,2961,587,2064,22,0,0,2042,31,9,0.3000,19.98,0.6659,0.2795,0.4204,0.5575,2.102,0.3516,1.196,0.130977,0.087524,0.061008,0.054349,0.045593,0.040945,0,0.3330,1.262
2026-07-31T20:27:19,lesechos3j_d15_s6_tous_n0_e5000_g3,lesechos3j,15,6,tous,0,_s3,5834,2693,4533,51,0,0,4482,31,8,0.2667,17.15,0.5717,0.3204,0.4580,0.5848,2.290,0.3701,1.238,0.159834,0.096167,0.064434,0.054461,0.044411,0.038703,1,0.3271,1.400
2026-07-31T20:27:21,lesechos3j_d15_s6_sans_verbes_n0_e5000_g3,lesechos3j,15,6,sans_verbes,0,_s3,5583,2544,4340,47,0,0,4293,31,8,0.2667,17.02,0.5673,0.3228,0.4604,0.5868,2.302,0.3719,1.238,0.160825,0.097144,0.064874,0.054622,0.044617,0.038323,1,0.3281,1.403
2026-07-31T20:27:23,lesechos3j_d15_s6_noms_n0_e5000_g3,lesechos3j,15,6,noms,0,_s3,4969,2242,3855,43,0,0,3812,31,7,0.2333,16.92,0.5640,0.3248,0.4634,0.5887,2.317,0.3733,1.241,0.160880,0.098960,0.064996,0.054587,0.045127,0.038864,1,0.3310,1.400
2026-07-31T20:27:24,lesechos3j_d15_s6_noms_propres_n0_e5000_g3,lesechos3j,15,6,noms_propres,0,_s3,806,347,632,10,0,0,622,31,6,0.2000,13.65,0.4549,0.3798,0.5250,0.6541,2.625,0.4274,1.228,0.190150,0.119843,0.069808,0.057698,0.046182,0.041310,0,0.3480,1.509
2026-07-31T20:27:26,lesechos3j_d25_s4_tous_n0_e5000_g3,lesechos3j,25,4,tous,0,_s3,23167,6486,16721,287,0,0,5000,51,17,0.3400,37.82,0.7564,0.1694,0.2640,0.3608,2.200,0.2189,1.206,0.082509,0.048072,0.038860,0.035458,0.030153,0.028961,1,0.2138,1.235
2026-07-31T20:27:28,lesechos3j_d25_s4_sans_verbes_n0_e5000_g3,lesechos3j,25,4,sans_verbes,0,_s3,21705,5668,15495,266,0,0,5000,51,17,0.3400,36.76,0.7353,0.1751,0.2707,0.3685,2.256,0.2227,1.216,0.086513,0.050412,0.038210,0.036401,0.030551,0.028593,1,0.2168,1.249
2026-07-31T20:27:30,lesechos3j_d25_s4_noms_n0_e5000_g3,lesechos3j,25,4,noms,0,_s3,19195,4777,13616,234,0,0,5000,51,17,0.3400,36.76,0.7352,0.1751,0.2713,0.3698,2.261,0.2257,1.202,0.086330,0.050296,0.038474,0.036492,0.030488,0.029237,1,0.2185,1.241
2026-07-31T20:27:31,lesechos3j_d25_s4_noms_propres_n0_e5000_g3,lesechos3j,25,4,noms_propres,0,_s3,2961,587,1967,31,0,0,1936,51,14,0.2800,30.49,0.6098,0.2154,0.3225,0.4268,2.687,0.2689,1.199,0.107332,0.061558,0.046546,0.041177,0.033295,0.032565,1,0.2396,1.346
2026-07-31T20:27:33,lesechos3j_d25_s6_tous_n0_e5000_g3,lesechos3j,25,6,tous,0,_s3,5834,2683,4450,70,0,0,4380,51,13,0.2600,25.65,0.5130,0.2499,0.3558,0.4550,2.965,0.2860,1.244,0.134326,0.068466,0.047153,0.041837,0.032509,0.031489,1,0.2373,1.499
2026-07-31T20:27:35,lesechos3j_d25_s6_sans_verbes_n0_e5000_g3,lesechos3j,25,6,sans_verbes,0,_s3,5583,2535,4258,65,0,0,4193,51,13,0.2600,25.40,0.5079,0.2519,0.3583,0.4578,2.986,0.2880,1.244,0.135422,0.069127,0.047389,0.042026,0.032772,0.031535,1,0.2385,1.502
2026-07-31T20:27:36,lesechos3j_d25_s6_noms_n0_e5000_g3,lesechos3j,25,6,noms,0,_s3,4969,2233,3781,61,0,0,3720,51,13,0.2600,25.39,0.5079,0.2526,0.3595,0.4594,2.996,0.2887,1.245,0.134590,0.070349,0.047674,0.041987,0.033182,0.031739,1,0.2399,1.499
2026-07-31T20:27:38,lesechos3j_d25_s6_noms_propres_n0_e5000_g3,lesechos3j,25,6,noms_propres,0,_s3,806,347,612,11,0,0,601,51,9,0.1800,19.24,0.3848,0.3098,0.4257,0.5346,3.548,0.3480,1.223,0.164950,0.086837,0.057979,0.045259,0.037073,0.033616,0,0.2569,1.657
2026-07-31T20:27:40,lesechos3j_d50_s4_tous_n0_e5000_g3,lesechos3j,50,4,tous,0,_s3,23167,6453,15430,548,0,0,5000,101,34,0.3400,69.92,0.6992,0.1208,0.1823,0.2434,3.038,0.1462,1.247,0.059874,0.031342,0.029624,0.022776,0.020242,0.018451,1,0.1363,1.338
2026-07-31T20:27:42,lesechos3j_d50_s4_sans_verbes_n0_e5000_g3,lesechos3j,50,4,sans_verbes,0,_s3,21705,5636,14255,509,0,0,5000,101,34,0.3400,69.39,0.6939,0.1222,0.1847,0.2449,3.078,0.1471,1.255,0.060390,0.031943,0.029886,0.022888,0.020648,0.018896,1,0.1368,1.350
2026-07-31T20:27:44,lesechos3j_d50_s4_noms_n0_e5000_g3,lesechos3j,50,4,noms,0,_s3,19195,4752,12503,446,0,0,5000,101,33,0.3300,68.14,0.6814,0.1257,0.1884,0.2491,3.139,0.1492,1.263,0.061757,0.032814,0.031091,0.023243,0.020909,0.018554,1,0.1397,1.348
2026-07-31T20:27:46,lesechos3j_d50_s4_noms_propres_n0_e5000_g3,lesechos3j,50,4,noms_propres,0,_s3,2961,586,1809,50,0,0,1759,101,27,0.2700,55.23,0.5523,0.1514,0.2281,0.2971,3.801,0.1843,1.237,0.077698,0.040006,0.033667,0.031630,0.024302,0.020769,1,0.1526,1.495
2026-07-31T20:27:48,lesechos3j_d50_s6_tous_n0_e5000_g3,lesechos3j,50,6,tous,0,_s3,5834,2647,4254,169,0,0,4085,101,27,0.2700,46.47,0.4647,0.1755,0.2510,0.3183,4.184,0.1989,1.262,0.099825,0.043068,0.032634,0.029947,0.024104,0.021459,1,0.1539,1.631
2026-07-31T20:27:50,lesechos3j_d50_s6_sans_verbes_n0_e5000_g3,lesechos3j,50,6,sans_verbes,0,_s3,5583,2502,4065,158,0,0,3907,101,26,0.2600,45.91,0.4591,0.1768,0.2534,0.3211,4.224,0.2004,1.265,0.100796,0.043476,0.032576,0.030317,0.024516,0.021744,1,0.1551,1.634
2026-07-31T20:27:51,lesechos3j_d50_s6_noms_n0_e5000_g3,lesechos3j,50,6,noms,0,_s3,4969,2206,3608,141,0,0,3467,101,26,0.2600,45.53,0.4553,0.1782,0.2554,0.3238,4.257,0.2011,1.270,0.101068,0.044225,0.032931,0.030557,0.024585,0.022038,1,0.1572,1.624
2026-07-31T20:27:53,lesechos3j_d50_s6_noms_propres_n0_e5000_g3,lesechos3j,50,6,noms_propres,0,_s3,806,346,585,17,0,0,568,101,17,0.1700,32.24,0.3224,0.2304,0.3178,0.3958,5.296,0.2514,1.264,0.126656,0.060309,0.043430,0.035638,0.028060,0.023697,0,0.1732,1.835
2026-07-31T20:27:54,lesechos7j_d10_s4_tous_n0_e5000_g3,lesechos7j,10,4,tous,0,_s3,12297,4584,8821,188,0,0,5000,21,6,0.3000,14.60,0.7298,0.3428,0.5079,0.6768,1.693,0.4017,1.264,0.146849,0.119131,0.076822,0.061581,0.054968,0.048575,0,0.4575,1.110
2026-07-31T20:27:56,lesechos7j_d10_s4_sans_verbes_n0_e5000_g3,lesechos7j,10,4,sans_verbes,0,_s3,11594,4155,8257,175,0,0,5000,21,6,0.3000,14.58,0.7291,0.3448,0.5087,0.6782,1.696,0.4033,1.261,0.147223,0.117335,0.080216,0.061747,0.054643,0.047489,0,0.4569,1.113
2026-07-31T20:27:57,lesechos7j_d10_s4_noms_n0_e5000_g3,lesechos7j,10,4,noms,0,_s3,10215,3568,7256,156,0,0,5000,21,6,0.3000,14.55,0.7276,0.3440,0.5083,0.6763,1.694,0.4008,1.268,0.148751,0.117303,0.077963,0.061848,0.055365,0.047095,0,0.4589,1.108
2026-07-31T20:27:58,lesechos7j_d10_s4_noms_propres_n0_e5000_g3,lesechos7j,10,4,noms_propres,0,_s3,1690,493,1158,22,0,0,1136,21,6,0.3000,13.53,0.6763,0.3735,0.5418,0.7065,1.806,0.4350,1.246,0.151517,0.135552,0.086432,0.064038,0.054343,0.049948,0,0.4649,1.165
2026-07-31T20:27:59,lesechos7j_d10_s6_tous_n0_e5000_g3,lesechos7j,10,6,tous,0,_s3,3321,1742,2451,55,0,0,2396,21,4,0.2000,10.69,0.5343,0.4480,0.6101,0.7512,2.034,0.4716,1.294,0.202808,0.154947,0.090212,0.062736,0.056428,0.042972,0,0.4946,1.234
2026-07-31T20:28:01,lesechos7j_d10_s6_sans_verbes_n0_e5000_g3,lesechos7j,10,6,sans_verbes,0,_s3,3170,1654,2342,52,0,0,2290,21,4,0.2000,10.68,0.5339,0.4489,0.6110,0.7522,2.037,0.4721,1.294,0.202431,0.155359,0.091080,0.062824,0.056193,0.043068,0,0.4955,1.233
2026-07-31T20:28:02,lesechos7j_d10_s6_noms_n0_e5000_g3,lesechos7j,10,6,noms,0,_s3,2807,1466,2080,47,0,0,2033,21,4,0.2000,10.65,0.5324,0.4498,0.6132,0.7538,2.044,0.4746,1.292,0.203603,0.153752,0.092452,0.063289,0.056601,0.043506,0,0.4974,1.233
2026-07-31T20:28:03,lesechos7j_d10_s6_noms_propres_n0_e5000_g3,lesechos7j,10,6,noms_propres,0,_s3,470,243,368,10,0,0,358,21,4,0.2000,9.73,0.4867,0.4850,0.6522,0.7941,2.174,0.5235,1.246,0.204906,0.175063,0.105080,0.062214,0.060269,0.044663,0,0.5074,1.285
2026-07-31T20:28:05,lesechos7j_d15_s4_tous_n0_e5000_g3,lesechos7j,15,4,tous,0,_s3,12297,4566,8567,271,0,0,5000,31,10,0.3333,21.30,0.7100,0.2660,0.3978,0.5293,1.989,0.3139,1.267,0.120986,0.085511,0.059541,0.049779,0.044420,0.037551,0,0.3530,1.127
2026-07-31T20:28:06,lesechos7j_d15_s4_sans_verbes_n0_e5000_g3,lesechos7j,15,4,sans_verbes,0,_s3,11594,4139,8009,253,0,0,5000,31,9,0.3000,21.08,0.7027,0.2705,0.4003,0.5316,2.002,0.3139,1.275,0.121782,0.088289,0.060448,0.048897,0.043430,0.037485,0,0.3549,1.128
2026-07-31T20:28:08,lesechos7j_d15_s4_noms_n0_e5000_g3,lesechos7j,15,4,noms,0,_s3,10215,3554,7033,227,0,0,5000,31,9,0.3000,20.95,0.6982,0.2718,0.4026,0.5348,2.013,0.3171,1.269,0.122967,0.087921,0.060874,0.049449,0.044029,0.037351,0,0.3544,1.136
2026-07-31T20:28:09,lesechos7j_d15_s4_noms_propres_n0_e5000_g3,lesechos7j,15,4,noms_propres,0,_s3,1690,493,1117,36,0,0,1081,31,8,0.2667,19.05,0.6349,0.2998,0.4398,0.5750,2.199,0.3442,1.278,0.128745,0.103683,0.067338,0.054081,0.046046,0.039886,0,0.3598,1.222
2026-07-31T20:28:10,lesechos7j_d15_s6_tous_n0_e5000_g3,lesechos7j,15,6,tous,0,_s3,3321,1727,2416,79,0,0,2337,31,6,0.2000,14.34,0.4780,0.3756,0.5111,0.6307,2.555,0.3916,1.305,0.180081,0.122865,0.072649,0.053096,0.046410,0.035967,0,0.3885,1.315
2026-07-31T20:28:11,lesechos7j_d15_s6_sans_verbes_n0_e5000_g3,lesechos7j,15,6,sans_verbes,0,_s3,3170,1639,2310,76,0,0,2234,31,6,0.2000,14.31,0.4771,0.3766,0.5121,0.6324,2.561,0.3926,1.305,0.180050,0.123052,0.073490,0.053118,0.046553,0.035868,0,0.3901,1.313
2026-07-31T20:28:12,lesechos7j_d15_s6_noms_n0_e5000_g3,lesechos7j,15,6,noms,0,_s3,2807,1452,2050,69,0,0,1981,31,6,0.2000,14.17,0.4723,0.3788,0.5161,0.6362,2.580,0.3964,1.302,0.182155,0.121830,0.074828,0.053870,0.047398,0.035986,0,0.3924,1.315
2026-07-31T20:28:14,lesechos7j_d15_s6_noms_propres_n0_e5000_g3,lesechos7j,15,6,noms_propres,0,_s3,470,240,364,16,0,0,348,31,5,0.1667,13.01,0.4338,0.4061,0.5558,0.6870,2.779,0.4406,1.261,0.177965,0.143487,0.084643,0.057816,0.050327,0.041525,0,0.3923,1.417
2026-07-31T20:28:15,lesechos7j_d25_s4_tous_n0_e5000_g3,lesechos7j,25,4,tous,0,_s3,12297,4508,8099,424,0,0,5000,51,16,0.3200,33.58,0.6716,0.2011,0.2969,0.3955,2.474,0.2281,1.302,0.095661,0.060056,0.045361,0.035956,0.032258,0.027566,1,0.2571,1.155
2026-07-31T20:28:17,lesechos7j_d25_s4_sans_verbes_n0_e5000_g3,lesechos7j,25,4,sans_verbes,0,_s3,11594,4085,7555,397,0,0,5000,51,15,0.3000,33.07,0.6614,0.2060,0.3019,0.4005,2.516,0.2302,1.311,0.095527,0.064854,0.045654,0.035893,0.032311,0.027653,1,0.2596,1.163
2026-07-31T20:28:19,lesechos7j_d25_s4_noms_n0_e5000_g3,lesechos7j,25,4,noms,0,_s3,10215,3508,6622,355,0,0,5000,51,15,0.3000,32.83,0.6567,0.2069,0.3037,0.4015,2.531,0.2308,1.316,0.096947,0.064319,0.045616,0.036677,0.032938,0.027173,1,0.2605,1.166
2026-07-31T20:28:20,lesechos7j_d25_s4_noms_propres_n0_e5000_g3,lesechos7j,25,4,noms_propres,0,_s3,1690,490,1059,45,0,0,1014,51,13,0.2600,29.15,0.5830,0.2316,0.3394,0.4452,2.829,0.2615,1.298,0.102354,0.078960,0.050279,0.041717,0.035567,0.030556,0,0.2630,1.290
2026-07-31T20:28:21,lesechos7j_d25_s6_tous_n0_e5000_g3,lesechos7j,25,6,tous,0,_s3,3321,1700,2338,135,0,0,2203,51,11,0.2200,21.74,0.4348,0.2939,0.3978,0.4931,3.315,0.2995,1.328,0.148090,0.090445,0.055401,0.039223,0.037404,0.027222,0,0.2902,1.371
2026-07-31T20:28:22,lesechos7j_d25_s6_sans_verbes_n0_e5000_g3,lesechos7j,25,6,sans_verbes,0,_s3,3170,1612,2236,132,0,0,2104,51,11,0.2200,21.64,0.4327,0.2952,0.3995,0.4955,3.329,0.3013,1.326,0.148245,0.090800,0.056112,0.039595,0.037632,0.027128,0,0.2909,1.374
2026-07-31T20:28:24,lesechos7j_d25_s6_noms_n0_e5000_g3,lesechos7j,25,6,noms,0,_s3,2807,1429,1984,119,0,0,1865,51,11,0.2200,21.35,0.4271,0.2972,0.4040,0.4993,3.367,0.3023,1.337,0.150201,0.090126,0.056910,0.040938,0.038140,0.027704,0,0.2937,1.376
2026-07-31T20:28:25,lesechos7j_d25_s6_noms_propres_n0_e5000_g3,lesechos7j,25,6,noms_propres,0,_s3,470,240,356,18,0,0,338,51,8,0.1600,18.96,0.3793,0.3260,0.4472,0.5497,3.727,0.3451,1.296,0.150195,0.109654,0.066116,0.048679,0.040641,0.031941,0,0.3142,1.423
2026-07-31T20:28:27,lesechos7j_d50_s4_tous_n0_e5000_g3,lesechos7j,50,4,tous,0,_s3,12297,4394,7427,659,0,0,5000,101,31,0.3100,61.78,0.6178,0.1408,0.2111,0.2754,3.518,0.1488,1.419,0.066707,0.042809,0.031294,0.028152,0.022073,0.020053,1,0.1721,1.227
2026-07-31T20:28:28,lesechos7j_d50_s4_sans_verbes_n0_e5000_g3,lesechos7j,50,4,sans_verbes,0,_s3,11594,3980,6896,620,0,0,5000,101,30,0.3000,60.96,0.6096,0.1432,0.2141,0.2783,3.568,0.1498,1.429,0.067382,0.043937,0.031833,0.028554,0.021978,0.020378,1,0.1730,1.238
2026-07-31T20:28:30,lesechos7j_d50_s4_noms_n0_e5000_g3,lesechos7j,50,4,noms,0,_s3,10215,3416,6034,558,0,0,5000,101,30,0.3000,60.85,0.6085,0.1431,0.2151,0.2795,3.584,0.1510,1.425,0.066907,0.044530,0.031660,0.028709,0.022562,0.020701,1,0.1729,1.244
2026-07-31T20:28:31,lesechos7j_d50_s4_noms_propres_n0_e5000_g3,lesechos7j,50,4,noms_propres,0,_s3,1690,484,960,69,0,0,891,101,24,0.2400,49.49,0.4949,0.1712,0.2537,0.3239,4.229,0.1811,1.401,0.077826,0.058441,0.034929,0.032204,0.026403,0.023929,0,0.1847,1.373
2026-07-31T20:28:33,lesechos7j_d50_s6_tous_n0_e5000_g3,lesechos7j,50,6,tous,0,_s3,3321,1660,2243,197,0,0,2046,101,22,0.2200,39.91,0.3991,0.2060,0.2847,0.3559,4.745,0.2047,1.391,0.106345,0.060209,0.039487,0.029588,0.026638,0.022410,0,0.1961,1.451
2026-07-31T20:28:34,lesechos7j_d50_s6_sans_verbes_n0_e5000_g3,lesechos7j,50,6,sans_verbes,0,_s3,3170,1572,2142,194,0,0,1948,101,22,0.2200,39.47,0.3947,0.2076,0.2873,0.3587,4.788,0.2053,1.399,0.107018,0.060770,0.039786,0.029885,0.027025,0.022772,0,0.1978,1.452
2026-07-31T20:28:35,lesechos7j_d50_s6_noms_n0_e5000_g3,lesechos7j,50,6,noms,0,_s3,2807,1392,1907,177,0,0,1730,101,22,0.2200,38.89,0.3889,0.2089,0.2899,0.3624,4.831,0.2068,1.402,0.108443,0.060578,0.039917,0.030545,0.027201,0.023170,0,0.1993,1.455
2026-07-31T20:28:36,lesechos7j_d50_s6_noms_propres_n0_e5000_g3,lesechos7j,50,6,noms_propres,0,_s3,470,234,339,28,0,0,311,101,15,0.1500,30.94,0.3094,0.2422,0.3352,0.4181,5.586,0.2521,1.330,0.119861,0.073907,0.048474,0.036981,0.030590,0.025338,0,0.2131,1.573
2026-07-31T20:28:38,mediapart_d10_s4_tous_n2000_e5000_g3,mediapart,10,4,tous,2000,_s3,31232,7348,27443,79,1294,0,5000,21,8,0.4000,16.64,0.8318,0.2967,0.4521,0.6320,1.507,0.4234,1.068,0.116048,0.105349,0.075303,0.054107,0.053374,0.047939,1,0.3407,1.327
2026-07-31T20:28:40,mediapart_d10_s4_sans_verbes_n2000_e5000_g3,mediapart,10,4,sans_verbes,2000,_s3,29154,6208,25448,70,1228,0,5000,21,8,0.4000,16.88,0.8442,0.2884,0.4490,0.6293,1.497,0.4161,1.079,0.115972,0.099083,0.073369,0.057290,0.052646,0.050637,1,0.3413,1.316
2026-07-31T20:28:42,mediapart_d10_s4_noms_n2000_e5000_g3,mediapart,10,4,noms,2000,_s3,26160,5147,22709,64,1119,0,5000,21,8,0.4000,16.85,0.8426,0.2897,0.4471,0.6291,1.490,0.4148,1.078,0.115089,0.101573,0.073044,0.055428,0.052148,0.049847,1,0.3411,1.311
2026-07-31T20:28:44,mediapart_d10_s4_noms_propres_n2000_e5000_g3,mediapart,10,4,noms_propres,2000,_s3,3039,503,2611,10,157,0,2444,21,6,0.3000,14.59,0.7294,0.3392,0.5050,0.6746,1.683,0.4667,1.082,0.142585,0.128145,0.068444,0.060104,0.055471,0.050299,1,0.3562,1.418
2026-07-31T20:28:45,mediapart_d10_s6_tous_n2000_e5000_g3,mediapart,10,6,tous,2000,_s3,9225,2661,7595,24,383,0,5000,21,7,0.3500,15.34,0.7670,0.3328,0.4830,0.6565,1.610,0.4508,1.071,0.139177,0.103572,0.090031,0.052704,0.049266,0.048256,1,0.3422,1.411
2026-07-31T20:28:48,mediapart_d10_s6_sans_verbes_n2000_e5000_g3,mediapart,10,6,sans_verbes,2000,_s3,8967,2479,7345,23,370,0,5000,21,7,0.3500,15.57,0.7784,0.3283,0.4780,0.6512,1.593,0.4463,1.071,0.134658,0.103642,0.090037,0.052973,0.049929,0.046789,1,0.3413,1.401
2026-07-31T20:28:50,mediapart_d10_s6_noms_n2000_e5000_g3,mediapart,10,6,noms,2000,_s3,8229,2194,6695,21,349,0,5000,21,7,0.3500,15.25,0.7627,0.3358,0.4863,0.6565,1.621,0.4554,1.068,0.139938,0.103403,0.092443,0.052484,0.050847,0.047202,1,0.3426,1.420
2026-07-31T20:28:51,mediapart_d10_s6_noms_propres_n2000_e5000_g3,mediapart,10,6,noms_propres,2000,_s3,918,210,794,4,48,0,742,21,5,0.2500,12.47,0.6233,0.3908,0.5623,0.7256,1.874,0.5224,1.076,0.171179,0.144071,0.075585,0.067506,0.054328,0.049605,1,0.3728,1.508
2026-07-31T20:28:53,mediapart_d15_s4_tous_n2000_e5000_g3,mediapart,15,4,tous,2000,_s3,31232,7336,26599,130,1261,0,5000,31,11,0.3667,24.07,0.8024,0.2377,0.3496,0.4800,1.748,0.3284,1.065,0.095562,0.080084,0.062086,0.040062,0.036944,0.034894,1,0.2380,1.469
2026-07-31T20:28:56,mediapart_d15_s4_sans_verbes_n2000_e5000_g3,mediapart,15,4,sans_verbes,2000,_s3,29154,6200,24621,115,1197,0,5000,31,11,0.3667,24.13,0.8044,0.2345,0.3497,0.4800,1.748,0.3290,1.063,0.097815,0.076669,0.060044,0.040353,0.039208,0.035577,1,0.2378,1.471
2026-07-31T20:28:58,mediapart_d15_s4_noms_n2000_e5000_g3,mediapart,15,4,noms,2000,_s3,26160,5140,21934,102,1088,0,5000,31,11,0.3667,24.05,0.8018,0.2357,0.3531,0.4887,1.766,0.3293,1.072,0.095871,0.076397,0.063409,0.041397,0.039637,0.036430,1,0.2396,1.474
2026-07-31T20:29:00,mediapart_d15_s4_noms_propres_n2000_e5000_g3,mediapart,15,4,noms_propres,2000,_s3,3039,502,2515,13,155,0,2347,31,9,0.3000,20.92,0.6973,0.2767,0.4029,0.5340,2.014,0.3789,1.063,0.116188,0.098179,0.062300,0.045171,0.042824,0.038218,1,0.2477,1.627
2026-07-31T20:29:03,mediapart_d15_s6_tous_n2000_e5000_g3,mediapart,15,6,tous,2000,_s3,9225,2661,7303,30,376,0,5000,31,10,0.3333,21.53,0.7176,0.2752,0.3848,0.5110,1.924,0.3652,1.054,0.118214,0.081003,0.076012,0.039212,0.036558,0.033793,1,0.2391,1.609
2026-07-31T20:29:05,mediapart_d15_s6_sans_verbes_n2000_e5000_g3,mediapart,15,6,sans_verbes,2000,_s3,8967,2479,7054,29,363,0,5000,31,10,0.3333,21.46,0.7152,0.2758,0.3862,0.5117,1.931,0.3672,1.052,0.119378,0.081103,0.075352,0.039500,0.037072,0.033824,1,0.2401,1.609
2026-07-31T20:29:07,mediapart_d15_s6_noms_n2000_e5000_g3,mediapart,15,6,noms,2000,_s3,8229,2194,6419,27,342,0,5000,31,10,0.3333,21.24,0.7080,0.2792,0.3894,0.5155,1.947,0.3712,1.049,0.120189,0.084129,0.074869,0.039449,0.037247,0.033534,1,0.2394,1.626
2026-07-31T20:29:09,mediapart_d15_s6_noms_propres_n2000_e5000_g3,mediapart,15,6,noms_propres,2000,_s3,918,210,772,5,49,0,718,31,8,0.2667,17.73,0.5910,0.3203,0.4535,0.5840,2.268,0.4252,1.067,0.141402,0.111341,0.067571,0.050106,0.045492,0.037616,1,0.2661,1.704
2026-07-31T20:29:11,mediapart_d25_s4_tous_n2000_e5000_g3,mediapart,25,4,tous,2000,_s3,31232,7311,25424,223,1204,0,5000,51,18,0.3600,38.33,0.7666,0.1788,0.2578,0.3480,2.148,0.2471,1.043,0.075969,0.053027,0.049778,0.028918,0.025870,0.024223,1,0.1520,1.696
2026-07-31T20:29:13,mediapart_d25_s4_sans_verbes_n2000_e5000_g3,mediapart,25,4,sans_verbes,2000,_s3,29154,6188,23478,188,1140,0,5000,51,18,0.3600,37.74,0.7549,0.1828,0.2641,0.3548,2.201,0.2507,1.053,0.076821,0.055934,0.050072,0.029744,0.026636,0.024857,1,0.1531,1.725
2026-07-31T20:29:16,mediapart_d25_s4_noms_n2000_e5000_g3,mediapart,25,4,noms,2000,_s3,26160,5135,20872,159,1033,0,5000,51,18,0.3600,38.11,0.7622,0.1807,0.2597,0.3511,2.164,0.2489,1.043,0.075644,0.054245,0.050764,0.028116,0.026666,0.024225,1,0.1522,1.706
2026-07-31T20:29:18,mediapart_d25_s4_noms_propres_n2000_e5000_g3,mediapart,25,4,noms_propres,2000,_s3,3039,501,2366,17,144,0,2205,51,15,0.3000,31.92,0.6384,0.2207,0.3120,0.4072,2.600,0.2982,1.046,0.094416,0.071312,0.055019,0.033195,0.030855,0.027190,1,0.1615,1.932
2026-07-31T20:29:19,mediapart_d25_s6_tous_n2000_e5000_g3,mediapart,25,6,tous,2000,_s3,9225,2658,6896,45,365,0,5000,51,16,0.3200,31.07,0.6215,0.2266,0.3072,0.3948,2.560,0.2953,1.040,0.107490,0.061412,0.057720,0.029325,0.026940,0.024305,1,0.1529,2.010
2026-07-31T20:29:21,mediapart_d25_s6_sans_verbes_n2000_e5000_g3,mediapart,25,6,sans_verbes,2000,_s3,8967,2477,6649,43,352,0,5000,51,16,0.3200,31.84,0.6368,0.2229,0.3006,0.3866,2.505,0.2882,1.043,0.103727,0.061485,0.057679,0.028560,0.025170,0.024001,1,0.1517,1.982
2026-07-31T20:29:23,mediapart_d25_s6_noms_n2000_e5000_g3,mediapart,25,6,noms,2000,_s3,8229,2192,6047,41,331,0,5000,51,16,0.3200,31.17,0.6235,0.2282,0.3060,0.3916,2.550,0.2940,1.041,0.106111,0.062463,0.059641,0.028219,0.025624,0.023898,1,0.1520,2.013
2026-07-31T20:29:25,mediapart_d25_s6_noms_propres_n2000_e5000_g3,mediapart,25,6,noms_propres,2000,_s3,918,210,728,6,45,0,677,51,12,0.2400,26.20,0.5240,0.2598,0.3637,0.4660,3.031,0.3402,1.069,0.114031,0.084410,0.061399,0.037303,0.035828,0.030739,1,0.1830,1.987
2026-07-31T20:29:27,mediapart_d50_s4_tous_n2000_e5000_g3,mediapart,50,4,tous,2000,_s3,31232,7256,23451,406,1117,0,5000,101,36,0.3600,67.79,0.6779,0.1337,0.1811,0.2325,3.018,0.1726,1.049,0.064463,0.034695,0.034558,0.017828,0.015085,0.014460,1,0.0862,2.102
2026-07-31T20:29:30,mediapart_d50_s4_sans_verbes_n2000_e5000_g3,mediapart,50,4,sans_verbes,2000,_s3,29154,6153,21548,345,1056,0,5000,101,35,0.3500,67.76,0.6776,0.1318,0.1794,0.2329,2.991,0.1725,1.040,0.065271,0.033981,0.032572,0.017642,0.015383,0.014582,2,0.0854,2.102
2026-07-31T20:29:32,mediapart_d50_s4_noms_n2000_e5000_g3,mediapart,50,4,noms,2000,_s3,26160,5117,19074,283,956,0,5000,101,35,0.3500,68.25,0.6825,0.1312,0.1792,0.2323,2.987,0.1706,1.050,0.064016,0.034478,0.032742,0.018278,0.015358,0.014338,1,0.0856,2.093
2026-07-31T20:29:34,mediapart_d50_s4_noms_propres_n2000_e5000_g3,mediapart,50,4,noms_propres,2000,_s3,3039,501,2113,24,126,0,1963,101,29,0.2900,54.99,0.5499,0.1662,0.2273,0.2880,3.788,0.2162,1.051,0.075546,0.047172,0.043445,0.023247,0.020036,0.017825,1,0.0957,2.375
2026-07-31T20:29:36,mediapart_d50_s6_tous_n2000_e5000_g3,mediapart,50,6,tous,2000,_s3,9225,2647,6296,86,351,0,5000,101,32,0.3200,53.77,0.5377,0.1698,0.2198,0.2716,3.663,0.2134,1.030,0.085957,0.042334,0.041530,0.019256,0.015867,0.014824,1,0.0852,2.580
2026-07-31T20:29:38,mediapart_d50_s6_sans_verbes_n2000_e5000_g3,mediapart,50,6,sans_verbes,2000,_s3,8967,2467,6053,83,338,0,5000,101,32,0.3200,52.83,0.5283,0.1712,0.2198,0.2718,3.663,0.2128,1.033,0.088897,0.041551,0.040708,0.018395,0.015589,0.014648,1,0.0856,2.567
2026-07-31T20:29:40,mediapart_d50_s6_noms_n2000_e5000_g3,mediapart,50,6,noms,2000,_s3,8229,2183,5489,77,317,0,5000,101,32,0.3200,52.81,0.5281,0.1720,0.2207,0.2727,3.678,0.2139,1.032,0.088323,0.042277,0.041445,0.018395,0.015688,0.014547,1,0.0859,2.569
2026-07-31T20:29:42,mediapart_d50_s6_noms_propres_n2000_e5000_g3,mediapart,50,6,noms_propres,2000,_s3,918,209,659,9,42,0,608,101,21,0.2100,42.31,0.4231,0.2014,0.2746,0.3483,4.577,0.2609,1.053,0.090172,0.062171,0.049082,0.026843,0.025459,0.020881,1,0.1151,2.386
2026-07-31T20:29:44,mediapart3j_d10_s4_tous_n0_e5000_g3,mediapart3j,10,4,tous,0,_s3,12059,5204,10646,82,0,0,5000,21,8,0.4000,18.42,0.9210,0.2369,0.4016,0.5933,1.339,0.3632,1.106,0.098896,0.074149,0.063869,0.060451,0.054410,0.049825,1,0.3392,1.184
2026-07-31T20:29:45,mediapart3j_d10_s4_sans_verbes_n0_e5000_g3,mediapart3j,10,4,sans_verbes,0,_s3,11300,4660,9939,75,0,0,5000,21,8,0.4000,18.16,0.9079,0.2459,0.4128,0.5995,1.376,0.3730,1.107,0.103402,0.076247,0.066274,0.061056,0.055705,0.050075,1,0.3401,1.214
2026-07-31T20:29:46,mediapart3j_d10_s4_noms_n0_e5000_g3,mediapart3j,10,4,noms,0,_s3,10024,3999,8814,65,0,0,5000,21,8,0.4000,18.18,0.9089,0.2423,0.4114,0.5984,1.371,0.3720,1.106,0.104316,0.072486,0.065544,0.062705,0.056547,0.049802,1,0.3411,1.206
2026-07-31T20:29:48,mediapart3j_d10_s4_noms_propres_n0_e5000_g3,mediapart3j,10,4,noms_propres,0,_s3,1135,405,970,2,0,0,968,21,7,0.3500,16.62,0.8312,0.2783,0.4561,0.6483,1.520,0.4088,1.116,0.128589,0.080078,0.069619,0.064600,0.057342,0.055888,0,0.3632,1.256
2026-07-31T20:29:50,mediapart3j_d10_s6_tous_n0_e5000_g3,mediapart3j,10,6,tous,0,_s3,2772,1568,2469,13,0,0,2456,21,8,0.4000,17.17,0.8583,0.2705,0.4472,0.6357,1.491,0.4116,1.086,0.115811,0.080673,0.074049,0.063934,0.060525,0.052167,0,0.3479,1.285
2026-07-31T20:29:51,mediapart3j_d10_s6_sans_verbes_n0_e5000_g3,mediapart3j,10,6,sans_verbes,0,_s3,2675,1488,2374,13,0,0,2361,21,8,0.4000,17.17,0.8583,0.2689,0.4461,0.6349,1.487,0.4099,1.088,0.116892,0.079654,0.072345,0.063872,0.061108,0.052188,0,0.3518,1.268
2026-07-31T20:29:52,mediapart3j_d10_s6_noms_n0_e5000_g3,mediapart3j,10,6,noms,0,_s3,2390,1327,2129,11,0,0,2118,21,8,0.4000,17.11,0.8557,0.2698,0.4472,0.6363,1.491,0.4098,1.091,0.117738,0.079910,0.072180,0.063670,0.061037,0.052667,0,0.3488,1.282
2026-07-31T20:29:53,mediapart3j_d10_s6_noms_propres_n0_e5000_g3,mediapart3j,10,6,noms_propres,0,_s3,273,131,247,0,0,0,247,21,6,0.3000,14.72,0.7361,0.3058,0.5128,0.7223,1.709,0.4504,1.139,0.145717,0.080491,0.079560,0.071154,0.070350,0.065479,0,0.4205,1.219
2026-07-31T20:29:55,mediapart3j_d15_s4_tous_n0_e5000_g3,mediapart3j,15,4,tous,0,_s3,12059,5161,10413,161,0,0,5000,31,12,0.4000,26.57,0.8855,0.1866,0.3123,0.4517,1.562,0.2888,1.082,0.083508,0.053273,0.049785,0.045308,0.042044,0.038427,1,0.2446,1.277
2026-07-31T20:29:57,mediapart3j_d15_s4_sans_verbes_n0_e5000_g3,mediapart3j,15,4,sans_verbes,0,_s3,11300,4625,9708,143,0,0,5000,31,12,0.4000,26.38,0.8792,0.1881,0.3146,0.4539,1.573,0.2893,1.087,0.085762,0.052401,0.049907,0.045016,0.042580,0.038903,1,0.2433,1.293
2026-07-31T20:29:58,mediapart3j_d15_s4_noms_n0_e5000_g3,mediapart3j,15,4,noms,0,_s3,10024,3979,8602,114,0,0,5000,31,12,0.4000,26.59,0.8862,0.1858,0.3119,0.4507,1.560,0.2865,1.089,0.083314,0.051961,0.050541,0.044405,0.042494,0.039228,1,0.2414,1.292
2026-07-31T20:29:59,mediapart3j_d15_s4_noms_propres_n0_e5000_g3,mediapart3j,15,4,noms_propres,0,_s3,1135,405,942,6,0,0,936,31,10,0.3333,23.07,0.7690,0.2263,0.3660,0.5132,1.830,0.3344,1.095,0.110525,0.060604,0.055135,0.051452,0.046148,0.042171,0,0.2630,1.392
2026-07-31T20:30:01,mediapart3j_d15_s6_tous_n0_e5000_g3,mediapart3j,15,6,tous,0,_s3,2772,1564,2407,25,0,0,2382,31,11,0.3667,24.43,0.8142,0.2148,0.3512,0.4948,1.756,0.3292,1.067,0.097140,0.059199,0.058434,0.051581,0.044783,0.040068,0,0.2451,1.433
2026-07-31T20:30:02,mediapart3j_d15_s6_sans_verbes_n0_e5000_g3,mediapart3j,15,6,sans_verbes,0,_s3,2675,1484,2312,25,0,0,2287,31,11,0.3667,24.40,0.8135,0.2145,0.3510,0.4945,1.755,0.3291,1.067,0.097824,0.059509,0.057176,0.051148,0.045069,0.040261,0,0.2469,1.422
2026-07-31T20:30:03,mediapart3j_d15_s6_noms_n0_e5000_g3,mediapart3j,15,6,noms,0,_s3,2390,1325,2073,19,0,0,2054,31,11,0.3667,24.39,0.8129,0.2146,0.3504,0.4949,1.752,0.3274,1.070,0.097908,0.059966,0.056731,0.051254,0.044758,0.039743,0,0.2487,1.409
2026-07-31T20:30:05,mediapart3j_d15_s6_noms_propres_n0_e5000_g3,mediapart3j,15,6,noms_propres,0,_s3,273,131,237,2,0,0,235,31,8,0.2667,19.45,0.6482,0.2627,0.4281,0.6033,2.141,0.3867,1.107,0.125476,0.073674,0.063524,0.059567,0.054795,0.051066,0,0.3004,1.425
2026-07-31T20:30:07,mediapart3j_d25_s4_tous_n0_e5000_g3,mediapart3j,25,4,tous,0,_s3,12059,5135,10039,231,0,0,5000,51,19,0.3800,42.17,0.8434,0.1402,0.2276,0.3213,1.897,0.2102,1.083,0.067677,0.038121,0.034435,0.031426,0.027974,0.027962,1,0.1594,1.428
2026-07-31T20:30:08,mediapart3j_d25_s4_sans_verbes_n0_e5000_g3,mediapart3j,25,4,sans_verbes,0,_s3,11300,4601,9340,210,0,0,5000,51,19,0.3800,42.03,0.8406,0.1416,0.2298,0.3231,1.915,0.2104,1.092,0.068017,0.038342,0.035245,0.031491,0.029136,0.027588,1,0.1604,1.433
2026-07-31T20:30:10,mediapart3j_d25_s4_noms_n0_e5000_g3,mediapart3j,25,4,noms,0,_s3,10024,3962,8258,168,0,0,5000,51,19,0.3800,42.59,0.8518,0.1380,0.2250,0.3184,1.875,0.2085,1.079,0.065549,0.037814,0.034686,0.031262,0.028043,0.027674,1,0.1593,1.412
2026-07-31T20:30:11,mediapart3j_d25_s4_noms_propres_n0_e5000_g3,mediapart3j,25,4,noms_propres,0,_s3,1135,405,892,7,0,0,885,51,16,0.3200,35.34,0.7067,0.1757,0.2781,0.3854,2.318,0.2571,1.082,0.088917,0.045521,0.041290,0.036703,0.034864,0.030832,0,0.1839,1.512
2026-07-31T20:30:12,mediapart3j_d25_s6_tous_n0_e5000_g3,mediapart3j,25,6,tous,0,_s3,2772,1556,2335,41,0,0,2294,51,17,0.3400,37.63,0.7527,0.1691,0.2657,0.3652,2.214,0.2506,1.060,0.081209,0.046692,0.041214,0.036401,0.030923,0.029228,0,0.1617,1.643
2026-07-31T20:30:14,mediapart3j_d25_s6_sans_verbes_n0_e5000_g3,mediapart3j,25,6,sans_verbes,0,_s3,2675,1477,2240,40,0,0,2200,51,17,0.3400,37.52,0.7503,0.1691,0.2657,0.3656,2.215,0.2506,1.060,0.081857,0.047302,0.039975,0.036238,0.031204,0.029169,0,0.1614,1.646
2026-07-31T20:30:15,mediapart3j_d25_s6_noms_n0_e5000_g3,mediapart3j,25,6,noms,0,_s3,2390,1318,2006,32,0,0,1974,51,17,0.3400,37.18,0.7436,0.1711,0.2678,0.3679,2.232,0.2526,1.060,0.082890,0.048353,0.039844,0.036273,0.031336,0.029149,0,0.1618,1.655
2026-07-31T20:30:17,mediapart3j_d25_s6_noms_propres_n0_e5000_g3,mediapart3j,25,6,noms_propres,0,_s3,273,131,228,2,0,0,226,51,12,0.2400,28.81,0.5763,0.2070,0.3305,0.4654,2.754,0.3035,1.089,0.098716,0.060518,0.047724,0.043047,0.041359,0.039102,0,0.2363,1.398
2026-07-31T20:30:19,mediapart3j_d50_s4_tous_n0_e5000_g3,mediapart3j,50,4,tous,0,_s3,12059,5024,9378,470,0,0,5000,101,38,0.3800,79.32,0.7932,0.0991,0.1487,0.2016,2.479,0.1380,1.078,0.050822,0.028612,0.019630,0.017720,0.016116,0.015818,1,0.0900,1.653
2026-07-31T20:30:21,mediapart3j_d50_s4_sans_verbes_n0_e5000_g3,mediapart3j,50,4,sans_verbes,0,_s3,11300,4524,8695,405,0,0,5000,101,38,0.3800,78.38,0.7838,0.1004,0.1508,0.2055,2.514,0.1403,1.075,0.052249,0.028127,0.020011,0.018120,0.016486,0.015850,1,0.0910,1.658
2026-07-31T20:30:23,mediapart3j_d50_s4_noms_n0_e5000_g3,mediapart3j,50,4,noms,0,_s3,10024,3906,7675,334,0,0,5000,101,38,0.3800,77.68,0.7768,0.1021,0.1531,0.2071,2.551,0.1423,1.076,0.052990,0.029157,0.019995,0.018856,0.016514,0.015560,1,0.0905,1.691
2026-07-31T20:30:24,mediapart3j_d50_s4_noms_propres_n0_e5000_g3,mediapart3j,50,4,noms_propres,0,_s3,1135,399,813,23,0,0,790,101,27,0.2700,60.98,0.6098,0.1303,0.1965,0.2671,3.275,0.1784,1.102,0.067587,0.036899,0.025820,0.024651,0.021836,0.019725,0,0.1107,1.775
2026-07-31T20:30:26,mediapart3j_d50_s6_tous_n0_e5000_g3,mediapart3j,50,6,tous,0,_s3,2772,1528,2216,80,0,0,2136,101,33,0.3300,67.49,0.6749,0.1229,0.1808,0.2409,3.013,0.1725,1.048,0.064036,0.034574,0.024297,0.022109,0.018157,0.017610,0,0.0933,1.937
2026-07-31T20:30:27,mediapart3j_d50_s6_sans_verbes_n0_e5000_g3,mediapart3j,50,6,sans_verbes,0,_s3,2675,1452,2123,76,0,0,2047,101,32,0.3200,67.10,0.6710,0.1229,0.1809,0.2416,3.015,0.1727,1.047,0.064630,0.035022,0.023256,0.022118,0.018297,0.017563,0,0.0946,1.911
2026-07-31T20:30:29,mediapart3j_d50_s6_noms_n0_e5000_g3,mediapart3j,50,6,noms,0,_s3,2390,1296,1902,65,0,0,1837,101,32,0.3200,66.50,0.6650,0.1242,0.1820,0.2429,3.033,0.1732,1.051,0.065193,0.035874,0.023104,0.022183,0.018186,0.017438,0,0.0968,1.881
2026-07-31T20:30:30,mediapart3j_d50_s6_noms_propres_n0_e5000_g3,mediapart3j,50,6,noms_propres,0,_s3,273,128,213,8,0,0,205,101,18,0.1800,46.29,0.4629,0.1485,0.2379,0.3386,3.965,0.2209,1.077,0.072134,0.043271,0.033124,0.031426,0.029703,0.028246,0,0.1593,1.493
2026-07-31T20:30:31,mediapart7j_d10_s4_tous_n0_e5000_g3,mediapart7j,10,4,tous,0,_s3,6571,3665,5645,162,0,0,5000,21,8,0.4000,16.78,0.8391,0.2826,0.4472,0.6292,1.491,0.3949,1.132,0.126877,0.085954,0.069753,0.060926,0.054566,0.049124,0,0.3687,1.213
2026-07-31T20:30:33,mediapart7j_d10_s4_sans_verbes_n0_e5000_g3,mediapart7j,10,4,sans_verbes,0,_s3,6139,3364,5273,148,0,0,5000,21,8,0.4000,16.64,0.8320,0.2858,0.4508,0.6318,1.503,0.3969,1.136,0.128946,0.086762,0.070054,0.061498,0.054819,0.048687,0,0.3695,1.220
2026-07-31T20:30:34,mediapart7j_d10_s4_noms_n0_e5000_g3,mediapart7j,10,4,noms,0,_s3,5458,2964,4694,120,0,0,4574,21,7,0.3500,16.59,0.8296,0.2872,0.4525,0.6335,1.508,0.3992,1.133,0.129750,0.086710,0.070700,0.060761,0.054998,0.049546,1,0.3696,1.224
2026-07-31T20:30:36,mediapart7j_d10_s4_noms_propres_n0_e5000_g3,mediapart7j,10,4,noms_propres,0,_s3,622,327,512,4,0,0,508,21,6,0.3000,13.61,0.6806,0.3628,0.5364,0.7129,1.788,0.4758,1.127,0.164703,0.107933,0.090139,0.067941,0.053479,0.052252,0,0.4163,1.289
2026-07-31T20:30:37,mediapart7j_d10_s6_tous_n0_e5000_g3,mediapart7j,10,6,tous,0,_s3,1485,1010,1307,37,0,0,1270,21,6,0.3000,13.35,0.6676,0.3582,0.5340,0.7019,1.780,0.4794,1.114,0.175981,0.109922,0.072346,0.067997,0.057832,0.049939,0,0.3795,1.407
2026-07-31T20:30:38,mediapart7j_d10_s6_sans_verbes_n0_e5000_g3,mediapart7j,10,6,sans_verbes,0,_s3,1405,954,1238,35,0,0,1203,21,6,0.3000,13.30,0.6650,0.3598,0.5345,0.7041,1.782,0.4803,1.113,0.176203,0.111511,0.072054,0.068521,0.056397,0.049766,0,0.3786,1.412
2026-07-31T20:30:39,mediapart7j_d10_s6_noms_n0_e5000_g3,mediapart7j,10,6,noms,0,_s3,1254,855,1106,29,0,0,1077,21,6,0.3000,13.37,0.6683,0.3590,0.5353,0.7052,1.784,0.4796,1.116,0.174903,0.109662,0.074434,0.069117,0.056355,0.050855,0,0.3782,1.415
2026-07-31T20:30:40,mediapart7j_d10_s6_noms_propres_n0_e5000_g3,mediapart7j,10,6,noms_propres,0,_s3,134,80,100,1,0,0,99,21,5,0.2500,11.24,0.5619,0.3946,0.6159,0.8113,2.053,0.5627,1.095,0.197492,0.107007,0.090128,0.081594,0.071973,0.067717,0,0.4681,1.316
2026-07-31T20:30:41,mediapart7j_d15_s4_tous_n0_e5000_g3,mediapart7j,15,4,tous,0,_s3,6571,3618,5505,235,0,0,5000,31,11,0.3667,24.54,0.8179,0.2174,0.3404,0.4761,1.702,0.3070,1.109,0.102572,0.063276,0.051553,0.045596,0.040667,0.036775,0,0.2659,1.280
2026-07-31T20:30:43,mediapart7j_d15_s4_sans_verbes_n0_e5000_g3,mediapart7j,15,4,sans_verbes,0,_s3,6139,3326,5136,213,0,0,4923,31,11,0.3667,24.41,0.8136,0.2189,0.3416,0.4780,1.708,0.3097,1.103,0.103751,0.063516,0.051650,0.046000,0.040239,0.036447,0,0.2664,1.282
2026-07-31T20:30:44,mediapart7j_d15_s4_noms_n0_e5000_g3,mediapart7j,15,4,noms,0,_s3,5458,2939,4570,168,0,0,4402,31,11,0.3667,24.35,0.8118,0.2197,0.3428,0.4800,1.714,0.3110,1.102,0.104139,0.063399,0.052187,0.045565,0.040615,0.036846,0,0.2683,1.278
2026-07-31T20:30:45,mediapart7j_d15_s4_noms_propres_n0_e5000_g3,mediapart7j,15,4,noms_propres,0,_s3,622,324,499,9,0,0,490,31,8,0.2667,19.11,0.6370,0.2922,0.4337,0.5745,2.168,0.3849,1.127,0.137478,0.082537,0.072150,0.051385,0.046994,0.043129,0,0.3077,1.409
2026-07-31T20:30:46,mediapart7j_d15_s6_tous_n0_e5000_g3,mediapart7j,15,6,tous,0,_s3,1485,1001,1276,48,0,0,1228,31,9,0.3000,19.73,0.6576,0.2800,0.4137,0.5470,2.068,0.3782,1.094,0.139037,0.083612,0.057349,0.051906,0.043561,0.038186,0,0.2684,1.541
2026-07-31T20:30:48,mediapart7j_d15_s6_sans_verbes_n0_e5000_g3,mediapart7j,15,6,sans_verbes,0,_s3,1405,947,1208,45,0,0,1163,31,9,0.3000,19.61,0.6538,0.2821,0.4143,0.5480,2.072,0.3795,1.092,0.139886,0.084170,0.058011,0.052168,0.042760,0.037345,0,0.2701,1.534
2026-07-31T20:30:49,mediapart7j_d15_s6_noms_n0_e5000_g3,mediapart7j,15,6,noms,0,_s3,1254,848,1078,39,0,0,1039,31,9,0.3000,19.74,0.6581,0.2808,0.4138,0.5482,2.069,0.3769,1.098,0.138479,0.082637,0.059691,0.052482,0.042164,0.038373,0,0.2732,1.515
2026-07-31T20:30:50,mediapart7j_d15_s6_noms_propres_n0_e5000_g3,mediapart7j,15,6,noms_propres,0,_s3,134,78,97,3,0,0,94,31,6,0.2000,14.34,0.4781,0.3431,0.5309,0.6995,2.654,0.4912,1.081,0.172282,0.094330,0.076448,0.072645,0.061554,0.053618,0,0.3771,1.408
2026-07-31T20:30:51,mediapart7j_d25_s4_tous_n0_e5000_g3,mediapart7j,25,4,tous,0,_s3,6571,3527,5299,384,0,0,4915,51,19,0.3800,40.61,0.8122,0.1516,0.2400,0.3343,2.000,0.2216,1.083,0.073478,0.042165,0.035997,0.032639,0.028336,0.027424,0,0.1752,1.370
2026-07-31T20:30:53,mediapart7j_d25_s4_sans_verbes_n0_e5000_g3,mediapart7j,25,4,sans_verbes,0,_s3,6139,3251,4936,344,0,0,4592,51,18,0.3600,40.15,0.8029,0.1540,0.2432,0.3375,2.027,0.2237,1.087,0.075355,0.042458,0.036194,0.033234,0.028432,0.027527,0,0.1761,1.381
2026-07-31T20:30:54,mediapart7j_d25_s4_noms_n0_e5000_g3,mediapart7j,25,4,noms,0,_s3,5458,2869,4388,287,0,0,4101,51,18,0.3600,40.04,0.8007,0.1546,0.2441,0.3391,2.035,0.2245,1.087,0.075578,0.042451,0.036554,0.033145,0.028796,0.027617,0,0.1770,1.380
2026-07-31T20:30:55,mediapart7j_d25_s4_noms_propres_n0_e5000_g3,mediapart7j,25,4,noms_propres,0,_s3,622,316,479,23,0,0,456,51,13,0.2600,28.88,0.5776,0.2236,0.3343,0.4451,2.786,0.2985,1.120,0.109915,0.061205,0.052453,0.041007,0.037053,0.032662,0,0.2235,1.496
2026-07-31T20:30:56,mediapart7j_d25_s6_tous_n0_e5000_g3,mediapart7j,25,6,tous,0,_s3,1485,975,1245,78,0,0,1167,51,15,0.3000,33.08,0.6615,0.1986,0.2931,0.3936,2.442,0.2733,1.072,0.099839,0.056622,0.042161,0.034829,0.031350,0.028288,0,0.1804,1.625
2026-07-31T20:30:57,mediapart7j_d25_s6_sans_verbes_n0_e5000_g3,mediapart7j,25,6,sans_verbes,0,_s3,1405,924,1178,72,0,0,1106,51,15,0.3000,32.91,0.6581,0.2001,0.2942,0.3948,2.451,0.2744,1.072,0.100090,0.057122,0.042914,0.035081,0.030819,0.028128,0,0.1825,1.612
2026-07-31T20:30:58,mediapart7j_d25_s6_noms_n0_e5000_g3,mediapart7j,25,6,noms,0,_s3,1254,827,1051,64,0,0,987,51,15,0.3000,33.06,0.6611,0.1992,0.2935,0.3954,2.446,0.2765,1.061,0.098914,0.056366,0.043951,0.035434,0.030196,0.028623,0,0.1840,1.595
2026-07-31T20:30:59,mediapart7j_d25_s6_noms_propres_n0_e5000_g3,mediapart7j,25,6,noms_propres,0,_s3,134,77,95,4,0,0,91,51,9,0.1800,21.31,0.4263,0.2582,0.4155,0.5728,3.462,0.3979,1.044,0.121824,0.074881,0.061486,0.056928,0.054314,0.046051,0,0.2936,1.415
2026-07-31T20:31:01,mediapart7j_d50_s4_tous_n0_e5000_g3,mediapart7j,50,4,tous,0,_s3,6571,3379,4949,624,0,0,4325,101,37,0.3700,77.91,0.7791,0.1046,0.1597,0.2153,2.662,0.1451,1.101,0.048411,0.031709,0.024512,0.019800,0.018305,0.016995,1,0.1021,1.564
2026-07-31T20:31:03,mediapart7j_d50_s4_sans_verbes_n0_e5000_g3,mediapart7j,50,4,sans_verbes,0,_s3,6139,3110,4599,573,0,0,4026,101,36,0.3600,76.90,0.7690,0.1065,0.1623,0.2181,2.704,0.1469,1.104,0.049835,0.032003,0.024619,0.020068,0.018564,0.017171,1,0.1026,1.582
2026-07-31T20:31:04,mediapart7j_d50_s4_noms_n0_e5000_g3,mediapart7j,50,4,noms,0,_s3,5458,2746,4078,491,0,0,3587,101,36,0.3600,76.41,0.7641,0.1072,0.1636,0.2203,2.726,0.1479,1.106,0.050121,0.032268,0.024762,0.020381,0.018508,0.017515,1,0.1035,1.581
2026-07-31T20:31:05,mediapart7j_d50_s4_noms_propres_n0_e5000_g3,mediapart7j,50,4,noms_propres,0,_s3,622,296,443,51,0,0,392,101,22,0.2200,50.70,0.5070,0.1542,0.2360,0.3152,3.933,0.2109,1.119,0.077916,0.041622,0.034624,0.031484,0.026880,0.023426,0,0.1464,1.612
2026-07-31T20:31:07,mediapart7j_d50_s6_tous_n0_e5000_g3,mediapart7j,50,6,tous,0,_s3,1485,929,1184,132,0,0,1052,101,29,0.2900,61.45,0.6145,0.1379,0.2029,0.2673,3.381,0.1887,1.075,0.068128,0.036353,0.033417,0.023429,0.022302,0.019234,0,0.1105,1.835
2026-07-31T20:31:08,mediapart7j_d50_s6_sans_verbes_n0_e5000_g3,mediapart7j,50,6,sans_verbes,0,_s3,1405,878,1120,125,0,0,995,101,29,0.2900,60.74,0.6074,0.1397,0.2053,0.2700,3.421,0.1895,1.083,0.068574,0.037161,0.034011,0.023777,0.022600,0.019161,0,0.1110,1.849
2026-07-31T20:31:09,mediapart7j_d50_s6_noms_n0_e5000_g3,mediapart7j,50,6,noms,0,_s3,1254,787,1001,110,0,0,891,101,28,0.2800,60.51,0.6051,0.1392,0.2054,0.2719,3.423,0.1895,1.084,0.068181,0.037250,0.033761,0.023858,0.023103,0.019230,0,0.1117,1.839
2026-07-31T20:31:11,mediapart7j_d50_s6_noms_propres_n0_e5000_g3,mediapart7j,50,6,noms_propres,0,_s3,134,73,94,10,0,0,84,101,11,0.1100,29.00,0.2900,0.2103,0.3408,0.4739,5.680,0.3205,1.063,0.097649,0.062937,0.049681,0.047144,0.044179,0.039180,0,0.2219,1.536
2026-07-31T20:31:15,lemonde_d10_s4_tous_n5000_e5000_log_g3,lemonde,10,4,tous,5000,_s3,164258,9816,127434,120,1548,0,5000,21,9,0.4500,18.79,0.9397,0.2198,0.3856,0.5874,1.285,0.3327,1.159,0.083830,0.074073,0.061884,0.058537,0.054395,0.052901,4,0.3819,1.010
2026-07-31T20:31:20,lemonde_d10_s4_sans_verbes_n5000_e5000_log_g3,lemonde,10,4,sans_verbes,5000,_s3,153204,7847,117598,115,1507,0,5000,21,9,0.4500,18.70,0.9349,0.2221,0.3932,0.5926,1.311,0.3334,1.179,0.085380,0.073311,0.063374,0.058516,0.057439,0.055178,4,0.3918,1.003
2026-07-31T20:31:25,lemonde_d10_s4_noms_n5000_e5000_log_g3,lemonde,10,4,noms,5000,_s3,136633,6256,104219,102,1410,0,5000,21,9,0.4500,18.82,0.9410,0.2177,0.3859,0.5857,1.286,0.3319,1.163,0.082694,0.074581,0.060413,0.058269,0.055435,0.054508,4,0.3850,1.002
2026-07-31T20:31:29,lemonde_d10_s4_noms_propres_n5000_e5000_log_g3,lemonde,10,4,noms_propres,5000,_s3,15829,511,10294,11,183,0,5000,21,8,0.4000,17.58,0.8790,0.2612,0.4285,0.6157,1.428,0.3339,1.283,0.109459,0.085968,0.065775,0.059577,0.056542,0.051172,3,0.4334,0.989
2026-07-31T20:31:33,lemonde_d10_s6_tous_n5000_e5000_log_g3,lemonde,10,6,tous,5000,_s3,40619,7206,32541,34,668,0,5000,21,8,0.4000,18.11,0.9056,0.2438,0.4153,0.6084,1.384,0.3405,1.220,0.098004,0.081719,0.064076,0.061962,0.056042,0.053486,3,0.4062,1.022
2026-07-31T20:31:37,lemonde_d10_s6_sans_verbes_n5000_e5000_log_g3,lemonde,10,6,sans_verbes,5000,_s3,38449,6292,30625,33,659,0,5000,21,8,0.4000,18.01,0.9003,0.2470,0.4167,0.6093,1.389,0.3420,1.218,0.101060,0.082372,0.063572,0.060704,0.055300,0.053695,3,0.4056,1.027
2026-07-31T20:31:41,lemonde_d10_s6_noms_n5000_e5000_log_g3,lemonde,10,6,noms,5000,_s3,34507,5324,27424,30,628,0,5000,21,8,0.4000,17.93,0.8966,0.2501,0.4196,0.6130,1.399,0.3425,1.225,0.101585,0.082462,0.066067,0.061054,0.056637,0.051793,3,0.4081,1.028
2026-07-31T20:31:45,lemonde_d10_s6_noms_propres_n5000_e5000_log_g3,lemonde,10,6,noms_propres,5000,_s3,4505,477,3144,3,97,0,3044,21,7,0.3500,15.99,0.7994,0.3046,0.4702,0.6497,1.567,0.3496,1.345,0.135417,0.093708,0.075426,0.060727,0.053632,0.051262,3,0.4575,1.028
2026-07-31T20:31:49,lemonde_d15_s4_tous_n5000_e5000_log_g3,lemonde,15,4,tous,5000,_s3,164258,9816,123469,155,1506,0,5000,31,13,0.4333,27.98,0.9327,0.1625,0.2829,0.4267,1.414,0.2313,1.223,0.063583,0.056368,0.042551,0.041747,0.039977,0.038673,4,0.2800,1.010
2026-07-31T20:31:54,lemonde_d15_s4_sans_verbes_n5000_e5000_log_g3,lemonde,15,4,sans_verbes,5000,_s3,153204,7847,113769,146,1465,0,5000,31,13,0.4333,28.14,0.9378,0.1598,0.2794,0.4221,1.397,0.2302,1.214,0.061530,0.055536,0.042733,0.041755,0.039861,0.038013,4,0.2770,1.009
2026-07-31T20:31:58,lemonde_d15_s4_noms_n5000_e5000_log_g3,lemonde,15,4,noms,5000,_s3,136633,6256,100721,130,1373,0,5000,31,13,0.4333,28.01,0.9338,0.1611,0.2842,0.4284,1.421,0.2326,1.222,0.061258,0.056224,0.043653,0.043186,0.040350,0.039560,3,0.2802,1.014
2026-07-31T20:32:02,lemonde_d15_s4_noms_propres_n5000_e5000_log_g3,lemonde,15,4,noms_propres,5000,_s3,15829,511,9839,16,177,0,5000,31,12,0.4000,25.81,0.8605,0.2015,0.3242,0.4635,1.621,0.2380,1.362,0.086605,0.066458,0.048484,0.043636,0.040915,0.038117,3,0.3266,0.993
2026-07-31T20:32:06,lemonde_d15_s6_tous_n5000_e5000_log_g3,lemonde,15,6,tous,5000,_s3,40619,7206,31855,44,650,0,5000,31,12,0.4000,27.08,0.9026,0.1800,0.3049,0.4471,1.525,0.2386,1.278,0.073070,0.061096,0.045845,0.043168,0.042225,0.039544,3,0.2939,1.037
2026-07-31T20:32:10,lemonde_d15_s6_sans_verbes_n5000_e5000_log_g3,lemonde,15,6,sans_verbes,5000,_s3,38449,6292,29963,42,641,0,5000,31,12,0.4000,26.81,0.8936,0.1840,0.3093,0.4493,1.546,0.2392,1.293,0.076057,0.063627,0.044315,0.043570,0.042022,0.039708,3,0.2988,1.035
2026-07-31T20:32:14,lemonde_d15_s6_noms_n5000_e5000_log_g3,lemonde,15,6,noms,5000,_s3,34507,5324,26826,39,613,0,5000,31,12,0.4000,26.63,0.8877,0.1875,0.3097,0.4509,1.548,0.2402,1.289,0.079168,0.062542,0.045777,0.041805,0.040488,0.039886,3,0.2998,1.033
2026-07-31T20:32:18,lemonde_d15_s6_noms_propres_n5000_e5000_log_g3,lemonde,15,6,noms_propres,5000,_s3,4505,477,3051,5,94,0,2952,31,11,0.3667,23.24,0.7747,0.2382,0.3643,0.4992,1.821,0.2497,1.459,0.108389,0.075417,0.054348,0.046306,0.041557,0.038247,3,0.3510,1.038
2026-07-31T20:32:22,lemonde_d25_s4_tous_n5000_e5000_log_g3,lemonde,25,4,tous,5000,_s3,164258,9816,117949,215,1448,0,5000,51,21,0.4200,46.11,0.9222,0.1141,0.1943,0.2875,1.619,0.1467,1.324,0.044305,0.040038,0.029713,0.027752,0.026644,0.025805,4,0.1902,1.021
2026-07-31T20:32:27,lemonde_d25_s4_sans_verbes_n5000_e5000_log_g3,lemonde,25,4,sans_verbes,5000,_s3,153204,7847,108434,203,1408,0,5000,51,21,0.4200,45.75,0.9151,0.1165,0.1976,0.2907,1.647,0.1486,1.330,0.046717,0.041243,0.028572,0.027961,0.026702,0.026449,4,0.1966,1.005
2026-07-31T20:32:31,lemonde_d25_s4_noms_n5000_e5000_log_g3,lemonde,25,4,noms,5000,_s3,136633,6256,95905,182,1317,0,5000,51,21,0.4200,46.02,0.9203,0.1145,0.1946,0.2881,1.622,0.1482,1.313,0.045606,0.039545,0.029350,0.027242,0.026558,0.026308,4,0.1919,1.014
2026-07-31T20:32:35,lemonde_d25_s4_noms_propres_n5000_e5000_log_g3,lemonde,25,4,noms_propres,5000,_s3,15829,511,9304,22,169,0,5000,51,19,0.3800,41.55,0.8309,0.1491,0.2339,0.3275,1.949,0.1558,1.502,0.065569,0.050660,0.032838,0.029844,0.029648,0.025319,3,0.2405,0.972
2026-07-31T20:32:39,lemonde_d25_s6_tous_n5000_e5000_log_g3,lemonde,25,6,tous,5000,_s3,40619,7204,30928,68,624,0,5000,51,20,0.4000,43.65,0.8730,0.1342,0.2162,0.3089,1.802,0.1549,1.395,0.056987,0.046801,0.030426,0.028661,0.027446,0.025871,3,0.2088,1.036
2026-07-31T20:32:43,lemonde_d25_s6_sans_verbes_n5000_e5000_log_g3,lemonde,25,6,sans_verbes,5000,_s3,38449,6290,29058,66,615,0,5000,51,20,0.4000,43.17,0.8635,0.1379,0.2207,0.3125,1.840,0.1549,1.425,0.058375,0.048882,0.030626,0.028056,0.027718,0.027083,3,0.2143,1.030
2026-07-31T20:32:47,lemonde_d25_s6_noms_n5000_e5000_log_g3,lemonde,25,6,noms,5000,_s3,34507,5322,26017,60,589,0,5000,51,20,0.4000,43.50,0.8701,0.1353,0.2186,0.3121,1.821,0.1549,1.411,0.056800,0.047401,0.031124,0.029185,0.027535,0.026533,3,0.2115,1.034
2026-07-31T20:32:51,lemonde_d25_s6_noms_propres_n5000_e5000_log_g3,lemonde,25,6,noms_propres,5000,_s3,4505,477,2950,9,89,0,2852,51,17,0.3400,36.84,0.7367,0.1781,0.2706,0.3643,2.255,0.1684,1.607,0.083085,0.058884,0.036170,0.035591,0.030715,0.026181,3,0.2695,1.004
2026-07-31T20:32:56,lemonde_d50_s4_tous_n5000_e5000_log_g3,lemonde,50,4,tous,5000,_s3,164258,9815,109086,378,1351,0,5000,101,40,0.4000,90.02,0.9002,0.0727,0.1201,0.1741,2.001,0.0809,1.485,0.029651,0.024877,0.018198,0.016951,0.015382,0.015028,4,0.1181,1.017
2026-07-31T20:33:01,lemonde_d50_s4_sans_verbes_n5000_e5000_log_g3,lemonde,50,4,sans_verbes,5000,_s3,153204,7846,99888,355,1312,0,5000,101,40,0.4000,89.76,0.8976,0.0726,0.1198,0.1746,1.996,0.0812,1.475,0.030264,0.025352,0.016969,0.016324,0.015824,0.015017,4,0.1205,0.994
2026-07-31T20:33:06,lemonde_d50_s4_noms_n5000_e5000_log_g3,lemonde,50,4,noms,5000,_s3,136633,6255,88163,314,1226,0,5000,101,40,0.4000,88.52,0.8852,0.0763,0.1250,0.1800,2.083,0.0817,1.529,0.032441,0.025925,0.017903,0.017460,0.016110,0.015144,4,0.1228,1.017
2026-07-31T20:33:10,lemonde_d50_s4_noms_propres_n5000_e5000_log_g3,lemonde,50,4,noms_propres,5000,_s3,15829,511,8450,31,154,0,5000,101,37,0.3700,77.68,0.7768,0.1058,0.1575,0.2145,2.624,0.0888,1.773,0.047303,0.036019,0.022517,0.019150,0.016314,0.016153,3,0.1655,0.951
2026-07-31T20:33:15,lemonde_d50_s6_tous_n5000_e5000_log_g3,lemonde,50,6,tous,5000,_s3,40619,7203,29461,108,591,0,5000,101,38,0.3800,84.18,0.8418,0.0887,0.1390,0.1948,2.317,0.0859,1.619,0.038127,0.031597,0.019000,0.017837,0.016881,0.015571,3,0.1380,1.007
2026-07-31T20:33:19,lemonde_d50_s6_sans_verbes_n5000_e5000_log_g3,lemonde,50,6,sans_verbes,5000,_s3,38449,6289,27632,106,583,0,5000,101,38,0.3800,83.43,0.8343,0.0912,0.1397,0.1953,2.329,0.0854,1.636,0.040102,0.032021,0.019105,0.017051,0.016377,0.015076,3,0.1396,1.001
2026-07-31T20:33:23,lemonde_d50_s6_noms_n5000_e5000_log_g3,lemonde,50,6,noms,5000,_s3,34507,5322,24755,94,557,0,5000,101,38,0.3800,83.01,0.8301,0.0915,0.1422,0.1976,2.370,0.0857,1.660,0.040633,0.031479,0.019356,0.018096,0.016737,0.015875,3,0.1422,0.999
2026-07-31T20:33:27,lemonde_d50_s6_noms_propres_n5000_e5000_log_g3,lemonde,50,6,noms_propres,5000,_s3,4505,477,2761,13,81,0,2667,101,33,0.3300,67.98,0.6798,0.1275,0.1857,0.2448,3.095,0.0995,1.866,0.058793,0.043279,0.025402,0.020692,0.019754,0.017804,3,0.1918,0.968
2026-07-31T20:33:30,lemonde3j_d10_s4_tous_n0_e5000_log_g3,lemonde3j,10,4,tous,0,_s3,76271,8511,51689,183,0,0,5000,21,8,0.4000,17.33,0.8667,0.2695,0.4283,0.6146,1.428,0.3309,1.295,0.110933,0.093652,0.064894,0.056105,0.052132,0.050591,2,0.4410,0.971
2026-07-31T20:33:32,lemonde3j_d10_s4_sans_verbes_n0_e5000_log_g3,lemonde3j,10,4,sans_verbes,0,_s3,71883,7104,48055,178,0,0,5000,21,8,0.4000,17.18,0.8592,0.2752,0.4332,0.6185,1.444,0.3329,1.301,0.114504,0.091903,0.068776,0.056485,0.052313,0.049252,2,0.4469,0.969
2026-07-31T20:33:35,lemonde3j_d10_s4_noms_n0_e5000_log_g3,lemonde3j,10,4,noms,0,_s3,64363,5845,42722,160,0,0,5000,21,8,0.4000,17.21,0.8606,0.2726,0.4319,0.6149,1.440,0.3363,1.284,0.113635,0.094345,0.064585,0.057621,0.052051,0.049639,1,0.4429,0.975
2026-07-31T20:33:37,lemonde3j_d10_s4_noms_propres_n0_e5000_log_g3,lemonde3j,10,4,noms_propres,0,_s3,8546,503,4820,21,0,0,4799,21,7,0.3500,15.54,0.7770,0.3147,0.4776,0.6509,1.592,0.3467,1.378,0.141083,0.102549,0.071049,0.060987,0.051375,0.050530,1,0.5029,0.950
2026-07-31T20:33:40,lemonde3j_d10_s6_tous_n0_e5000_log_g3,lemonde3j,10,6,tous,0,_s3,20809,5134,14497,81,0,0,5000,21,7,0.3500,15.64,0.7821,0.3158,0.4718,0.6477,1.573,0.3432,1.375,0.135871,0.109440,0.070518,0.056973,0.050717,0.048286,2,0.4809,0.981
2026-07-31T20:33:43,lemonde3j_d10_s6_sans_verbes_n0_e5000_log_g3,lemonde3j,10,6,sans_verbes,0,_s3,19764,4682,13642,79,0,0,5000,21,7,0.3500,15.45,0.7725,0.3188,0.4737,0.6481,1.579,0.3389,1.398,0.141630,0.108025,0.069111,0.055331,0.052021,0.047587,2,0.4825,0.982
2026-07-31T20:33:45,lemonde3j_d10_s6_noms_n0_e5000_log_g3,lemonde3j,10,6,noms,0,_s3,17704,4057,12161,71,0,0,5000,21,7,0.3500,15.36,0.7682,0.3220,0.4775,0.6490,1.592,0.3455,1.382,0.140944,0.111186,0.069845,0.055867,0.051318,0.048366,1,0.4884,0.978
2026-07-31T20:33:48,lemonde3j_d10_s6_noms_propres_n0_e5000_log_g3,lemonde3j,10,6,noms_propres,0,_s3,2757,451,1683,11,0,0,1672,21,6,0.3000,13.72,0.6858,0.3575,0.5235,0.6909,1.745,0.3676,1.424,0.167405,0.114418,0.075686,0.063909,0.053266,0.048826,1,0.5428,0.964
2026-07-31T20:33:50,lemonde3j_d15_s4_tous_n0_e5000_log_g3,lemonde3j,15,4,tous,0,_s3,76271,8508,49984,212,0,0,5000,31,12,0.4000,25.59,0.8529,0.2079,0.3237,0.4592,1.618,0.2381,1.359,0.086308,0.072796,0.048806,0.041296,0.038461,0.035984,2,0.3398,0.952
2026-07-31T20:33:54,lemonde3j_d15_s4_sans_verbes_n0_e5000_log_g3,lemonde3j,15,4,sans_verbes,0,_s3,71883,7102,46409,205,0,0,5000,31,12,0.4000,25.72,0.8574,0.2061,0.3234,0.4569,1.617,0.2374,1.362,0.084052,0.073162,0.048919,0.042938,0.038313,0.036050,2,0.3418,0.946
2026-07-31T20:33:57,lemonde3j_d15_s4_noms_n0_e5000_log_g3,lemonde3j,15,4,noms,0,_s3,64363,5844,41261,182,0,0,5000,31,12,0.4000,25.40,0.8466,0.2121,0.3280,0.4624,1.640,0.2363,1.388,0.086108,0.075232,0.050725,0.041658,0.037798,0.036439,2,0.3486,0.941
2026-07-31T20:34:00,lemonde3j_d15_s4_noms_propres_n0_e5000_log_g3,lemonde3j,15,4,noms_propres,0,_s3,8546,503,4641,26,0,0,4615,31,10,0.3333,22.70,0.7567,0.2486,0.3722,0.5045,1.861,0.2514,1.481,0.110239,0.082598,0.055787,0.045123,0.039757,0.038700,1,0.4082,0.912
2026-07-31T20:34:03,lemonde3j_d15_s6_tous_n0_e5000_log_g3,lemonde3j,15,6,tous,0,_s3,20809,5127,14162,88,0,0,5000,31,11,0.3667,22.67,0.7556,0.2506,0.3681,0.4971,1.841,0.2500,1.473,0.108571,0.088918,0.053143,0.043154,0.038408,0.035927,1,0.3828,0.962
2026-07-31T20:34:06,lemonde3j_d15_s6_sans_verbes_n0_e5000_log_g3,lemonde3j,15,6,sans_verbes,0,_s3,19764,4677,13320,85,0,0,5000,31,10,0.3333,22.28,0.7426,0.2558,0.3735,0.5008,1.867,0.2484,1.503,0.112590,0.089381,0.053834,0.043321,0.038323,0.036008,1,0.3914,0.954
2026-07-31T20:34:08,lemonde3j_d15_s6_noms_n0_e5000_log_g3,lemonde3j,15,6,noms,0,_s3,17704,4053,11888,78,0,0,5000,31,10,0.3333,22.26,0.7419,0.2565,0.3751,0.5036,1.875,0.2499,1.501,0.111093,0.091313,0.054062,0.043898,0.038755,0.035930,1,0.3957,0.948
2026-07-31T20:34:10,lemonde3j_d15_s6_noms_propres_n0_e5000_log_g3,lemonde3j,15,6,noms_propres,0,_s3,2757,451,1650,11,0,0,1639,31,9,0.3000,19.78,0.6593,0.2875,0.4163,0.5483,2.081,0.2707,1.538,0.132331,0.095558,0.059594,0.047639,0.042030,0.039133,1,0.4506,0.924
2026-07-31T20:34:13,lemonde3j_d25_s4_tous_n0_e5000_log_g3,lemonde3j,25,4,tous,0,_s3,76271,8506,47506,286,0,0,5000,51,19,0.3800,41.92,0.8385,0.1501,0.2312,0.3223,1.926,0.1556,1.486,0.062700,0.052092,0.035351,0.029708,0.026838,0.024485,2,0.2488,0.929
2026-07-31T20:34:15,lemonde3j_d25_s4_sans_verbes_n0_e5000_log_g3,lemonde3j,25,4,sans_verbes,0,_s3,71883,7100,44005,275,0,0,5000,51,19,0.3800,41.39,0.8278,0.1535,0.2350,0.3265,1.958,0.1569,1.497,0.064771,0.053141,0.035623,0.029457,0.027198,0.024809,2,0.2543,0.924
2026-07-31T20:34:18,lemonde3j_d25_s4_noms_n0_e5000_log_g3,lemonde3j,25,4,noms,0,_s3,64363,5843,39072,246,0,0,5000,51,19,0.3800,40.97,0.8194,0.1556,0.2392,0.3300,1.993,0.1563,1.531,0.065772,0.054759,0.035042,0.031400,0.027442,0.024779,2,0.2613,0.915
2026-07-31T20:34:20,lemonde3j_d25_s4_noms_propres_n0_e5000_log_g3,lemonde3j,25,4,noms_propres,0,_s3,8546,503,4362,35,0,0,4327,51,17,0.3400,36.07,0.7215,0.1884,0.2806,0.3739,2.338,0.1679,1.671,0.082093,0.064196,0.042095,0.034610,0.030428,0.027193,1,0.3135,0.895
2026-07-31T20:34:22,lemonde3j_d25_s6_tous_n0_e5000_log_g3,lemonde3j,25,6,tous,0,_s3,20809,5121,13745,109,0,0,5000,51,18,0.3600,36.18,0.7235,0.1886,0.2745,0.3641,2.288,0.1706,1.609,0.082740,0.066773,0.039085,0.033179,0.027970,0.024754,1,0.2945,0.932
2026-07-31T20:34:25,lemonde3j_d25_s6_sans_verbes_n0_e5000_log_g3,lemonde3j,25,6,sans_verbes,0,_s3,19764,4673,12915,105,0,0,5000,51,17,0.3400,36.11,0.7221,0.1899,0.2771,0.3661,2.310,0.1687,1.643,0.081733,0.068218,0.039917,0.032490,0.028943,0.025849,2,0.2966,0.934
2026-07-31T20:34:27,lemonde3j_d25_s6_noms_n0_e5000_log_g3,lemonde3j,25,6,noms,0,_s3,17704,4050,11519,94,0,0,5000,51,17,0.3400,35.17,0.7034,0.1953,0.2830,0.3724,2.359,0.1684,1.681,0.085274,0.070633,0.039388,0.032361,0.029636,0.025737,1,0.3043,0.930
2026-07-31T20:34:29,lemonde3j_d25_s6_noms_propres_n0_e5000_log_g3,lemonde3j,25,6,noms_propres,0,_s3,2757,451,1593,15,0,0,1578,51,14,0.2800,30.12,0.6024,0.2286,0.3265,0.4215,2.721,0.1868,1.748,0.103183,0.077668,0.047712,0.036665,0.032539,0.028739,1,0.3562,0.917
2026-07-31T20:34:32,lemonde3j_d50_s4_tous_n0_e5000_log_g3,lemonde3j,50,4,tous,0,_s3,76271,8495,43362,633,0,0,5000,101,38,0.3800,80.37,0.8037,0.0996,0.1532,0.2092,2.554,0.0888,1.726,0.043640,0.033083,0.022864,0.019599,0.017544,0.016499,2,0.1645,0.932
2026-07-31T20:34:35,lemonde3j_d50_s4_sans_verbes_n0_e5000_log_g3,lemonde3j,50,4,sans_verbes,0,_s3,71883,7094,40008,600,0,0,5000,101,37,0.3700,78.68,0.7868,0.1035,0.1572,0.2140,2.619,0.0906,1.735,0.045920,0.034515,0.023037,0.019993,0.017426,0.016270,2,0.1694,0.928
2026-07-31T20:34:38,lemonde3j_d50_s4_noms_n0_e5000_log_g3,lemonde3j,50,4,noms,0,_s3,64363,5840,35469,539,0,0,5000,101,37,0.3700,79.15,0.7915,0.1028,0.1576,0.2147,2.627,0.0885,1.781,0.043661,0.035028,0.024132,0.019903,0.018835,0.016042,2,0.1711,0.921
2026-07-31T20:34:41,lemonde3j_d50_s4_noms_propres_n0_e5000_log_g3,lemonde3j,50,4,noms_propres,0,_s3,8546,503,3907,74,0,0,3833,101,33,0.3300,67.30,0.6730,0.1304,0.1921,0.2557,3.201,0.0991,1.939,0.057449,0.044178,0.028739,0.022830,0.020423,0.018447,1,0.2128,0.902
2026-07-31T20:34:44,lemonde3j_d50_s6_tous_n0_e5000_log_g3,lemonde3j,50,6,tous,0,_s3,20809,5102,13019,246,0,0,5000,101,35,0.3500,69.70,0.6970,0.1259,0.1837,0.2413,3.062,0.0992,1.853,0.056672,0.042810,0.026424,0.021415,0.019492,0.016917,2,0.1985,0.926
2026-07-31T20:34:46,lemonde3j_d50_s6_sans_verbes_n0_e5000_log_g3,lemonde3j,50,6,sans_verbes,0,_s3,19764,4658,12216,236,0,0,5000,101,35,0.3500,68.86,0.6886,0.1286,0.1872,0.2447,3.120,0.0996,1.879,0.056907,0.044632,0.027025,0.021818,0.019231,0.017585,2,0.2016,0.929
2026-07-31T20:34:49,lemonde3j_d50_s6_noms_n0_e5000_log_g3,lemonde3j,50,6,noms,0,_s3,17704,4037,10921,218,0,0,5000,101,34,0.3400,68.60,0.6860,0.1286,0.1886,0.2472,3.144,0.0988,1.909,0.057193,0.044004,0.027406,0.022472,0.020292,0.017280,2,0.2037,0.926
2026-07-31T20:34:51,lemonde3j_d50_s6_noms_propres_n0_e5000_log_g3,lemonde3j,50,6,noms_propres,0,_s3,2757,451,1496,35,0,0,1461,101,28,0.2800,54.67,0.5467,0.1613,0.2306,0.2981,3.843,0.1132,2.037,0.074686,0.052319,0.034290,0.025953,0.022875,0.020440,1,0.2527,0.912
2026-07-31T20:34:53,lemonde7j_d10_s4_tous_n0_e5000_log_g3,lemonde7j,10,4,tous,0,_s3,44959,7009,27941,232,0,0,5000,21,7,0.3500,16.06,0.8029,0.3047,0.4695,0.6471,1.565,0.3454,1.359,0.126842,0.106622,0.071188,0.061498,0.053772,0.049619,1,0.5003,0.939
2026-07-31T20:34:55,lemonde7j_d10_s4_sans_verbes_n0_e5000_log_g3,lemonde7j,10,4,sans_verbes,0,_s3,42018,6066,25967,221,0,0,5000,21,7,0.3500,15.77,0.7883,0.3132,0.4805,0.6569,1.602,0.3476,1.382,0.129115,0.109705,0.074387,0.061704,0.055350,0.050232,1,0.5111,0.940
2026-07-31T20:34:57,lemonde7j_d10_s4_noms_n0_e5000_log_g3,lemonde7j,10,4,noms,0,_s3,37624,5120,23108,197,0,0,5000,21,7,0.3500,16.16,0.8078,0.3017,0.4717,0.6494,1.572,0.3460,1.363,0.126031,0.102484,0.073136,0.062008,0.056265,0.051800,1,0.5098,0.925
2026-07-31T20:34:59,lemonde7j_d10_s4_noms_propres_n0_e5000_log_g3,lemonde7j,10,4,noms_propres,0,_s3,5357,477,2925,24,0,0,2901,21,6,0.3000,14.46,0.7231,0.3451,0.5139,0.6847,1.713,0.3566,1.441,0.151888,0.109711,0.083483,0.064618,0.056461,0.047739,1,0.5524,0.930
2026-07-31T20:35:01,lemonde7j_d10_s6_tous_n0_e5000_log_g3,lemonde7j,10,6,tous,0,_s3,13664,3945,8835,89,0,0,5000,21,6,0.3000,14.13,0.7067,0.3533,0.5180,0.6841,1.727,0.3622,1.430,0.153982,0.122070,0.077275,0.062693,0.054229,0.047762,1,0.5473,0.947
2026-07-31T20:35:02,lemonde7j_d10_s6_sans_verbes_n0_e5000_log_g3,lemonde7j,10,6,sans_verbes,0,_s3,12963,3652,8329,86,0,0,5000,21,6,0.3000,14.04,0.7020,0.3546,0.5222,0.6874,1.741,0.3577,1.460,0.156606,0.119812,0.078178,0.064957,0.054930,0.047696,1,0.5568,0.938
2026-07-31T20:35:04,lemonde7j_d10_s6_noms_n0_e5000_log_g3,lemonde7j,10,6,noms,0,_s3,11633,3227,7472,76,0,0,5000,21,6,0.3000,14.05,0.7026,0.3545,0.5239,0.6886,1.746,0.3622,1.447,0.154697,0.122082,0.077736,0.064158,0.056206,0.049063,1,0.5570,0.941
2026-07-31T20:35:06,lemonde7j_d10_s6_noms_propres_n0_e5000_log_g3,lemonde7j,10,6,noms_propres,0,_s3,1907,394,1126,10,0,0,1116,21,5,0.2500,12.39,0.6193,0.3957,0.5662,0.7273,1.887,0.3795,1.492,0.183650,0.123439,0.088623,0.065794,0.057758,0.046919,1,0.5972,0.948
2026-07-31T20:35:08,lemonde7j_d15_s4_tous_n0_e5000_log_g3,lemonde7j,15,4,tous,0,_s3,44959,6998,26786,327,0,0,5000,31,10,0.3333,23.72,0.7905,0.2354,0.3660,0.5022,1.830,0.2508,1.459,0.095652,0.082008,0.057704,0.048235,0.043895,0.038527,1,0.3945,0.928
2026-07-31T20:35:10,lemonde7j_d15_s4_sans_verbes_n0_e5000_log_g3,lemonde7j,15,4,sans_verbes,0,_s3,42018,6060,24866,304,0,0,5000,31,10,0.3333,23.67,0.7890,0.2359,0.3661,0.5003,1.831,0.2498,1.465,0.096471,0.082485,0.056942,0.048480,0.042109,0.039648,1,0.4034,0.908
2026-07-31T20:35:12,lemonde7j_d15_s4_noms_n0_e5000_log_g3,lemonde7j,15,4,noms,0,_s3,37624,5116,22134,269,0,0,5000,31,10,0.3333,23.25,0.7749,0.2420,0.3738,0.5104,1.869,0.2531,1.477,0.098749,0.083793,0.059418,0.048740,0.043594,0.039549,1,0.4116,0.908
2026-07-31T20:35:14,lemonde7j_d15_s4_noms_propres_n0_e5000_log_g3,lemonde7j,15,4,noms_propres,0,_s3,5357,477,2798,27,0,0,2771,31,9,0.3000,20.86,0.6954,0.2743,0.4110,0.5461,2.055,0.2596,1.583,0.120346,0.087524,0.066427,0.050401,0.045941,0.040371,1,0.4489,0.916
2026-07-31T20:35:15,lemonde7j_d15_s6_tous_n0_e5000_log_g3,lemonde7j,15,6,tous,0,_s3,13664,3932,8575,134,0,0,5000,31,9,0.3000,20.48,0.6825,0.2804,0.4137,0.5434,2.068,0.2683,1.542,0.121870,0.097299,0.061220,0.049841,0.043938,0.039490,1,0.4444,0.931
2026-07-31T20:35:17,lemonde7j_d15_s6_sans_verbes_n0_e5000_log_g3,lemonde7j,15,6,sans_verbes,0,_s3,12963,3643,8075,126,0,0,5000,31,9,0.3000,20.22,0.6740,0.2825,0.4186,0.5473,2.093,0.2674,1.565,0.123382,0.099058,0.060088,0.052011,0.044393,0.039626,1,0.4521,0.926
2026-07-31T20:35:19,lemonde7j_d15_s6_noms_n0_e5000_log_g3,lemonde7j,15,6,noms,0,_s3,11633,3220,7248,110,0,0,5000,31,9,0.3000,20.32,0.6775,0.2819,0.4166,0.5467,2.083,0.2686,1.551,0.122884,0.097263,0.061705,0.051631,0.043904,0.039258,1,0.4511,0.924
2026-07-31T20:35:20,lemonde7j_d15_s6_noms_propres_n0_e5000_log_g3,lemonde7j,15,6,noms_propres,0,_s3,1907,394,1089,12,0,0,1077,31,8,0.2667,17.53,0.5842,0.3188,0.4619,0.5946,2.310,0.2784,1.659,0.150398,0.099130,0.069227,0.051725,0.049613,0.041816,1,0.4935,0.936
2026-07-31T20:35:23,lemonde7j_d25_s4_tous_n0_e5000_log_g3,lemonde7j,25,4,tous,0,_s3,44959,6977,24793,579,0,0,5000,51,17,0.3400,38.22,0.7644,0.1726,0.2675,0.3647,2.229,0.1693,1.580,0.073306,0.057850,0.041406,0.035532,0.030246,0.029138,1,0.2929,0.913
2026-07-31T20:35:25,lemonde7j_d25_s4_sans_verbes_n0_e5000_log_g3,lemonde7j,25,4,sans_verbes,0,_s3,42018,6041,22964,544,0,0,5000,51,17,0.3400,38.09,0.7619,0.1734,0.2700,0.3681,2.250,0.1678,1.609,0.072401,0.059071,0.041974,0.036277,0.030817,0.029510,1,0.2999,0.900
2026-07-31T20:35:27,lemonde7j_d25_s4_noms_n0_e5000_log_g3,lemonde7j,25,4,noms,0,_s3,37624,5100,20409,490,0,0,5000,51,17,0.3400,37.62,0.7524,0.1768,0.2720,0.3701,2.266,0.1687,1.612,0.074265,0.060582,0.041976,0.035071,0.031012,0.029054,1,0.3025,0.899
2026-07-31T20:35:28,lemonde7j_d25_s4_noms_propres_n0_e5000_log_g3,lemonde7j,25,4,noms_propres,0,_s3,5357,476,2549,64,0,0,2485,51,15,0.3000,33.08,0.6617,0.2038,0.3073,0.4096,2.561,0.1751,1.755,0.092100,0.064595,0.047076,0.039946,0.032875,0.030674,1,0.3395,0.905
2026-07-31T20:35:30,lemonde7j_d25_s6_tous_n0_e5000_log_g3,lemonde7j,25,6,tous,0,_s3,13664,3903,8179,251,0,0,5000,51,15,0.3000,33.19,0.6637,0.2066,0.3070,0.4049,2.558,0.1834,1.674,0.090531,0.070049,0.046008,0.037995,0.031986,0.030386,1,0.3350,0.916
2026-07-31T20:35:32,lemonde7j_d25_s6_sans_verbes_n0_e5000_log_g3,lemonde7j,25,6,sans_verbes,0,_s3,12963,3615,7700,242,0,0,5000,51,15,0.3000,32.59,0.6518,0.2104,0.3121,0.4102,2.601,0.1818,1.717,0.093194,0.070584,0.046646,0.038366,0.032090,0.031265,1,0.3427,0.911
2026-07-31T20:35:33,lemonde7j_d25_s6_noms_n0_e5000_log_g3,lemonde7j,25,6,noms,0,_s3,11633,3194,6912,219,0,0,5000,51,15,0.3000,32.21,0.6442,0.2131,0.3149,0.4124,2.624,0.1827,1.723,0.093971,0.072563,0.046583,0.038876,0.032078,0.030840,1,0.3437,0.916
2026-07-31T20:35:35,lemonde7j_d25_s6_noms_propres_n0_e5000_log_g3,lemonde7j,25,6,noms_propres,0,_s3,1907,391,1030,35,0,0,995,51,12,0.2400,27.15,0.5429,0.2437,0.3506,0.4573,2.922,0.1948,1.800,0.119139,0.072964,0.051583,0.040063,0.035315,0.031578,1,0.3826,0.916
2026-07-31T20:35:37,lemonde7j_d50_s4_tous_n0_e5000_log_g3,lemonde7j,50,4,tous,0,_s3,44959,6933,21803,906,0,0,5000,101,34,0.3400,73.20,0.7320,0.1141,0.1770,0.2397,2.950,0.0947,1.869,0.049403,0.037117,0.027556,0.024390,0.019946,0.018615,1,0.1860,0.952
2026-07-31T20:35:39,lemonde7j_d50_s4_sans_verbes_n0_e5000_log_g3,lemonde7j,50,4,sans_verbes,0,_s3,42018,6009,20135,843,0,0,5000,101,33,0.3300,73.29,0.7329,0.1135,0.1775,0.2412,2.959,0.0954,1.860,0.047589,0.037735,0.028211,0.024346,0.020346,0.019311,1,0.1870,0.949
2026-07-31T20:35:41,lemonde7j_d50_s4_noms_n0_e5000_log_g3,lemonde7j,50,4,noms,0,_s3,37624,5079,17839,744,0,0,5000,101,33,0.3300,72.71,0.7271,0.1148,0.1786,0.2412,2.977,0.0952,1.877,0.048903,0.038173,0.027737,0.025325,0.019586,0.018924,1,0.1867,0.957
2026-07-31T20:35:43,lemonde7j_d50_s4_noms_propres_n0_e5000_log_g3,lemonde7j,50,4,noms_propres,0,_s3,5357,476,2203,90,0,0,2113,101,28,0.2800,59.06,0.5906,0.1468,0.2179,0.2869,3.632,0.1031,2.114,0.067051,0.046026,0.033745,0.026884,0.022248,0.021967,1,0.2276,0.957
2026-07-31T20:35:44,lemonde7j_d50_s6_tous_n0_e5000_log_g3,lemonde7j,50,6,tous,0,_s3,13664,3863,7571,376,0,0,5000,101,30,0.3000,61.72,0.6172,0.1430,0.2110,0.2763,3.517,0.1066,1.980,0.064560,0.046210,0.032254,0.027068,0.021126,0.019806,1,0.2201,0.959
2026-07-31T20:35:46,lemonde7j_d50_s6_sans_verbes_n0_e5000_log_g3,lemonde7j,50,6,sans_verbes,0,_s3,12963,3576,7126,363,0,0,5000,101,30,0.3000,61.23,0.6123,0.1441,0.2133,0.2788,3.556,0.1071,1.992,0.064886,0.046093,0.033153,0.027316,0.021664,0.020228,1,0.2228,0.958
2026-07-31T20:35:48,lemonde7j_d50_s6_noms_n0_e5000_log_g3,lemonde7j,50,6,noms,0,_s3,11633,3160,6395,334,0,0,5000,101,30,0.3000,60.67,0.6067,0.1454,0.2151,0.2807,3.585,0.1064,2.022,0.065805,0.046500,0.033128,0.027246,0.022283,0.020141,1,0.2239,0.961
2026-07-31T20:35:50,lemonde7j_d50_s6_noms_propres_n0_e5000_log_g3,lemonde7j,50,6,noms_propres,0,_s3,1907,390,941,49,0,0,892,101,23,0.2300,47.07,0.4707,0.1795,0.2550,0.3294,4.250,0.1207,2.113,0.086748,0.054432,0.038316,0.028589,0.024462,0.022482,1,0.2653,0.961
2026-07-31T20:35:52,lefigaro_d10_s4_tous_n5000_e5000_log_g3,lefigaro,10,4,tous,5000,_s3,60558,8823,40897,84,792,3,5000,21,8,0.4000,17.91,0.8953,0.2495,0.4281,0.6225,1.427,0.3398,1.260,0.096792,0.082105,0.070635,0.066170,0.056942,0.055467,1,0.4335,0.987
2026-07-31T20:35:54,lefigaro_d10_s4_sans_verbes_n5000_e5000_log_g3,lefigaro,10,4,sans_verbes,5000,_s3,55761,7348,36960,79,773,3,5000,21,8,0.4000,18.00,0.9001,0.2468,0.4237,0.6183,1.412,0.3412,1.242,0.097357,0.080463,0.068934,0.065474,0.056776,0.054693,1,0.4336,0.977
2026-07-31T20:35:57,lefigaro_d10_s4_noms_n5000_e5000_log_g3,lefigaro,10,4,noms,5000,_s3,46726,6065,32088,69,705,3,5000,21,8,0.4000,17.67,0.8836,0.2540,0.4354,0.6275,1.451,0.3405,1.279,0.102064,0.082682,0.069288,0.067596,0.058769,0.055040,1,0.4404,0.989
2026-07-31T20:35:58,lefigaro_d10_s4_noms_propres_n5000_e5000_log_g3,lefigaro,10,4,noms_propres,5000,_s3,7950,812,5095,24,130,1,4940,21,7,0.3500,16.51,0.8256,0.2840,0.4617,0.6479,1.539,0.3445,1.340,0.125632,0.090372,0.068026,0.063634,0.060586,0.053457,1,0.4904,0.941
2026-07-31T20:36:00,lefigaro_d10_s6_tous_n5000_e5000_log_g3,lefigaro,10,6,tous,5000,_s3,18963,4608,10653,35,350,2,5000,21,7,0.3500,16.79,0.8394,0.2808,0.4530,0.6348,1.510,0.3425,1.323,0.123560,0.090269,0.066966,0.064273,0.056518,0.051457,1,0.4573,0.991
2026-07-31T20:36:02,lefigaro_d10_s6_sans_verbes_n5000_e5000_log_g3,lefigaro,10,6,sans_verbes,5000,_s3,18131,4153,9965,32,342,2,5000,21,7,0.3500,16.80,0.8400,0.2788,0.4530,0.6361,1.510,0.3429,1.321,0.123709,0.088693,0.066365,0.064500,0.058430,0.051300,1,0.4573,0.991
2026-07-31T20:36:04,lefigaro_d10_s6_noms_n5000_e5000_log_g3,lefigaro,10,6,noms,5000,_s3,13666,3645,8617,30,312,2,5000,21,7,0.3500,16.46,0.8232,0.2892,0.4651,0.6470,1.550,0.3474,1.339,0.125693,0.093407,0.070129,0.064969,0.057722,0.053207,1,0.4660,0.998
2026-07-31T20:36:06,lefigaro_d10_s6_noms_propres_n5000_e5000_log_g3,lefigaro,10,6,noms_propres,5000,_s3,2275,567,1440,12,52,1,1375,21,7,0.3500,14.83,0.7414,0.3238,0.4956,0.6742,1.652,0.3608,1.373,0.156638,0.095800,0.071385,0.061669,0.058761,0.051318,1,0.5217,0.950
2026-07-31T20:36:09,lefigaro_d15_s4_tous_n5000_e5000_log_g3,lefigaro,15,4,tous,5000,_s3,60558,8822,39118,133,702,0,5000,31,11,0.3667,26.41,0.8803,0.1887,0.3222,0.4676,1.611,0.2421,1.331,0.074294,0.063525,0.050850,0.049611,0.042524,0.041440,1,0.3141,1.026
2026-07-31T20:36:11,lefigaro_d15_s4_sans_verbes_n5000_e5000_log_g3,lefigaro,15,4,sans_verbes,5000,_s3,55761,7347,35309,126,685,0,5000,31,11,0.3667,25.81,0.8603,0.1979,0.3333,0.4761,1.666,0.2382,1.399,0.080283,0.066658,0.050935,0.050073,0.043575,0.041747,1,0.3241,1.028
2026-07-31T20:36:13,lefigaro_d15_s4_noms_n5000_e5000_log_g3,lefigaro,15,4,noms,5000,_s3,46726,6064,30713,113,627,0,5000,31,11,0.3667,25.82,0.8608,0.1968,0.3322,0.4791,1.661,0.2416,1.375,0.079003,0.066468,0.051297,0.051006,0.043611,0.040832,1,0.3291,1.010
2026-07-31T20:36:15,lefigaro_d15_s4_noms_propres_n5000_e5000_log_g3,lefigaro,15,4,noms_propres,5000,_s3,7950,812,4854,28,116,0,4710,31,10,0.3333,23.78,0.7928,0.2257,0.3648,0.5089,1.824,0.2473,1.475,0.098477,0.074673,0.052559,0.047682,0.046945,0.044426,1,0.3790,0.962
2026-07-31T20:36:17,lefigaro_d15_s6_tous_n5000_e5000_log_g3,lefigaro,15,6,tous,5000,_s3,18963,4605,10211,56,309,0,5000,31,11,0.3667,24.29,0.8097,0.2219,0.3558,0.4949,1.779,0.2489,1.429,0.095611,0.074349,0.051974,0.049898,0.043235,0.040723,1,0.3495,1.018
2026-07-31T20:36:19,lefigaro_d15_s6_sans_verbes_n5000_e5000_log_g3,lefigaro,15,6,sans_verbes,5000,_s3,18131,4150,9532,53,302,0,5000,31,11,0.3667,24.04,0.8013,0.2256,0.3592,0.4987,1.796,0.2481,1.448,0.097852,0.075103,0.052652,0.049326,0.043374,0.040861,1,0.3483,1.031
2026-07-31T20:36:21,lefigaro_d15_s6_noms_n5000_e5000_log_g3,lefigaro,15,6,noms,5000,_s3,13666,3642,8305,50,277,0,5000,31,10,0.3333,23.68,0.7895,0.2301,0.3652,0.5048,1.826,0.2509,1.456,0.100440,0.075882,0.053821,0.050077,0.043560,0.041417,1,0.3537,1.032
2026-07-31T20:36:23,lefigaro_d15_s6_noms_propres_n5000_e5000_log_g3,lefigaro,15,6,noms_propres,5000,_s3,2275,567,1391,13,47,0,1331,31,9,0.3000,21.03,0.7009,0.2630,0.3981,0.5403,1.991,0.2641,1.507,0.125137,0.081433,0.056417,0.047017,0.045647,0.042451,1,0.4185,0.951
2026-07-31T20:36:25,lefigaro_d25_s4_tous_n5000_e5000_log_g3,lefigaro,25,4,tous,5000,_s3,60558,8821,37160,166,636,0,5000,51,18,0.3600,42.01,0.8401,0.1430,0.2409,0.3405,2.008,0.1562,1.542,0.056152,0.045181,0.041672,0.036446,0.032040,0.029447,2,0.2389,1.008
2026-07-31T20:36:28,lefigaro_d25_s4_sans_verbes_n5000_e5000_log_g3,lefigaro,25,4,sans_verbes,5000,_s3,55761,7346,33508,159,619,0,5000,51,18,0.3600,41.82,0.8364,0.1455,0.2408,0.3413,2.006,0.1559,1.544,0.055618,0.048131,0.041787,0.036750,0.029603,0.028879,1,0.2379,1.012
2026-07-31T20:36:30,lefigaro_d25_s4_noms_n5000_e5000_log_g3,lefigaro,25,4,noms,5000,_s3,46726,6064,29184,143,572,0,5000,51,18,0.3600,40.83,0.8167,0.1520,0.2489,0.3523,2.074,0.1585,1.570,0.060247,0.047946,0.043812,0.034858,0.032663,0.029367,1,0.2488,1.000
2026-07-31T20:36:32,lefigaro_d25_s4_noms_propres_n5000_e5000_log_g3,lefigaro,25,4,noms_propres,5000,_s3,7950,812,4579,30,106,0,4443,51,16,0.3200,37.77,0.7553,0.1691,0.2751,0.3795,2.293,0.1639,1.679,0.071310,0.057178,0.040613,0.037843,0.034843,0.033353,1,0.2882,0.955
2026-07-31T20:36:34,lefigaro_d25_s6_tous_n5000_e5000_log_g3,lefigaro,25,6,tous,5000,_s3,18963,4600,9788,70,286,0,5000,51,17,0.3400,38.11,0.7622,0.1717,0.2688,0.3691,2.240,0.1640,1.639,0.072868,0.057572,0.041284,0.035214,0.032874,0.028949,1,0.2716,0.989
2026-07-31T20:36:36,lefigaro_d25_s6_sans_verbes_n5000_e5000_log_g3,lefigaro,25,6,sans_verbes,5000,_s3,18131,4145,9131,67,279,0,5000,51,17,0.3400,38.24,0.7649,0.1705,0.2685,0.3683,2.238,0.1627,1.651,0.072105,0.057513,0.040848,0.034986,0.033462,0.029628,1,0.2691,0.998
2026-07-31T20:36:38,lefigaro_d25_s6_noms_n5000_e5000_log_g3,lefigaro,25,6,noms,5000,_s3,13666,3639,8008,62,257,0,5000,51,16,0.3200,37.30,0.7460,0.1754,0.2763,0.3781,2.303,0.1656,1.668,0.075817,0.057359,0.042214,0.036521,0.033961,0.030451,1,0.2764,1.000
2026-07-31T20:36:40,lefigaro_d25_s6_noms_propres_n5000_e5000_log_g3,lefigaro,25,6,noms_propres,5000,_s3,2275,567,1343,15,45,0,1283,51,15,0.3000,33.05,0.6610,0.1992,0.3058,0.4102,2.549,0.1809,1.690,0.093279,0.063101,0.042787,0.038686,0.035664,0.032331,1,0.3336,0.917
2026-07-31T20:36:42,lefigaro_d50_s4_tous_n5000_e5000_log_g3,lefigaro,50,4,tous,5000,_s3,60558,8818,34313,233,562,0,5000,101,35,0.3500,78.06,0.7806,0.1007,0.1659,0.2300,2.765,0.0859,1.931,0.039885,0.032379,0.028408,0.024896,0.020809,0.019514,2,0.1523,1.089
2026-07-31T20:36:45,lefigaro_d50_s4_sans_verbes_n5000_e5000_log_g3,lefigaro,50,4,sans_verbes,5000,_s3,55761,7343,30871,222,546,0,5000,101,34,0.3400,76.12,0.7612,0.1054,0.1724,0.2378,2.873,0.0862,1.999,0.040796,0.034138,0.030500,0.026212,0.021317,0.019429,2,0.1586,1.087
2026-07-31T20:36:48,lefigaro_d50_s4_noms_n5000_e5000_log_g3,lefigaro,50,4,noms,5000,_s3,46726,6062,26923,200,506,0,5000,101,34,0.3400,75.34,0.7534,0.1069,0.1756,0.2418,2.926,0.0860,2.042,0.040791,0.034746,0.031407,0.026795,0.021474,0.020343,2,0.1596,1.100
2026-07-31T20:36:50,lefigaro_d50_s4_noms_propres_n5000_e5000_log_g3,lefigaro,50,4,noms_propres,5000,_s3,7950,812,4189,38,94,0,4057,101,31,0.3100,68.28,0.6828,0.1227,0.1932,0.2619,3.220,0.0913,2.117,0.050013,0.043240,0.029451,0.025930,0.022880,0.021665,1,0.1964,0.984
2026-07-31T20:36:52,lefigaro_d50_s6_tous_n5000_e5000_log_g3,lefigaro,50,6,tous,5000,_s3,18963,4596,9280,83,258,0,5000,101,33,0.3300,69.33,0.6933,0.1240,0.1919,0.2582,3.198,0.0923,2.079,0.051792,0.040926,0.031285,0.024513,0.023384,0.020005,1,0.1823,1.052
2026-07-31T20:36:54,lefigaro_d50_s6_sans_verbes_n5000_e5000_log_g3,lefigaro,50,6,sans_verbes,5000,_s3,18131,4141,8649,80,251,0,5000,101,32,0.3200,68.76,0.6876,0.1241,0.1933,0.2604,3.222,0.0931,2.076,0.052445,0.041556,0.030096,0.025076,0.024334,0.019840,1,0.1832,1.055
2026-07-31T20:36:56,lefigaro_d50_s6_noms_n5000_e5000_log_g3,lefigaro,50,6,noms,5000,_s3,13666,3635,7630,75,233,0,5000,101,32,0.3200,68.55,0.6855,0.1238,0.1933,0.2613,3.222,0.0935,2.068,0.053385,0.040688,0.029689,0.024697,0.024651,0.020230,1,0.1833,1.055
2026-07-31T20:36:58,lefigaro_d50_s6_noms_propres_n5000_e5000_log_g3,lefigaro,50,6,noms_propres,5000,_s3,2275,567,1282,16,40,0,1226,101,27,0.2700,58.98,0.5898,0.1444,0.2165,0.2886,3.609,0.1059,2.044,0.064888,0.048380,0.031101,0.026221,0.023901,0.022056,1,0.2347,0.922
2026-07-31T20:37:00,lefigaro3j_d10_s4_tous_n0_e5000_log_g3,lefigaro3j,10,4,tous,0,_s3,28362,7240,19147,122,0,0,5000,21,7,0.3500,16.60,0.8299,0.2876,0.4570,0.6430,1.523,0.3395,1.346,0.120982,0.097420,0.069167,0.060102,0.056754,0.052560,1,0.4781,0.956
2026-07-31T20:37:02,lefigaro3j_d10_s4_sans_verbes_n0_e5000_log_g3,lefigaro3j,10,4,sans_verbes,0,_s3,26006,6235,17421,113,0,0,5000,21,7,0.3500,16.51,0.8257,0.2921,0.4600,0.6436,1.533,0.3402,1.352,0.121540,0.098894,0.071651,0.060461,0.054644,0.052768,1,0.4823,0.954
2026-07-31T20:37:03,lefigaro3j_d10_s4_noms_n0_e5000_log_g3,lefigaro3j,10,4,noms,0,_s3,23039,5277,15350,98,0,0,5000,21,7,0.3500,16.40,0.8199,0.2936,0.4615,0.6467,1.538,0.3378,1.366,0.124379,0.098669,0.070561,0.060044,0.055116,0.052767,1,0.4871,0.947
2026-07-31T20:37:05,lefigaro3j_d10_s4_noms_propres_n0_e5000_log_g3,lefigaro3j,10,4,noms_propres,0,_s3,3996,736,2419,31,0,0,2388,21,7,0.3500,14.65,0.7325,0.3352,0.4983,0.6777,1.661,0.3496,1.425,0.155404,0.102849,0.076945,0.060355,0.053389,0.049358,0,0.5513,0.904
2026-07-31T20:37:06,lefigaro3j_d10_s6_tous_n0_e5000_log_g3,lefigaro3j,10,6,tous,0,_s3,7994,3310,5581,49,0,0,5000,21,6,0.3000,14.44,0.7219,0.3434,0.5043,0.6773,1.681,0.3535,1.427,0.154048,0.115744,0.073604,0.058639,0.052757,0.049497,1,0.5250,0.961
2026-07-31T20:37:08,lefigaro3j_d10_s6_sans_verbes_n0_e5000_log_g3,lefigaro3j,10,6,sans_verbes,0,_s3,7519,3051,5236,47,0,0,5000,21,6,0.3000,14.33,0.7164,0.3469,0.5075,0.6799,1.692,0.3545,1.432,0.155051,0.116872,0.074968,0.058618,0.053170,0.048841,1,0.5298,0.958
2026-07-31T20:37:09,lefigaro3j_d10_s6_noms_n0_e5000_log_g3,lefigaro3j,10,6,noms,0,_s3,6757,2718,4698,43,0,0,4655,21,6,0.3000,14.26,0.7129,0.3485,0.5089,0.6816,1.696,0.3561,1.429,0.156698,0.115970,0.075789,0.058879,0.053083,0.048470,1,0.5315,0.957
2026-07-31T20:37:10,lefigaro3j_d10_s6_noms_propres_n0_e5000_log_g3,lefigaro3j,10,6,noms_propres,0,_s3,1281,426,790,16,0,0,774,21,5,0.2500,12.41,0.6204,0.3899,0.5495,0.7160,1.832,0.3773,1.457,0.190816,0.115744,0.083370,0.061111,0.051884,0.046614,0,0.6063,0.906
2026-07-31T20:37:12,lefigaro3j_d15_s4_tous_n0_e5000_log_g3,lefigaro3j,15,4,tous,0,_s3,28362,7232,18521,146,0,0,5000,31,11,0.3667,24.07,0.8023,0.2286,0.3575,0.4963,1.787,0.2417,1.479,0.095230,0.078752,0.054594,0.046695,0.041856,0.040325,1,0.3838,0.931
2026-07-31T20:37:14,lefigaro3j_d15_s4_sans_verbes_n0_e5000_log_g3,lefigaro3j,15,4,sans_verbes,0,_s3,26006,6228,16843,136,0,0,5000,31,10,0.3333,23.71,0.7902,0.2339,0.3611,0.5007,1.806,0.2429,1.487,0.098712,0.079964,0.055213,0.046490,0.041358,0.039408,1,0.3891,0.928
2026-07-31T20:37:16,lefigaro3j_d15_s4_noms_n0_e5000_log_g3,lefigaro3j,15,4,noms,0,_s3,23039,5271,14830,117,0,0,5000,31,10,0.3333,23.75,0.7916,0.2321,0.3600,0.5015,1.800,0.2433,1.480,0.099181,0.078398,0.054483,0.046713,0.041674,0.039585,1,0.3907,0.922
2026-07-31T20:37:17,lefigaro3j_d15_s4_noms_propres_n0_e5000_log_g3,lefigaro3j,15,4,noms_propres,0,_s3,3996,735,2326,33,0,0,2293,31,9,0.3000,20.66,0.6886,0.2714,0.4054,0.5410,2.027,0.2540,1.596,0.127149,0.084525,0.059754,0.051549,0.043316,0.039084,1,0.4518,0.897
2026-07-31T20:37:19,lefigaro3j_d15_s6_tous_n0_e5000_log_g3,lefigaro3j,15,6,tous,0,_s3,7994,3304,5482,56,0,0,5000,31,9,0.3000,20.33,0.6778,0.2819,0.4077,0.5414,2.039,0.2608,1.563,0.127259,0.093916,0.060761,0.047026,0.041176,0.037594,1,0.4369,0.933
2026-07-31T20:37:21,lefigaro3j_d15_s6_sans_verbes_n0_e5000_log_g3,lefigaro3j,15,6,sans_verbes,0,_s3,7519,3045,5143,54,0,0,5000,31,9,0.3000,20.21,0.6737,0.2848,0.4103,0.5436,2.051,0.2603,1.576,0.127400,0.095257,0.062125,0.046495,0.041342,0.037665,1,0.4397,0.933
2026-07-31T20:37:22,lefigaro3j_d15_s6_noms_n0_e5000_log_g3,lefigaro3j,15,6,noms,0,_s3,6757,2712,4611,50,0,0,4561,31,9,0.3000,20.13,0.6710,0.2857,0.4116,0.5449,2.058,0.2613,1.575,0.128533,0.094283,0.062911,0.046968,0.041653,0.037255,1,0.4420,0.931
2026-07-31T20:37:24,lefigaro3j_d15_s6_noms_propres_n0_e5000_log_g3,lefigaro3j,15,6,noms_propres,0,_s3,1281,424,771,18,0,0,753,31,8,0.2667,17.00,0.5668,0.3259,0.4628,0.5932,2.314,0.2821,1.641,0.159195,0.096277,0.070459,0.052094,0.045074,0.039686,0,0.5120,0.904
2026-07-31T20:37:25,lefigaro3j_d25_s4_tous_n0_e5000_log_g3,lefigaro3j,25,4,tous,0,_s3,28362,7222,17645,263,0,0,5000,51,17,0.3400,37.24,0.7448,0.1778,0.2727,0.3716,2.273,0.1581,1.725,0.077822,0.060221,0.039757,0.034493,0.031054,0.029397,1,0.2953,0.924
2026-07-31T20:37:27,lefigaro3j_d25_s4_sans_verbes_n0_e5000_log_g3,lefigaro3j,25,4,sans_verbes,0,_s3,26006,6219,16022,250,0,0,5000,51,17,0.3400,36.74,0.7348,0.1818,0.2772,0.3785,2.310,0.1606,1.726,0.078175,0.061728,0.041866,0.035182,0.030830,0.029439,1,0.3015,0.920
2026-07-31T20:37:29,lefigaro3j_d25_s4_noms_n0_e5000_log_g3,lefigaro3j,25,4,noms,0,_s3,23039,5264,14086,217,0,0,5000,51,17,0.3400,37.01,0.7402,0.1796,0.2748,0.3766,2.290,0.1603,1.714,0.076672,0.062019,0.040878,0.034840,0.030582,0.029833,1,0.3018,0.911
2026-07-31T20:37:30,lefigaro3j_d25_s4_noms_propres_n0_e5000_log_g3,lefigaro3j,25,4,noms_propres,0,_s3,3996,732,2186,49,0,0,2137,51,15,0.3000,32.43,0.6485,0.2093,0.3107,0.4122,2.589,0.1700,1.828,0.092790,0.069951,0.046569,0.038826,0.033520,0.029049,0,0.3492,0.890
2026-07-31T20:37:32,lefigaro3j_d25_s6_tous_n0_e5000_log_g3,lefigaro3j,25,6,tous,0,_s3,7994,3280,5370,111,0,0,5000,51,15,0.3000,31.88,0.6375,0.2172,0.3122,0.4117,2.602,0.1764,1.770,0.096006,0.074407,0.046753,0.036217,0.030831,0.028002,1,0.3391,0.921
2026-07-31T20:37:33,lefigaro3j_d25_s6_sans_verbes_n0_e5000_log_g3,lefigaro3j,25,6,sans_verbes,0,_s3,7519,3022,5036,107,0,0,4929,51,15,0.3000,31.68,0.6337,0.2190,0.3145,0.4140,2.621,0.1774,1.773,0.095812,0.075759,0.047379,0.036183,0.031165,0.028243,1,0.3419,0.920
2026-07-31T20:37:35,lefigaro3j_d25_s6_noms_n0_e5000_log_g3,lefigaro3j,25,6,noms,0,_s3,6757,2693,4509,94,0,0,4415,51,15,0.3000,31.48,0.6296,0.2200,0.3161,0.4161,2.634,0.1777,1.779,0.097275,0.074858,0.047830,0.036248,0.031536,0.028359,1,0.3428,0.922
2026-07-31T20:37:36,lefigaro3j_d25_s6_noms_propres_n0_e5000_log_g3,lefigaro3j,25,6,noms_propres,0,_s3,1281,420,747,25,0,0,722,51,12,0.2400,26.89,0.5377,0.2463,0.3568,0.4595,2.973,0.1979,1.803,0.118560,0.073932,0.053776,0.042134,0.035739,0.032656,0,0.3987,0.895
2026-07-31T20:37:39,lefigaro3j_d50_s4_tous_n0_e5000_log_g3,lefigaro3j,50,4,tous,0,_s3,28362,7159,16046,597,0,0,5000,101,32,0.3200,67.45,0.6745,0.1291,0.1943,0.2629,3.239,0.0906,2.145,0.055188,0.043624,0.030241,0.023973,0.021518,0.019769,1,0.2102,0.925
2026-07-31T20:37:41,lefigaro3j_d50_s4_sans_verbes_n0_e5000_log_g3,lefigaro3j,50,4,sans_verbes,0,_s3,26006,6165,14546,568,0,0,5000,101,32,0.3200,67.37,0.6737,0.1295,0.1949,0.2646,3.249,0.0917,2.125,0.054465,0.043684,0.031371,0.024232,0.021015,0.020169,1,0.2128,0.916
2026-07-31T20:37:43,lefigaro3j_d50_s4_noms_n0_e5000_log_g3,lefigaro3j,50,4,noms,0,_s3,23039,5217,12777,503,0,0,5000,101,31,0.3100,65.33,0.6533,0.1340,0.2007,0.2709,3.345,0.0917,2.188,0.057644,0.044940,0.031428,0.024288,0.021359,0.021028,1,0.2178,0.921
2026-07-31T20:37:45,lefigaro3j_d50_s4_noms_propres_n0_e5000_log_g3,lefigaro3j,50,4,noms_propres,0,_s3,3996,729,1976,96,0,0,1880,101,27,0.2700,57.68,0.5768,0.1513,0.2253,0.2977,3.754,0.1005,2.242,0.064983,0.049850,0.036515,0.028708,0.023614,0.021594,1,0.2547,0.885
2026-07-31T20:37:46,lefigaro3j_d50_s6_tous_n0_e5000_log_g3,lefigaro3j,50,6,tous,0,_s3,7994,3204,5106,257,0,0,4849,101,29,0.2900,57.59,0.5759,0.1569,0.2239,0.2935,3.732,0.1043,2.146,0.067541,0.054015,0.035318,0.024926,0.022009,0.020117,1,0.2430,0.922
2026-07-31T20:37:48,lefigaro3j_d50_s6_sans_verbes_n0_e5000_log_g3,lefigaro3j,50,6,sans_verbes,0,_s3,7519,2951,4786,248,0,0,4538,101,29,0.2900,57.12,0.5712,0.1580,0.2258,0.2959,3.763,0.1050,2.150,0.067705,0.054588,0.035743,0.025260,0.022262,0.020243,1,0.2449,0.922
2026-07-31T20:37:50,lefigaro3j_d50_s6_noms_n0_e5000_log_g3,lefigaro3j,50,6,noms,0,_s3,6757,2630,4288,219,0,0,4069,101,28,0.2800,56.55,0.5655,0.1592,0.2278,0.2984,3.796,0.1058,2.154,0.068835,0.054172,0.036144,0.025519,0.022565,0.020534,1,0.2461,0.925
2026-07-31T20:37:51,lefigaro3j_d50_s6_noms_propres_n0_e5000_log_g3,lefigaro3j,50,6,noms_propres,0,_s3,1281,410,717,50,0,0,667,101,22,0.2200,47.89,0.4789,0.1761,0.2560,0.3329,4.266,0.1207,2.120,0.081805,0.052928,0.041400,0.029275,0.026446,0.024101,0,0.2861,0.895
2026-07-31T20:37:53,lefigaro7j_d10_s4_tous_n0_e5000_log_g3,lefigaro7j,10,4,tous,0,_s3,18274,5951,11512,201,0,0,5000,21,7,0.3500,15.04,0.7519,0.3274,0.4965,0.6699,1.655,0.3389,1.465,0.147746,0.102526,0.077089,0.064482,0.054892,0.049804,1,0.5391,0.921
2026-07-31T20:37:54,lefigaro7j_d10_s4_sans_verbes_n0_e5000_log_g3,lefigaro7j,10,4,sans_verbes,0,_s3,16710,5184,10440,191,0,0,5000,21,7,0.3500,14.98,0.7491,0.3281,0.4992,0.6717,1.664,0.3409,1.464,0.148322,0.104242,0.075573,0.063724,0.057088,0.050234,0,0.5406,0.923
2026-07-31T20:37:56,lefigaro7j_d10_s4_noms_n0_e5000_log_g3,lefigaro7j,10,4,noms,0,_s3,14775,4428,9167,173,0,0,5000,21,7,0.3500,15.11,0.7553,0.3268,0.4995,0.6734,1.665,0.3464,1.442,0.143925,0.105186,0.077722,0.064098,0.057629,0.050893,0,0.5385,0.928
2026-07-31T20:37:57,lefigaro7j_d10_s4_noms_propres_n0_e5000_log_g3,lefigaro7j,10,4,noms_propres,0,_s3,2290,617,1426,47,0,0,1379,21,6,0.3000,13.50,0.6748,0.3589,0.5354,0.7106,1.785,0.3604,1.486,0.172920,0.103416,0.082576,0.064586,0.060567,0.051358,0,0.5799,0.923
2026-07-31T20:37:58,lefigaro7j_d10_s6_tous_n0_e5000_log_g3,lefigaro7j,10,6,tous,0,_s3,6157,2542,3678,78,0,0,3600,21,6,0.3000,13.28,0.6641,0.3708,0.5422,0.7014,1.807,0.3563,1.522,0.171537,0.118132,0.081172,0.066569,0.056233,0.048509,0,0.5781,0.938
2026-07-31T20:38:00,lefigaro7j_d10_s6_sans_verbes_n0_e5000_log_g3,lefigaro7j,10,6,sans_verbes,0,_s3,5825,2338,3438,76,0,0,3362,21,6,0.3000,13.32,0.6659,0.3701,0.5419,0.7018,1.806,0.3566,1.519,0.170429,0.118544,0.081156,0.066388,0.056676,0.048707,0,0.5782,0.937
2026-07-31T20:38:01,lefigaro7j_d10_s6_noms_n0_e5000_log_g3,lefigaro7j,10,6,noms,0,_s3,5218,2095,3070,71,0,0,2999,21,6,0.3000,13.40,0.6699,0.3677,0.5401,0.7012,1.800,0.3580,1.509,0.169737,0.116773,0.081155,0.065808,0.057470,0.049144,0,0.5793,0.932
2026-07-31T20:38:02,lefigaro7j_d10_s6_noms_propres_n0_e5000_log_g3,lefigaro7j,10,6,noms_propres,0,_s3,767,339,515,24,0,0,491,21,5,0.2500,11.53,0.5765,0.4041,0.5807,0.7463,1.936,0.3927,1.479,0.207989,0.109124,0.086978,0.064234,0.057923,0.054480,0,0.6241,0.931
2026-07-31T20:38:04,lefigaro7j_d15_s4_tous_n0_e5000_log_g3,lefigaro7j,15,4,tous,0,_s3,18274,5930,11061,289,0,0,5000,31,10,0.3333,21.60,0.7200,0.2648,0.3952,0.5285,1.976,0.2474,1.597,0.117097,0.084004,0.063713,0.047964,0.042883,0.039525,1,0.4384,0.901
2026-07-31T20:38:05,lefigaro7j_d15_s4_sans_verbes_n0_e5000_log_g3,lefigaro7j,15,4,sans_verbes,0,_s3,16710,5164,10021,277,0,0,5000,31,9,0.3000,21.26,0.7088,0.2675,0.3997,0.5342,1.999,0.2483,1.610,0.120448,0.084820,0.062259,0.049426,0.042830,0.039936,1,0.4449,0.898
2026-07-31T20:38:07,lefigaro7j_d15_s4_noms_n0_e5000_log_g3,lefigaro7j,15,4,noms,0,_s3,14775,4410,8800,247,0,0,5000,31,9,0.3000,21.13,0.7044,0.2705,0.4033,0.5375,2.017,0.2499,1.614,0.119760,0.087118,0.063589,0.049487,0.043144,0.040227,0,0.4423,0.912
2026-07-31T20:38:08,lefigaro7j_d15_s4_noms_propres_n0_e5000_log_g3,lefigaro7j,15,4,noms_propres,0,_s3,2290,613,1374,61,0,0,1313,31,8,0.2667,19.44,0.6480,0.2901,0.4315,0.5701,2.157,0.2648,1.629,0.134379,0.085416,0.070296,0.052608,0.047715,0.041080,0,0.4780,0.903
2026-07-31T20:38:09,lefigaro7j_d15_s6_tous_n0_e5000_log_g3,lefigaro7j,15,6,tous,0,_s3,6157,2510,3586,129,0,0,3457,31,8,0.2667,18.78,0.6262,0.3053,0.4409,0.5700,2.205,0.2675,1.649,0.136722,0.099224,0.069395,0.052534,0.044056,0.039003,0,0.4773,0.924
2026-07-31T20:38:10,lefigaro7j_d15_s6_sans_verbes_n0_e5000_log_g3,lefigaro7j,15,6,sans_verbes,0,_s3,5825,2308,3350,125,0,0,3225,31,8,0.2667,18.81,0.6272,0.3050,0.4415,0.5703,2.207,0.2686,1.644,0.135590,0.100138,0.069228,0.052881,0.044697,0.038923,0,0.4761,0.927
2026-07-31T20:38:12,lefigaro7j_d15_s6_noms_n0_e5000_log_g3,lefigaro7j,15,6,noms,0,_s3,5218,2071,2994,111,0,0,2883,31,8,0.2667,18.88,0.6293,0.3034,0.4398,0.5700,2.199,0.2696,1.631,0.136066,0.098247,0.069120,0.052293,0.044170,0.039907,0,0.4756,0.925
2026-07-31T20:38:13,lefigaro7j_d15_s6_noms_propres_n0_e5000_log_g3,lefigaro7j,15,6,noms_propres,0,_s3,767,334,507,33,0,0,474,31,7,0.2333,16.60,0.5532,0.3320,0.4713,0.6157,2.356,0.2993,1.574,0.160348,0.093536,0.078156,0.052514,0.043911,0.042828,0,0.5127,0.919
2026-07-31T20:38:15,lefigaro7j_d25_s4_tous_n0_e5000_log_g3,lefigaro7j,25,4,tous,0,_s3,18274,5842,10388,543,0,0,5000,51,15,0.3000,33.46,0.6693,0.2050,0.3048,0.4044,2.540,0.1644,1.854,0.091256,0.063848,0.049907,0.036665,0.033013,0.030127,1,0.3408,0.895
2026-07-31T20:38:16,lefigaro7j_d25_s4_sans_verbes_n0_e5000_log_g3,lefigaro7j,25,4,sans_verbes,0,_s3,16710,5086,9403,517,0,0,5000,51,15,0.3000,33.19,0.6637,0.2063,0.3078,0.4074,2.565,0.1635,1.882,0.092274,0.063586,0.050479,0.038064,0.033346,0.030003,1,0.3423,0.899
2026-07-31T20:38:18,lefigaro7j_d25_s4_noms_n0_e5000_log_g3,lefigaro7j,25,4,noms,0,_s3,14775,4345,8262,462,0,0,5000,51,15,0.3000,32.97,0.6595,0.2071,0.3088,0.4098,2.574,0.1652,1.870,0.093138,0.064401,0.049532,0.037497,0.033441,0.030822,1,0.3444,0.897
2026-07-31T20:38:19,lefigaro7j_d25_s4_noms_propres_n0_e5000_log_g3,lefigaro7j,25,4,noms_propres,0,_s3,2290,608,1308,89,0,0,1219,51,13,0.2600,30.67,0.6134,0.2184,0.3304,0.4397,2.753,0.1796,1.840,0.098579,0.064629,0.055196,0.041181,0.037173,0.033654,0,0.3767,0.877
2026-07-31T20:38:20,lefigaro7j_d25_s6_tous_n0_e5000_log_g3,lefigaro7j,25,6,tous,0,_s3,6157,2441,3459,241,0,0,3218,51,13,0.2600,28.70,0.5741,0.2392,0.3441,0.4455,2.867,0.1827,1.883,0.108515,0.074547,0.056172,0.038626,0.035106,0.031094,0,0.3757,0.916
2026-07-31T20:38:22,lefigaro7j_d25_s6_sans_verbes_n0_e5000_log_g3,lefigaro7j,25,6,sans_verbes,0,_s3,5825,2242,3231,234,0,0,2997,51,13,0.2600,28.91,0.5781,0.2372,0.3430,0.4456,2.858,0.1839,1.865,0.106811,0.074929,0.055434,0.039186,0.035586,0.031026,0,0.3744,0.916
2026-07-31T20:38:23,lefigaro7j_d25_s6_noms_n0_e5000_log_g3,lefigaro7j,25,6,noms,0,_s3,5218,2012,2896,208,0,0,2688,51,13,0.2600,28.76,0.5752,0.2378,0.3434,0.4469,2.862,0.1833,1.873,0.108075,0.073847,0.055904,0.039510,0.035100,0.030957,0,0.3756,0.914
2026-07-31T20:38:24,lefigaro7j_d25_s6_noms_propres_n0_e5000_log_g3,lefigaro7j,25,6,noms_propres,0,_s3,767,328,496,44,0,0,452,51,11,0.2200,25.51,0.5102,0.2582,0.3719,0.4843,3.099,0.2098,1.772,0.119965,0.073098,0.065151,0.042634,0.038397,0.032672,0,0.4163,0.893
2026-07-31T20:38:26,lefigaro7j_d50_s4_tous_n0_e5000_log_g3,lefigaro7j,50,4,tous,0,_s3,18274,5503,9279,1223,0,0,5000,101,28,0.2800,56.41,0.5641,0.1538,0.2306,0.3007,3.844,0.0971,2.375,0.072649,0.043164,0.038033,0.031396,0.023343,0.022036,1,0.2394,0.963
2026-07-31T20:38:29,lefigaro7j_d50_s4_sans_verbes_n0_e5000_log_g3,lefigaro7j,50,4,sans_verbes,0,_s3,16710,4793,8364,1137,0,0,5000,101,27,0.2700,55.55,0.5555,0.1558,0.2350,0.3060,3.916,0.0967,2.431,0.072568,0.043252,0.040029,0.033071,0.023791,0.022266,1,0.2429,0.968
2026-07-31T20:38:30,lefigaro7j_d50_s4_noms_n0_e5000_log_g3,lefigaro7j,50,4,noms,0,_s3,14775,4095,7340,1023,0,0,5000,101,27,0.2700,55.23,0.5523,0.1572,0.2358,0.3072,3.930,0.0978,2.412,0.072984,0.044020,0.040163,0.032059,0.024100,0.022495,1,0.2435,0.968
2026-07-31T20:38:32,lefigaro7j_d50_s4_noms_propres_n0_e5000_log_g3,lefigaro7j,50,4,noms_propres,0,_s3,2290,592,1140,155,0,0,985,101,22,0.2200,50.71,0.5071,0.1636,0.2503,0.3311,4.172,0.1091,2.294,0.074388,0.046100,0.043081,0.034432,0.027057,0.025283,0,0.2696,0.929
2026-07-31T20:38:34,lefigaro7j_d50_s6_tous_n0_e5000_log_g3,lefigaro7j,50,6,tous,0,_s3,6157,2292,3233,456,0,0,2777,101,24,0.2400,47.61,0.4761,0.1793,0.2595,0.3328,4.324,0.1095,2.370,0.087663,0.049768,0.041912,0.031712,0.025395,0.023000,1,0.2649,0.979
2026-07-31T20:38:36,lefigaro7j_d50_s6_sans_verbes_n0_e5000_log_g3,lefigaro7j,50,6,sans_verbes,0,_s3,5825,2104,3014,438,0,0,2576,101,24,0.2400,48.47,0.4847,0.1769,0.2580,0.3323,4.299,0.1108,2.328,0.084156,0.050632,0.042095,0.032169,0.025512,0.023393,1,0.2638,0.978
2026-07-31T20:38:38,lefigaro7j_d50_s6_noms_n0_e5000_log_g3,lefigaro7j,50,6,noms,0,_s3,5218,1884,2701,398,0,0,2303,101,24,0.2400,47.77,0.4777,0.1787,0.2603,0.3346,4.338,0.1105,2.356,0.085698,0.050100,0.042919,0.032103,0.025608,0.023868,1,0.2670,0.975
2026-07-31T20:38:39,lefigaro7j_d50_s6_noms_propres_n0_e5000_log_g3,lefigaro7j,50,6,noms_propres,0,_s3,767,312,464,75,0,0,389,101,18,0.1800,41.07,0.4107,0.1916,0.2856,0.3723,4.761,0.1398,2.044,0.091831,0.054510,0.045279,0.034111,0.033436,0.026473,0,0.3040,0.940
2026-07-31T20:38:42,lesechos_d10_s4_tous_n5000_e5000_log_g3,lesechos,10,4,tous,5000,_s3,62592,8655,50055,125,4011,0,5000,21,8,0.4000,18.50,0.9248,0.2313,0.4090,0.6092,1.363,0.3486,1.173,0.083223,0.076329,0.071790,0.064687,0.058893,0.054078,2,0.3958,1.033
2026-07-31T20:38:45,lesechos_d10_s4_sans_verbes_n5000_e5000_log_g3,lesechos,10,4,sans_verbes,5000,_s3,58807,7144,46642,110,3834,0,5000,21,8,0.4000,18.38,0.9189,0.2334,0.4132,0.6139,1.377,0.3523,1.173,0.083065,0.078071,0.072289,0.066671,0.058587,0.054497,2,0.3987,1.036
2026-07-31T20:38:48,lesechos_d10_s4_noms_n5000_e5000_log_g3,lesechos,10,4,noms,5000,_s3,52486,5792,41346,96,3507,0,5000,21,8,0.4000,18.44,0.9221,0.2317,0.4112,0.6123,1.371,0.3502,1.174,0.083780,0.075949,0.071947,0.065699,0.059017,0.054843,2,0.3968,1.036
2026-07-31T20:38:51,lesechos_d10_s4_noms_propres_n5000_e5000_log_g3,lesechos,10,4,noms_propres,5000,_s3,8682,621,5995,12,798,0,5000,21,8,0.4000,17.63,0.8817,0.2614,0.4395,0.6352,1.465,0.3579,1.228,0.096476,0.088503,0.076446,0.064116,0.058965,0.055011,2,0.4307,1.021
2026-07-31T20:38:53,lesechos_d10_s6_tous_n5000_e5000_log_g3,lesechos,10,6,tous,5000,_s3,16794,4650,13380,28,1532,0,5000,21,8,0.4000,17.74,0.8868,0.2542,0.4359,0.6350,1.453,0.3691,1.181,0.095671,0.084435,0.074094,0.069014,0.058851,0.053867,1,0.4169,1.046
2026-07-31T20:38:56,lesechos_d10_s6_sans_verbes_n5000_e5000_log_g3,lesechos,10,6,sans_verbes,5000,_s3,16134,4288,12802,24,1479,0,5000,21,8,0.4000,17.65,0.8827,0.2579,0.4368,0.6343,1.456,0.3684,1.186,0.097666,0.087287,0.072962,0.068011,0.057070,0.053807,1,0.4199,1.040
2026-07-31T20:38:59,lesechos_d10_s6_noms_n5000_e5000_log_g3,lesechos,10,6,noms,5000,_s3,14670,3724,11572,21,1358,0,5000,21,8,0.4000,17.58,0.8788,0.2610,0.4392,0.6353,1.464,0.3698,1.188,0.099280,0.086118,0.075578,0.068184,0.056622,0.053409,1,0.4195,1.047
2026-07-31T20:39:01,lesechos_d10_s6_noms_propres_n5000_e5000_log_g3,lesechos,10,6,noms_propres,5000,_s3,2999,485,2012,4,325,0,1683,21,7,0.3500,16.81,0.8403,0.2841,0.4613,0.6565,1.538,0.3753,1.229,0.111421,0.094391,0.078308,0.062744,0.059247,0.055213,1,0.4522,1.020
2026-07-31T20:39:04,lesechos_d15_s4_tous_n5000_e5000_log_g3,lesechos,15,4,tous,5000,_s3,62592,8652,48521,185,3871,0,5000,31,12,0.4000,27.58,0.9195,0.1673,0.2993,0.4465,1.496,0.2455,1.219,0.061178,0.054521,0.051564,0.047136,0.043152,0.041711,2,0.2843,1.053
2026-07-31T20:39:07,lesechos_d15_s4_sans_verbes_n5000_e5000_log_g3,lesechos,15,4,sans_verbes,5000,_s3,58807,7143,45151,167,3694,0,5000,31,12,0.4000,27.67,0.9222,0.1660,0.2965,0.4420,1.483,0.2448,1.211,0.061994,0.053578,0.050403,0.045389,0.043944,0.041228,2,0.2822,1.051
2026-07-31T20:39:09,lesechos_d15_s4_noms_n5000_e5000_log_g3,lesechos,15,4,noms,5000,_s3,52486,5792,39965,141,3375,0,5000,31,12,0.4000,27.56,0.9187,0.1681,0.3004,0.4473,1.502,0.2464,1.219,0.061698,0.055764,0.050687,0.046335,0.043753,0.042194,2,0.2861,1.050
2026-07-31T20:39:11,lesechos_d15_s4_noms_propres_n5000_e5000_log_g3,lesechos,15,4,noms_propres,5000,_s3,8682,621,5747,16,768,0,4963,31,11,0.3667,26.36,0.8787,0.1911,0.3249,0.4711,1.624,0.2536,1.281,0.072973,0.063096,0.055031,0.046855,0.044138,0.042759,1,0.3186,1.020
2026-07-31T20:39:14,lesechos_d15_s6_tous_n5000_e5000_log_g3,lesechos,15,6,tous,5000,_s3,16794,4645,13079,47,1492,0,5000,31,12,0.4000,26.65,0.8883,0.1852,0.3192,0.4653,1.596,0.2586,1.234,0.070819,0.060341,0.054041,0.046932,0.044722,0.042304,1,0.3015,1.058
2026-07-31T20:39:16,lesechos_d15_s6_sans_verbes_n5000_e5000_log_g3,lesechos,15,6,sans_verbes,5000,_s3,16134,4283,12504,43,1439,0,5000,31,11,0.3667,26.38,0.8794,0.1899,0.3247,0.4711,1.624,0.2607,1.245,0.072366,0.061648,0.055868,0.046979,0.045905,0.041940,1,0.3034,1.070
2026-07-31T20:39:19,lesechos_d15_s6_noms_n5000_e5000_log_g3,lesechos,15,6,noms,5000,_s3,14670,3720,11291,38,1320,0,5000,31,11,0.3667,26.32,0.8773,0.1896,0.3266,0.4715,1.633,0.2615,1.249,0.073754,0.061559,0.054287,0.048112,0.046655,0.042235,1,0.3053,1.070
2026-07-31T20:39:21,lesechos_d15_s6_noms_propres_n5000_e5000_log_g3,lesechos,15,6,noms_propres,5000,_s3,2999,484,1943,5,309,0,1629,31,11,0.3667,24.79,0.8263,0.2131,0.3479,0.4964,1.739,0.2724,1.277,0.087324,0.069408,0.056399,0.049328,0.043864,0.041546,1,0.3413,1.019
2026-07-31T20:39:24,lesechos_d25_s4_tous_n5000_e5000_log_g3,lesechos,25,4,tous,5000,_s3,62592,8645,46348,269,3658,0,5000,51,20,0.4000,45.54,0.9108,0.1127,0.2030,0.3039,1.691,0.1597,1.271,0.042795,0.035753,0.034145,0.032287,0.029458,0.028519,2,0.1920,1.057
2026-07-31T20:39:27,lesechos_d25_s4_sans_verbes_n5000_e5000_log_g3,lesechos,25,4,sans_verbes,5000,_s3,58807,7141,43046,241,3488,0,5000,51,20,0.4000,45.42,0.9085,0.1143,0.2032,0.3023,1.693,0.1591,1.277,0.043960,0.037198,0.033119,0.032013,0.028715,0.028185,2,0.1930,1.053
2026-07-31T20:39:29,lesechos_d25_s4_noms_n5000_e5000_log_g3,lesechos,25,4,noms,5000,_s3,52486,5790,38038,204,3186,0,5000,51,20,0.4000,45.36,0.9073,0.1157,0.2053,0.3040,1.711,0.1587,1.294,0.043684,0.037201,0.034770,0.032879,0.028500,0.028295,2,0.1918,1.070
2026-07-31T20:39:32,lesechos_d25_s4_noms_propres_n5000_e5000_log_g3,lesechos,25,4,noms_propres,5000,_s3,8682,621,5383,24,714,0,4645,51,18,0.3600,42.96,0.8592,0.1334,0.2285,0.3295,1.904,0.1671,1.367,0.053618,0.043926,0.035872,0.033147,0.031738,0.030210,1,0.2227,1.026
2026-07-31T20:39:35,lesechos_d25_s6_tous_n5000_e5000_log_g3,lesechos,25,6,tous,5000,_s3,16794,4638,12658,69,1450,0,5000,51,19,0.3800,43.15,0.8631,0.1334,0.2270,0.3278,1.892,0.1686,1.346,0.053238,0.042772,0.037411,0.033832,0.030611,0.029138,1,0.2139,1.061
2026-07-31T20:39:37,lesechos_d25_s6_sans_verbes_n5000_e5000_log_g3,lesechos,25,6,sans_verbes,5000,_s3,16134,4277,12097,64,1398,0,5000,51,19,0.3800,43.33,0.8666,0.1323,0.2263,0.3255,1.886,0.1683,1.344,0.051998,0.043001,0.037256,0.034001,0.030615,0.029430,1,0.2098,1.078
2026-07-31T20:39:40,lesechos_d25_s6_noms_n5000_e5000_log_g3,lesechos,25,6,noms,5000,_s3,14670,3715,10909,58,1281,0,5000,51,19,0.3800,43.06,0.8611,0.1337,0.2279,0.3282,1.899,0.1696,1.343,0.053276,0.044427,0.036007,0.034369,0.030596,0.029207,1,0.2139,1.065
2026-07-31T20:39:42,lesechos_d25_s6_noms_propres_n5000_e5000_log_g3,lesechos,25,6,noms_propres,5000,_s3,2999,484,1843,9,299,0,1535,51,17,0.3400,39.86,0.7973,0.1529,0.2488,0.3545,2.074,0.1823,1.365,0.066490,0.048655,0.037788,0.035398,0.031626,0.028889,1,0.2441,1.019
2026-07-31T20:39:45,lesechos_d50_s4_tous_n5000_e5000_log_g3,lesechos,50,4,tous,5000,_s3,62592,8637,42805,453,3348,0,5000,101,39,0.3900,89.12,0.8912,0.0712,0.1244,0.1817,2.073,0.0852,1.460,0.027031,0.022547,0.021628,0.019724,0.016984,0.016479,2,0.1146,1.085
2026-07-31T20:39:48,lesechos_d50_s4_sans_verbes_n5000_e5000_log_g3,lesechos,50,4,sans_verbes,5000,_s3,58807,7136,39588,412,3184,0,5000,101,38,0.3800,88.24,0.8824,0.0731,0.1274,0.1852,2.123,0.0861,1.479,0.028383,0.023266,0.021451,0.020039,0.017707,0.016550,2,0.1166,1.092
2026-07-31T20:39:51,lesechos_d50_s4_noms_n5000_e5000_log_g3,lesechos,50,4,noms,5000,_s3,52486,5789,34845,355,2906,0,5000,101,38,0.3800,88.01,0.8801,0.0737,0.1284,0.1861,2.139,0.0874,1.469,0.029131,0.023339,0.021211,0.020306,0.017681,0.016700,2,0.1177,1.091
2026-07-31T20:39:54,lesechos_d50_s4_noms_propres_n5000_e5000_log_g3,lesechos,50,4,noms_propres,5000,_s3,8682,621,4789,46,639,0,4104,101,36,0.3600,82.95,0.8295,0.0849,0.1444,0.2073,2.406,0.0940,1.536,0.034755,0.029155,0.020989,0.020298,0.019909,0.019268,1,0.1396,1.035
2026-07-31T20:39:56,lesechos_d50_s6_tous_n5000_e5000_log_g3,lesechos,50,6,tous,5000,_s3,16794,4628,12008,118,1370,0,5000,101,37,0.3700,84.12,0.8412,0.0844,0.1420,0.2018,2.366,0.0922,1.539,0.034489,0.028550,0.021388,0.020612,0.019053,0.017891,2,0.1325,1.072
2026-07-31T20:39:59,lesechos_d50_s6_sans_verbes_n5000_e5000_log_g3,lesechos,50,6,sans_verbes,5000,_s3,16134,4268,11454,112,1318,0,5000,101,36,0.3600,83.49,0.8349,0.0858,0.1431,0.2036,2.385,0.0926,1.546,0.035986,0.028238,0.021610,0.020442,0.018893,0.017939,2,0.1341,1.067
2026-07-31T20:40:02,lesechos_d50_s6_noms_n5000_e5000_log_g3,lesechos,50,6,noms,5000,_s3,14670,3707,10304,103,1207,0,5000,101,36,0.3600,83.39,0.8339,0.0863,0.1447,0.2043,2.412,0.0935,1.549,0.035385,0.028730,0.022173,0.020975,0.019604,0.017872,2,0.1337,1.083
2026-07-31T20:40:04,lesechos_d50_s6_noms_propres_n5000_e5000_log_g3,lesechos,50,6,noms_propres,5000,_s3,2999,483,1692,15,275,0,1402,101,32,0.3200,74.98,0.7498,0.1009,0.1630,0.2313,2.716,0.1081,1.507,0.043370,0.034419,0.023148,0.022532,0.020885,0.018630,1,0.1593,1.023
2026-07-31T20:40:06,lesechos3j_d10_s4_tous_n0_e5000_log_g3,lesechos3j,10,4,tous,0,_s3,23167,6500,17779,150,0,0,5000,21,8,0.4000,17.96,0.8982,0.2493,0.4108,0.6008,1.369,0.3301,1.244,0.100085,0.087201,0.061983,0.056792,0.053567,0.051130,1,0.4195,0.979
2026-07-31T20:40:08,lesechos3j_d10_s4_sans_verbes_n0_e5000_log_g3,lesechos3j,10,4,sans_verbes,0,_s3,21705,5677,16521,136,0,0,5000,21,8,0.4000,17.82,0.8912,0.2514,0.4132,0.6051,1.377,0.3289,1.256,0.102654,0.088893,0.059847,0.057185,0.053524,0.051049,1,0.4232,0.976
2026-07-31T20:40:09,lesechos3j_d10_s4_noms_n0_e5000_log_g3,lesechos3j,10,4,noms,0,_s3,19195,4784,14551,117,0,0,5000,21,8,0.4000,17.90,0.8952,0.2508,0.4120,0.6047,1.373,0.3311,1.244,0.100461,0.088334,0.061989,0.056215,0.053259,0.051787,1,0.4241,0.971
2026-07-31T20:40:11,lesechos3j_d10_s4_noms_propres_n0_e5000_log_g3,lesechos3j,10,4,noms_propres,0,_s3,2961,587,2128,18,0,0,2110,21,8,0.4000,17.07,0.8537,0.2757,0.4438,0.6254,1.479,0.3400,1.305,0.114264,0.094687,0.066700,0.058781,0.055544,0.053833,0,0.4627,0.959
2026-07-31T20:40:12,lesechos3j_d10_s6_tous_n0_e5000_log_g3,lesechos3j,10,6,tous,0,_s3,5834,2696,4595,36,0,0,4559,21,8,0.4000,16.38,0.8190,0.2946,0.4520,0.6330,1.507,0.3420,1.322,0.125213,0.103910,0.065474,0.056555,0.051693,0.049150,1,0.4575,0.988
2026-07-31T20:40:14,lesechos3j_d10_s6_sans_verbes_n0_e5000_log_g3,lesechos3j,10,6,sans_verbes,0,_s3,5583,2547,4400,32,0,0,4368,21,7,0.3500,16.33,0.8164,0.2962,0.4530,0.6330,1.510,0.3429,1.321,0.125888,0.104419,0.065935,0.057151,0.051265,0.048386,1,0.4577,0.990
2026-07-31T20:40:15,lesechos3j_d10_s6_noms_n0_e5000_log_g3,lesechos3j,10,6,noms,0,_s3,4969,2244,3911,29,0,0,3882,21,7,0.3500,16.29,0.8146,0.2963,0.4543,0.6346,1.514,0.3423,1.327,0.126993,0.103837,0.065512,0.057213,0.051655,0.049043,1,0.4615,0.984
2026-07-31T20:40:17,lesechos3j_d10_s6_noms_propres_n0_e5000_log_g3,lesechos3j,10,6,noms_propres,0,_s3,806,347,643,9,0,0,634,21,7,0.3500,14.79,0.7395,0.3389,0.4977,0.6695,1.659,0.3720,1.338,0.143474,0.118371,0.077040,0.057506,0.052929,0.048382,0,0.4980,0.999
2026-07-31T20:40:19,lesechos3j_d15_s4_tous_n0_e5000_log_g3,lesechos3j,15,4,tous,0,_s3,23167,6498,17371,191,0,0,5000,31,12,0.4000,26.86,0.8954,0.1871,0.3010,0.4367,1.505,0.2324,1.295,0.074733,0.066525,0.045886,0.040439,0.037763,0.035625,1,0.3163,0.951
2026-07-31T20:40:20,lesechos3j_d15_s4_sans_verbes_n0_e5000_log_g3,lesechos3j,15,4,sans_verbes,0,_s3,21705,5675,16126,176,0,0,5000,31,12,0.4000,26.71,0.8905,0.1891,0.3054,0.4415,1.527,0.2328,1.312,0.076721,0.065655,0.046720,0.040002,0.038463,0.037845,1,0.3190,0.957
2026-07-31T20:40:22,lesechos3j_d15_s4_noms_n0_e5000_log_g3,lesechos3j,15,4,noms,0,_s3,19195,4783,14190,155,0,0,5000,31,12,0.4000,26.54,0.8846,0.1920,0.3083,0.4445,1.542,0.2338,1.319,0.076988,0.068967,0.046026,0.040758,0.038198,0.037407,1,0.3233,0.954
2026-07-31T20:40:24,lesechos3j_d15_s4_noms_propres_n0_e5000_log_g3,lesechos3j,15,4,noms_propres,0,_s3,2961,587,2064,22,0,0,2042,31,11,0.3667,25.20,0.8398,0.2120,0.3370,0.4756,1.685,0.2446,1.377,0.084976,0.076762,0.050218,0.045161,0.040274,0.039579,0,0.3587,0.940
2026-07-31T20:40:25,lesechos3j_d15_s6_tous_n0_e5000_log_g3,lesechos3j,15,6,tous,0,_s3,5834,2693,4533,51,0,0,4482,31,11,0.3667,24.09,0.8031,0.2290,0.3472,0.4790,1.736,0.2438,1.424,0.096937,0.082925,0.049170,0.041321,0.040173,0.036625,1,0.3586,0.968
2026-07-31T20:40:27,lesechos3j_d15_s6_sans_verbes_n0_e5000_log_g3,lesechos3j,15,6,sans_verbes,0,_s3,5583,2544,4340,47,0,0,4293,31,11,0.3667,24.01,0.8005,0.2300,0.3489,0.4798,1.744,0.2444,1.427,0.097309,0.083680,0.049020,0.041552,0.040415,0.036880,1,0.3597,0.970
2026-07-31T20:40:28,lesechos3j_d15_s6_noms_n0_e5000_log_g3,lesechos3j,15,6,noms,0,_s3,4969,2242,3855,43,0,0,3812,31,11,0.3667,23.93,0.7976,0.2312,0.3497,0.4814,1.748,0.2448,1.428,0.098044,0.083922,0.049200,0.041219,0.040040,0.037242,1,0.3626,0.964
2026-07-31T20:40:29,lesechos3j_d15_s6_noms_propres_n0_e5000_log_g3,lesechos3j,15,6,noms_propres,0,_s3,806,347,632,10,0,0,622,31,10,0.3333,21.68,0.7228,0.2612,0.3866,0.5265,1.933,0.2713,1.425,0.109302,0.096205,0.055742,0.046383,0.041226,0.037706,0,0.3924,0.985
2026-07-31T20:40:31,lesechos3j_d25_s4_tous_n0_e5000_log_g3,lesechos3j,25,4,tous,0,_s3,23167,6486,16721,287,0,0,5000,51,20,0.4000,43.96,0.8791,0.1345,0.2133,0.3036,1.777,0.1492,1.429,0.054490,0.047786,0.032216,0.028075,0.026505,0.024187,1,0.2258,0.945
2026-07-31T20:40:33,lesechos3j_d25_s4_sans_verbes_n0_e5000_log_g3,lesechos3j,25,4,sans_verbes,0,_s3,21705,5668,15495,266,0,0,5000,51,20,0.4000,43.56,0.8711,0.1370,0.2165,0.3079,1.804,0.1498,1.445,0.055896,0.049255,0.031882,0.028178,0.026412,0.024872,1,0.2307,0.938
2026-07-31T20:40:35,lesechos3j_d25_s4_noms_n0_e5000_log_g3,lesechos3j,25,4,noms,0,_s3,19195,4777,13616,234,0,0,5000,51,20,0.4000,43.50,0.8700,0.1370,0.2175,0.3089,1.812,0.1511,1.439,0.056347,0.048871,0.031816,0.028813,0.027021,0.024615,1,0.2313,0.940
2026-07-31T20:40:36,lesechos3j_d25_s4_noms_propres_n0_e5000_log_g3,lesechos3j,25,4,noms_propres,0,_s3,2961,587,1967,31,0,0,1936,51,18,0.3600,40.41,0.8081,0.1569,0.2437,0.3429,2.031,0.1631,1.494,0.062583,0.058300,0.036040,0.030548,0.029288,0.026958,0,0.2624,0.929
2026-07-31T20:40:38,lesechos3j_d25_s6_tous_n0_e5000_log_g3,lesechos3j,25,6,tous,0,_s3,5834,2683,4450,70,0,0,4380,51,18,0.3600,39.07,0.7814,0.1684,0.2515,0.3419,2.096,0.1603,1.569,0.071802,0.061758,0.034839,0.030042,0.027951,0.025078,1,0.2643,0.952
2026-07-31T20:40:40,lesechos3j_d25_s6_sans_verbes_n0_e5000_log_g3,lesechos3j,25,6,sans_verbes,0,_s3,5583,2535,4258,65,0,0,4193,51,18,0.3600,38.90,0.7780,0.1695,0.2530,0.3436,2.109,0.1603,1.578,0.072127,0.062413,0.034923,0.030210,0.027989,0.025359,1,0.2656,0.953
2026-07-31T20:40:41,lesechos3j_d25_s6_noms_n0_e5000_log_g3,lesechos3j,25,6,noms,0,_s3,4969,2233,3781,61,0,0,3720,51,18,0.3600,38.77,0.7755,0.1702,0.2542,0.3455,2.118,0.1618,1.570,0.071997,0.062896,0.035339,0.030440,0.027918,0.025564,1,0.2687,0.946
2026-07-31T20:40:42,lesechos3j_d25_s6_noms_propres_n0_e5000_log_g3,lesechos3j,25,6,noms_propres,0,_s3,806,347,612,11,0,0,601,51,15,0.3000,33.85,0.6769,0.1988,0.2924,0.3954,2.436,0.1906,1.534,0.080066,0.076864,0.041849,0.033115,0.030342,0.030125,0,0.2938,0.995
2026-07-31T20:40:44,lesechos3j_d50_s4_tous_n0_e5000_log_g3,lesechos3j,50,4,tous,0,_s3,23167,6453,15430,548,0,0,5000,101,39,0.3900,85.00,0.8500,0.0873,0.1363,0.1914,2.272,0.0833,1.637,0.038029,0.029707,0.019539,0.017553,0.016188,0.015290,1,0.1437,0.949
2026-07-31T20:40:46,lesechos3j_d50_s4_sans_verbes_n0_e5000_log_g3,lesechos3j,50,4,sans_verbes,0,_s3,21705,5636,14255,509,0,0,5000,101,39,0.3900,84.69,0.8469,0.0885,0.1377,0.1922,2.295,0.0833,1.654,0.038383,0.029842,0.020250,0.018332,0.015906,0.014993,1,0.1448,0.951
2026-07-31T20:40:49,lesechos3j_d50_s4_noms_n0_e5000_log_g3,lesechos3j,50,4,noms,0,_s3,19195,4752,12503,446,0,0,5000,101,38,0.3800,83.62,0.8362,0.0920,0.1404,0.1953,2.339,0.0835,1.680,0.039262,0.031900,0.020800,0.017704,0.015433,0.015255,1,0.1484,0.946
2026-07-31T20:40:50,lesechos3j_d50_s4_noms_propres_n0_e5000_log_g3,lesechos3j,50,4,noms_propres,0,_s3,2961,586,1809,50,0,0,1759,101,34,0.3400,75.44,0.7544,0.1067,0.1620,0.2240,2.700,0.0946,1.712,0.044510,0.040030,0.022206,0.020248,0.018061,0.016922,1,0.1703,0.951
2026-07-31T20:40:52,lesechos3j_d50_s6_tous_n0_e5000_log_g3,lesechos3j,50,6,tous,0,_s3,5834,2647,4254,169,0,0,4085,101,36,0.3600,74.85,0.7485,0.1136,0.1649,0.2218,2.748,0.0919,1.794,0.049655,0.040762,0.023231,0.018809,0.016466,0.015966,1,0.1729,0.954
2026-07-31T20:40:54,lesechos3j_d50_s6_sans_verbes_n0_e5000_log_g3,lesechos3j,50,6,sans_verbes,0,_s3,5583,2502,4065,158,0,0,3907,101,36,0.3600,74.42,0.7442,0.1147,0.1662,0.2231,2.770,0.0919,1.809,0.049937,0.041282,0.023530,0.018926,0.016506,0.015990,1,0.1746,0.952
2026-07-31T20:40:55,lesechos3j_d50_s6_noms_n0_e5000_log_g3,lesechos3j,50,6,noms,0,_s3,4969,2206,3608,141,0,0,3467,101,35,0.3500,73.65,0.7365,0.1163,0.1684,0.2257,2.807,0.0926,1.819,0.050330,0.042165,0.023812,0.019230,0.016749,0.016114,1,0.1771,0.951
2026-07-31T20:40:57,lesechos3j_d50_s6_noms_propres_n0_e5000_log_g3,lesechos3j,50,6,noms_propres,0,_s3,806,346,585,17,0,0,568,101,27,0.2700,60.02,0.6002,0.1400,0.2012,0.2725,3.353,0.1169,1.721,0.057886,0.054865,0.027281,0.021938,0.019769,0.019450,0,0.2037,0.988
2026-07-31T20:40:58,lesechos7j_d10_s4_tous_n0_e5000_log_g3,lesechos7j,10,4,tous,0,_s3,12297,4584,8821,188,0,0,5000,21,7,0.3500,16.47,0.8234,0.2918,0.4556,0.6360,1.519,0.3413,1.335,0.124397,0.098849,0.068517,0.059345,0.053879,0.050660,0,0.4778,0.954
2026-07-31T20:41:00,lesechos7j_d10_s4_sans_verbes_n0_e5000_log_g3,lesechos7j,10,4,sans_verbes,0,_s3,11594,4155,8257,175,0,0,5000,21,7,0.3500,16.45,0.8224,0.2933,0.4565,0.6394,1.522,0.3418,1.335,0.123754,0.099573,0.069966,0.058373,0.054229,0.050608,1,0.4794,0.952
2026-07-31T20:41:02,lesechos7j_d10_s4_noms_n0_e5000_log_g3,lesechos7j,10,4,noms,0,_s3,10215,3568,7256,156,0,0,5000,21,7,0.3500,16.39,0.8194,0.2952,0.4595,0.6397,1.532,0.3404,1.350,0.123305,0.102475,0.069423,0.058995,0.055529,0.049819,1,0.4815,0.954
2026-07-31T20:41:03,lesechos7j_d10_s4_noms_propres_n0_e5000_log_g3,lesechos7j,10,4,noms_propres,0,_s3,1690,493,1158,22,0,0,1136,21,7,0.3500,15.67,0.7835,0.3100,0.4797,0.6597,1.599,0.3584,1.338,0.135958,0.103722,0.070304,0.060740,0.057467,0.051469,0,0.4989,0.961
2026-07-31T20:41:05,lesechos7j_d10_s6_tous_n0_e5000_log_g3,lesechos7j,10,6,tous,0,_s3,3321,1742,2451,55,0,0,2396,21,6,0.3000,14.01,0.7003,0.3515,0.5130,0.6798,1.710,0.3573,1.436,0.161877,0.117095,0.072498,0.058361,0.055776,0.047347,0,0.5306,0.967
2026-07-31T20:41:06,lesechos7j_d10_s6_sans_verbes_n0_e5000_log_g3,lesechos7j,10,6,sans_verbes,0,_s3,3170,1654,2342,52,0,0,2290,21,6,0.3000,14.01,0.7007,0.3512,0.5134,0.6800,1.711,0.3551,1.446,0.161767,0.116829,0.072616,0.058510,0.056255,0.047453,0,0.5314,0.966
2026-07-31T20:41:08,lesechos7j_d10_s6_noms_n0_e5000_log_g3,lesechos7j,10,6,noms,0,_s3,2807,1466,2080,47,0,0,2033,21,6,0.3000,14.00,0.7000,0.3521,0.5152,0.6830,1.717,0.3566,1.445,0.161548,0.116654,0.073925,0.059210,0.055623,0.048272,0,0.5339,0.965
2026-07-31T20:41:09,lesechos7j_d10_s6_noms_propres_n0_e5000_log_g3,lesechos7j,10,6,noms_propres,0,_s3,470,243,368,10,0,0,358,21,6,0.3000,13.16,0.6579,0.3732,0.5481,0.7166,1.827,0.4022,1.363,0.171126,0.118887,0.083214,0.064656,0.056857,0.053408,0,0.5517,0.994
2026-07-31T20:41:11,lesechos7j_d15_s4_tous_n0_e5000_log_g3,lesechos7j,15,4,tous,0,_s3,12297,4566,8567,271,0,0,5000,31,11,0.3667,24.49,0.8162,0.2236,0.3479,0.4829,1.739,0.2450,1.420,0.092634,0.078231,0.052734,0.044567,0.042265,0.037450,1,0.3726,0.934
2026-07-31T20:41:13,lesechos7j_d15_s4_sans_verbes_n0_e5000_log_g3,lesechos7j,15,4,sans_verbes,0,_s3,11594,4139,8009,253,0,0,5000,31,11,0.3667,24.41,0.8137,0.2243,0.3484,0.4832,1.742,0.2433,1.432,0.093618,0.078631,0.052049,0.043926,0.043265,0.036946,1,0.3758,0.927
2026-07-31T20:41:14,lesechos7j_d15_s4_noms_n0_e5000_log_g3,lesechos7j,15,4,noms,0,_s3,10215,3554,7033,227,0,0,5000,31,11,0.3667,24.30,0.8100,0.2261,0.3507,0.4863,1.753,0.2456,1.428,0.093973,0.079105,0.053029,0.043959,0.042924,0.037698,1,0.3761,0.933
2026-07-31T20:41:16,lesechos7j_d15_s4_noms_propres_n0_e5000_log_g3,lesechos7j,15,4,noms_propres,0,_s3,1690,493,1117,36,0,0,1081,31,10,0.3333,22.77,0.7590,0.2447,0.3768,0.5172,1.884,0.2591,1.454,0.104554,0.083909,0.056211,0.048664,0.043863,0.039626,0,0.3926,0.960
2026-07-31T20:41:17,lesechos7j_d15_s6_tous_n0_e5000_log_g3,lesechos7j,15,6,tous,0,_s3,3321,1727,2416,79,0,0,2337,31,9,0.3000,20.41,0.6805,0.2798,0.4070,0.5366,2.035,0.2626,1.550,0.124517,0.097875,0.057456,0.045244,0.044106,0.037762,0,0.4261,0.955
2026-07-31T20:41:18,lesechos7j_d15_s6_sans_verbes_n0_e5000_log_g3,lesechos7j,15,6,sans_verbes,0,_s3,3170,1639,2310,76,0,0,2234,31,9,0.3000,20.39,0.6796,0.2802,0.4076,0.5376,2.038,0.2630,1.550,0.124589,0.098029,0.057600,0.045413,0.044181,0.037773,0,0.4274,0.954
2026-07-31T20:41:20,lesechos7j_d15_s6_noms_n0_e5000_log_g3,lesechos7j,15,6,noms,0,_s3,2807,1452,2050,69,0,0,1981,31,9,0.3000,20.27,0.6757,0.2815,0.4108,0.5402,2.054,0.2638,1.557,0.125480,0.097944,0.058037,0.046565,0.044343,0.038417,0,0.4313,0.952
2026-07-31T20:41:21,lesechos7j_d15_s6_noms_propres_n0_e5000_log_g3,lesechos7j,15,6,noms_propres,0,_s3,470,240,364,16,0,0,348,31,8,0.2667,18.87,0.6291,0.2952,0.4381,0.5811,2.190,0.3050,1.436,0.135199,0.097562,0.062410,0.051516,0.048845,0.042555,0,0.4402,0.995
2026-07-31T20:41:23,lesechos7j_d25_s4_tous_n0_e5000_log_g3,lesechos7j,25,4,tous,0,_s3,12297,4508,8099,424,0,0,5000,51,18,0.3600,39.21,0.7841,0.1677,0.2532,0.3491,2.110,0.1593,1.589,0.071323,0.058254,0.038086,0.030057,0.029085,0.026357,1,0.2739,0.924
2026-07-31T20:41:24,lesechos7j_d25_s4_sans_verbes_n0_e5000_log_g3,lesechos7j,25,4,sans_verbes,0,_s3,11594,4085,7555,397,0,0,5000,51,18,0.3600,38.69,0.7739,0.1714,0.2573,0.3527,2.144,0.1600,1.608,0.072603,0.060433,0.038394,0.030427,0.028915,0.026523,1,0.2780,0.925
2026-07-31T20:41:26,lesechos7j_d25_s4_noms_n0_e5000_log_g3,lesechos7j,25,4,noms,0,_s3,10215,3508,6622,355,0,0,5000,51,18,0.3600,38.54,0.7709,0.1722,0.2580,0.3539,2.150,0.1593,1.620,0.073339,0.060425,0.038408,0.030906,0.029213,0.025748,1,0.2793,0.924
2026-07-31T20:41:27,lesechos7j_d25_s4_noms_propres_n0_e5000_log_g3,lesechos7j,25,4,noms_propres,0,_s3,1690,490,1059,45,0,0,1014,51,16,0.3200,34.94,0.6987,0.1895,0.2848,0.3863,2.374,0.1796,1.586,0.085668,0.064559,0.039293,0.033962,0.031191,0.030155,0,0.2942,0.968
2026-07-31T20:41:28,lesechos7j_d25_s6_tous_n0_e5000_log_g3,lesechos7j,25,6,tous,0,_s3,3321,1700,2338,135,0,0,2203,51,15,0.3000,32.13,0.6426,0.2157,0.3044,0.4010,2.537,0.1787,1.703,0.095392,0.076600,0.043690,0.030887,0.030243,0.027607,0,0.3241,0.939
2026-07-31T20:41:30,lesechos7j_d25_s6_sans_verbes_n0_e5000_log_g3,lesechos7j,25,6,sans_verbes,0,_s3,3170,1612,2236,132,0,0,2104,51,15,0.3000,32.05,0.6410,0.2162,0.3056,0.4024,2.546,0.1784,1.713,0.095221,0.077060,0.043937,0.030974,0.030578,0.027794,0,0.3250,0.940
2026-07-31T20:41:31,lesechos7j_d25_s6_noms_n0_e5000_log_g3,lesechos7j,25,6,noms,0,_s3,2807,1429,1984,119,0,0,1865,51,15,0.3000,31.77,0.6354,0.2177,0.3082,0.4051,2.568,0.1790,1.722,0.096156,0.077370,0.044184,0.031754,0.031107,0.027592,0,0.3293,0.936
2026-07-31T20:41:32,lesechos7j_d25_s6_noms_propres_n0_e5000_log_g3,lesechos7j,25,6,noms_propres,0,_s3,470,240,356,18,0,0,338,51,13,0.2600,28.86,0.5771,0.2299,0.3318,0.4417,2.765,0.2158,1.537,0.103827,0.079510,0.046525,0.034925,0.034619,0.032383,0,0.3480,0.953
2026-07-31T20:41:34,lesechos7j_d50_s4_tous_n0_e5000_log_g3,lesechos7j,50,4,tous,0,_s3,12297,4394,7427,659,0,0,5000,101,35,0.3500,71.02,0.7102,0.1213,0.1773,0.2376,2.955,0.0903,1.962,0.055848,0.040391,0.025075,0.021132,0.018112,0.016718,1,0.1857,0.955
2026-07-31T20:41:36,lesechos7j_d50_s4_sans_verbes_n0_e5000_log_g3,lesechos7j,50,4,sans_verbes,0,_s3,11594,3980,6896,620,0,0,5000,101,35,0.3500,70.30,0.7030,0.1233,0.1796,0.2393,2.994,0.0905,1.985,0.056603,0.041303,0.025378,0.021483,0.018143,0.016722,1,0.1877,0.957
2026-07-31T20:41:38,lesechos7j_d50_s4_noms_n0_e5000_log_g3,lesechos7j,50,4,noms,0,_s3,10215,3416,6034,558,0,0,5000,101,34,0.3400,70.27,0.7027,0.1232,0.1799,0.2408,2.998,0.0900,1.999,0.055709,0.042173,0.025300,0.021665,0.018159,0.016861,1,0.1889,0.952
2026-07-31T20:41:39,lesechos7j_d50_s4_noms_propres_n0_e5000_log_g3,lesechos7j,50,4,noms_propres,0,_s3,1690,484,960,69,0,0,891,101,28,0.2800,57.97,0.5797,0.1480,0.2074,0.2742,3.457,0.1059,1.959,0.071294,0.050011,0.026673,0.020758,0.020359,0.018316,0,0.2147,0.966
2026-07-31T20:41:40,lesechos7j_d50_s6_tous_n0_e5000_log_g3,lesechos7j,50,6,tous,0,_s3,3321,1660,2243,197,0,0,2046,101,30,0.3000,58.01,0.5801,0.1540,0.2156,0.2787,3.593,0.1068,2.020,0.070718,0.052499,0.030824,0.023932,0.020082,0.017545,0,0.2229,0.967
2026-07-31T20:41:42,lesechos7j_d50_s6_sans_verbes_n0_e5000_log_g3,lesechos7j,50,6,sans_verbes,0,_s3,3170,1572,2142,194,0,0,1948,101,29,0.2900,57.60,0.5760,0.1550,0.2171,0.2806,3.618,0.1061,2.046,0.070698,0.053443,0.030908,0.024000,0.020348,0.017674,0,0.2256,0.962
2026-07-31T20:41:43,lesechos7j_d50_s6_noms_n0_e5000_log_g3,lesechos7j,50,6,noms,0,_s3,2807,1392,1907,177,0,0,1730,101,29,0.2900,56.71,0.5671,0.1567,0.2192,0.2840,3.654,0.1078,2.033,0.071877,0.054256,0.030608,0.023883,0.020634,0.017956,0,0.2284,0.960
2026-07-31T20:41:44,lesechos7j_d50_s6_noms_propres_n0_e5000_log_g3,lesechos7j,50,6,noms_propres,0,_s3,470,234,339,28,0,0,311,101,21,0.2100,46.72,0.4672,0.1750,0.2464,0.3259,4.106,0.1394,1.768,0.076782,0.065617,0.032606,0.024843,0.023456,0.023087,0,0.2549,0.966
2026-07-31T20:41:46,mediapart_d10_s4_tous_n2000_e5000_log_g3,mediapart,10,4,tous,2000,_s3,31232,7348,27443,79,1294,0,5000,21,9,0.4500,19.20,0.9600,0.2110,0.3762,0.5773,1.254,0.3376,1.114,0.074471,0.073207,0.063366,0.056632,0.055865,0.052683,1,0.3527,1.067
2026-07-31T20:41:48,mediapart_d10_s4_sans_verbes_n2000_e5000_log_g3,mediapart,10,4,sans_verbes,2000,_s3,29154,6208,25448,70,1228,0,5000,21,9,0.4500,19.27,0.9635,0.2069,0.3731,0.5741,1.244,0.3357,1.111,0.074896,0.069446,0.062551,0.058642,0.054211,0.053378,1,0.3502,1.066
2026-07-31T20:41:50,mediapart_d10_s4_noms_n2000_e5000_log_g3,mediapart,10,4,noms,2000,_s3,26160,5147,22709,64,1119,0,5000,21,9,0.4500,19.25,0.9623,0.2082,0.3759,0.5749,1.253,0.3353,1.121,0.074234,0.071272,0.062730,0.059109,0.054915,0.053655,1,0.3518,1.069
2026-07-31T20:41:52,mediapart_d10_s4_noms_propres_n2000_e5000_log_g3,mediapart,10,4,noms_propres,2000,_s3,3039,503,2611,10,157,0,2444,21,8,0.4000,18.53,0.9266,0.2338,0.4051,0.6005,1.350,0.3679,1.101,0.087180,0.082114,0.064539,0.061742,0.055054,0.054475,1,0.3662,1.106
2026-07-31T20:41:54,mediapart_d10_s6_tous_n2000_e5000_log_g3,mediapart,10,6,tous,2000,_s3,9225,2661,7595,24,383,0,5000,21,9,0.4500,19.09,0.9547,0.2155,0.3803,0.5794,1.268,0.3436,1.107,0.076949,0.075942,0.062654,0.055705,0.055009,0.054005,1,0.3527,1.078
2026-07-31T20:41:56,mediapart_d10_s6_sans_verbes_n2000_e5000_log_g3,mediapart,10,6,sans_verbes,2000,_s3,8967,2479,7345,23,370,0,5000,21,9,0.4500,19.13,0.9565,0.2134,0.3810,0.5811,1.270,0.3385,1.126,0.075924,0.073928,0.063560,0.057177,0.055625,0.054816,1,0.3539,1.077
2026-07-31T20:41:58,mediapart_d10_s6_noms_n2000_e5000_log_g3,mediapart,10,6,noms,2000,_s3,8229,2194,6695,21,349,0,5000,21,9,0.4500,19.11,0.9555,0.2153,0.3807,0.5797,1.269,0.3429,1.110,0.076700,0.074748,0.063867,0.056386,0.055119,0.053857,1,0.3546,1.074
2026-07-31T20:41:59,mediapart_d10_s6_noms_propres_n2000_e5000_log_g3,mediapart,10,6,noms_propres,2000,_s3,918,210,794,4,48,0,742,21,8,0.4000,17.84,0.8920,0.2528,0.4268,0.6227,1.423,0.3936,1.084,0.098922,0.086795,0.067079,0.063200,0.057555,0.053285,1,0.3869,1.103
2026-07-31T20:42:01,mediapart_d15_s4_tous_n2000_e5000_log_g3,mediapart,15,4,tous,2000,_s3,31232,7336,26599,130,1261,0,5000,31,13,0.4333,28.59,0.9529,0.1527,0.2734,0.4163,1.367,0.2489,1.098,0.054792,0.052014,0.045861,0.043349,0.039544,0.037816,1,0.2481,1.102
2026-07-31T20:42:03,mediapart_d15_s4_sans_verbes_n2000_e5000_log_g3,mediapart,15,4,sans_verbes,2000,_s3,29154,6200,24621,115,1197,0,5000,31,13,0.4333,28.74,0.9579,0.1474,0.2696,0.4138,1.348,0.2452,1.099,0.052897,0.049250,0.045276,0.044096,0.040012,0.038060,1,0.2458,1.097
2026-07-31T20:42:05,mediapart_d15_s4_noms_n2000_e5000_log_g3,mediapart,15,4,noms,2000,_s3,26160,5140,21934,102,1088,0,5000,31,13,0.4333,28.66,0.9553,0.1507,0.2723,0.4158,1.362,0.2461,1.107,0.053973,0.049727,0.047020,0.043083,0.039753,0.038771,1,0.2499,1.090
2026-07-31T20:42:07,mediapart_d15_s4_noms_propres_n2000_e5000_log_g3,mediapart,15,4,noms_propres,2000,_s3,3039,502,2515,13,155,0,2347,31,12,0.4000,27.35,0.9115,0.1755,0.3031,0.4477,1.516,0.2782,1.089,0.066624,0.059824,0.049006,0.045700,0.042188,0.039781,1,0.2597,1.167
2026-07-31T20:42:09,mediapart_d15_s6_tous_n2000_e5000_log_g3,mediapart,15,6,tous,2000,_s3,9225,2661,7303,30,376,0,5000,31,13,0.4333,28.51,0.9502,0.1539,0.2740,0.4195,1.370,0.2504,1.094,0.055885,0.052522,0.045481,0.042929,0.039071,0.038072,1,0.2483,1.103
2026-07-31T20:42:11,mediapart_d15_s6_sans_verbes_n2000_e5000_log_g3,mediapart,15,6,sans_verbes,2000,_s3,8967,2479,7054,29,363,0,5000,31,13,0.4333,28.51,0.9503,0.1539,0.2742,0.4196,1.371,0.2508,1.093,0.056127,0.052310,0.045467,0.042434,0.039520,0.038332,1,0.2488,1.102
2026-07-31T20:42:12,mediapart_d15_s6_noms_n2000_e5000_log_g3,mediapart,15,6,noms,2000,_s3,8229,2194,6419,27,342,0,5000,31,13,0.4333,28.46,0.9488,0.1545,0.2755,0.4221,1.377,0.2511,1.097,0.056202,0.052929,0.045362,0.042395,0.039923,0.038668,1,0.2492,1.106
2026-07-31T20:42:14,mediapart_d15_s6_noms_propres_n2000_e5000_log_g3,mediapart,15,6,noms_propres,2000,_s3,918,210,772,5,49,0,718,31,11,0.3667,25.96,0.8654,0.1926,0.3260,0.4763,1.630,0.3037,1.073,0.076411,0.064889,0.051304,0.048088,0.045857,0.039404,1,0.2829,1.152
2026-07-31T20:42:16,mediapart_d25_s4_tous_n2000_e5000_log_g3,mediapart,25,4,tous,2000,_s3,31232,7311,25424,223,1204,0,5000,51,21,0.4200,47.17,0.9433,0.1030,0.1834,0.2776,1.528,0.1679,1.092,0.037334,0.033205,0.032482,0.028252,0.026676,0.025411,1,0.1612,1.138
2026-07-31T20:42:18,mediapart_d25_s4_sans_verbes_n2000_e5000_log_g3,mediapart,25,4,sans_verbes,2000,_s3,29154,6188,23478,188,1140,0,5000,51,21,0.4200,47.15,0.9429,0.1042,0.1838,0.2777,1.531,0.1687,1.089,0.037835,0.033572,0.032805,0.028275,0.026704,0.024584,1,0.1619,1.135
2026-07-31T20:42:21,mediapart_d25_s4_noms_n2000_e5000_log_g3,mediapart,25,4,noms,2000,_s3,26160,5135,20872,159,1033,0,5000,51,21,0.4200,47.05,0.9410,0.1039,0.1840,0.2797,1.533,0.1691,1.088,0.037879,0.033912,0.032114,0.027914,0.026367,0.025787,1,0.1616,1.139
2026-07-31T20:42:23,mediapart_d25_s4_noms_propres_n2000_e5000_log_g3,mediapart,25,4,noms_propres,2000,_s3,3039,501,2366,17,144,0,2205,51,19,0.3800,44.10,0.8821,0.1280,0.2148,0.3140,1.790,0.1976,1.087,0.049576,0.040471,0.037983,0.030829,0.029340,0.026614,1,0.1741,1.234
2026-07-31T20:42:24,mediapart_d25_s6_tous_n2000_e5000_log_g3,mediapart,25,6,tous,2000,_s3,9225,2658,6896,45,365,0,5000,51,21,0.4200,46.60,0.9320,0.1094,0.1902,0.2856,1.585,0.1741,1.093,0.039635,0.035584,0.034214,0.028625,0.026589,0.025565,1,0.1633,1.165
2026-07-31T20:42:26,mediapart_d25_s6_sans_verbes_n2000_e5000_log_g3,mediapart,25,6,sans_verbes,2000,_s3,8967,2477,6649,43,352,0,5000,51,21,0.4200,46.85,0.9369,0.1073,0.1869,0.2822,1.558,0.1721,1.086,0.038195,0.035315,0.033782,0.028685,0.026039,0.024891,1,0.1611,1.160
2026-07-31T20:42:28,mediapart_d25_s6_noms_n2000_e5000_log_g3,mediapart,25,6,noms,2000,_s3,8229,2192,6047,41,331,0,5000,51,21,0.4200,46.66,0.9332,0.1093,0.1896,0.2852,1.580,0.1741,1.089,0.039296,0.035473,0.034568,0.028463,0.026610,0.025210,1,0.1635,1.160
2026-07-31T20:42:30,mediapart_d25_s6_noms_propres_n2000_e5000_log_g3,mediapart,25,6,noms_propres,2000,_s3,918,210,728,6,45,0,677,51,17,0.3400,40.96,0.8193,0.1417,0.2380,0.3486,1.984,0.2218,1.073,0.055723,0.045762,0.040167,0.033725,0.032609,0.030061,1,0.1967,1.210
2026-07-31T20:42:32,mediapart_d50_s4_tous_n2000_e5000_log_g3,mediapart,50,4,tous,2000,_s3,31232,7256,23451,406,1117,0,5000,101,41,0.4100,92.47,0.9247,0.0643,0.1107,0.1637,1.845,0.1006,1.101,0.024436,0.020555,0.019285,0.016467,0.015428,0.014552,1,0.0910,1.216
2026-07-31T20:42:35,mediapart_d50_s4_sans_verbes_n2000_e5000_log_g3,mediapart,50,4,sans_verbes,2000,_s3,29154,6153,21548,345,1056,0,5000,101,41,0.4100,92.49,0.9249,0.0633,0.1089,0.1628,1.815,0.0992,1.097,0.025618,0.019722,0.017981,0.015700,0.015594,0.014268,1,0.0908,1.199
2026-07-31T20:42:37,mediapart_d50_s4_noms_n2000_e5000_log_g3,mediapart,50,4,noms,2000,_s3,26160,5117,19074,283,956,0,5000,101,41,0.4100,92.66,0.9266,0.0623,0.1094,0.1626,1.823,0.0982,1.114,0.023880,0.020256,0.018162,0.017018,0.015465,0.014571,1,0.0916,1.194
2026-07-31T20:42:39,mediapart_d50_s4_noms_propres_n2000_e5000_log_g3,mediapart,50,4,noms_propres,2000,_s3,3039,501,2113,24,126,0,1963,101,36,0.3600,84.69,0.8469,0.0817,0.1360,0.1951,2.267,0.1229,1.107,0.032385,0.025596,0.023764,0.019373,0.017760,0.017156,1,0.1052,1.294
2026-07-31T20:42:41,mediapart_d50_s6_tous_n2000_e5000_log_g3,mediapart,50,6,tous,2000,_s3,9225,2647,6296,86,351,0,5000,101,40,0.4000,91.78,0.9178,0.0665,0.1123,0.1664,1.872,0.1034,1.086,0.024163,0.021883,0.020481,0.016061,0.015242,0.014499,1,0.0918,1.224
2026-07-31T20:42:43,mediapart_d50_s6_sans_verbes_n2000_e5000_log_g3,mediapart,50,6,sans_verbes,2000,_s3,8967,2467,6053,83,338,0,5000,101,40,0.4000,91.75,0.9175,0.0669,0.1127,0.1667,1.879,0.1032,1.092,0.024785,0.021801,0.020271,0.015931,0.015335,0.014621,1,0.0914,1.234
2026-07-31T20:42:45,mediapart_d50_s6_noms_n2000_e5000_log_g3,mediapart,50,6,noms,2000,_s3,8229,2183,5489,77,317,0,5000,101,40,0.4000,91.65,0.9165,0.0671,0.1135,0.1672,1.891,0.1038,1.093,0.024825,0.021977,0.020291,0.016163,0.015305,0.014914,1,0.0918,1.236
2026-07-31T20:42:46,mediapart_d50_s6_noms_propres_n2000_e5000_log_g3,mediapart,50,6,noms_propres,2000,_s3,918,209,659,9,42,0,608,101,30,0.3000,75.39,0.7539,0.0917,0.1528,0.2249,2.547,0.1424,1.073,0.036602,0.029323,0.025804,0.021923,0.019938,0.019257,1,0.1228,1.245
2026-07-31T20:42:48,mediapart3j_d10_s4_tous_n0_e5000_log_g3,mediapart3j,10,4,tous,0,_s3,12059,5204,10646,82,0,0,5000,21,9,0.4500,19.47,0.9735,0.1957,0.3557,0.5576,1.186,0.3207,1.109,0.070573,0.066160,0.058948,0.054179,0.053466,0.052344,1,0.3479,1.022
2026-07-31T20:42:49,mediapart3j_d10_s4_sans_verbes_n0_e5000_log_g3,mediapart3j,10,4,sans_verbes,0,_s3,11300,4660,9939,75,0,0,5000,21,9,0.4500,19.45,0.9727,0.1960,0.3565,0.5564,1.188,0.3227,1.105,0.071250,0.068069,0.056718,0.054491,0.053228,0.052754,1,0.3485,1.023
2026-07-31T20:42:51,mediapart3j_d10_s4_noms_n0_e5000_log_g3,mediapart3j,10,4,noms,0,_s3,10024,3999,8814,65,0,0,5000,21,9,0.4500,19.47,0.9733,0.1952,0.3564,0.5561,1.188,0.3226,1.105,0.072580,0.065560,0.057101,0.054459,0.053983,0.052740,1,0.3489,1.022
2026-07-31T20:42:52,mediapart3j_d10_s4_noms_propres_n0_e5000_log_g3,mediapart3j,10,4,noms_propres,0,_s3,1135,405,970,2,0,0,968,21,9,0.4500,18.87,0.9437,0.2177,0.3865,0.5873,1.288,0.3514,1.100,0.087401,0.070468,0.059846,0.058385,0.057452,0.052904,0,0.3789,1.020
2026-07-31T20:42:53,mediapart3j_d10_s6_tous_n0_e5000_log_g3,mediapart3j,10,6,tous,0,_s3,2772,1568,2469,13,0,0,2456,21,9,0.4500,19.30,0.9651,0.1994,0.3657,0.5706,1.219,0.3372,1.084,0.074915,0.065797,0.058696,0.057292,0.055074,0.053886,0,0.3558,1.028
2026-07-31T20:42:55,mediapart3j_d10_s6_sans_verbes_n0_e5000_log_g3,mediapart3j,10,6,sans_verbes,0,_s3,2675,1488,2374,13,0,0,2361,21,9,0.4500,19.29,0.9647,0.1998,0.3660,0.5701,1.220,0.3342,1.095,0.075535,0.065143,0.059094,0.057459,0.054804,0.053996,0,0.3576,1.024
2026-07-31T20:42:56,mediapart3j_d10_s6_noms_n0_e5000_log_g3,mediapart3j,10,6,noms,0,_s3,2390,1327,2129,11,0,0,2118,21,9,0.4500,19.27,0.9634,0.2009,0.3671,0.5721,1.224,0.3370,1.089,0.076142,0.065273,0.059447,0.056964,0.055225,0.054027,0,0.3550,1.034
2026-07-31T20:42:57,mediapart3j_d10_s6_noms_propres_n0_e5000_log_g3,mediapart3j,10,6,noms_propres,0,_s3,273,131,247,0,0,0,247,21,8,0.4000,17.56,0.8779,0.2414,0.4265,0.6435,1.422,0.4067,1.049,0.106016,0.069263,0.066083,0.064403,0.061139,0.059589,0,0.4216,1.012
2026-07-31T20:42:59,mediapart3j_d15_s4_tous_n0_e5000_log_g3,mediapart3j,15,4,tous,0,_s3,12059,5161,10413,161,0,0,5000,31,14,0.4667,29.19,0.9729,0.1397,0.2526,0.3932,1.263,0.2276,1.110,0.052214,0.046110,0.041337,0.038333,0.037772,0.036883,1,0.2498,1.011
2026-07-31T20:43:00,mediapart3j_d15_s4_sans_verbes_n0_e5000_log_g3,mediapart3j,15,4,sans_verbes,0,_s3,11300,4625,9708,143,0,0,5000,31,14,0.4667,29.13,0.9708,0.1414,0.2535,0.3927,1.268,0.2294,1.105,0.053599,0.047078,0.040687,0.038080,0.037497,0.036608,1,0.2507,1.011
2026-07-31T20:43:02,mediapart3j_d15_s4_noms_n0_e5000_log_g3,mediapart3j,15,4,noms,0,_s3,10024,3979,8602,114,0,0,5000,31,14,0.4667,29.19,0.9731,0.1395,0.2517,0.3916,1.259,0.2269,1.109,0.052980,0.046173,0.040343,0.038154,0.037532,0.036518,1,0.2484,1.013
2026-07-31T20:43:03,mediapart3j_d15_s4_noms_propres_n0_e5000_log_g3,mediapart3j,15,4,noms_propres,0,_s3,1135,405,942,6,0,0,936,31,12,0.4000,27.71,0.9237,0.1633,0.2865,0.4374,1.432,0.2598,1.103,0.065473,0.054096,0.043732,0.043222,0.040455,0.039493,0,0.2796,1.025
2026-07-31T20:43:04,mediapart3j_d15_s6_tous_n0_e5000_log_g3,mediapart3j,15,6,tous,0,_s3,2772,1564,2407,25,0,0,2382,31,13,0.4333,28.90,0.9632,0.1427,0.2594,0.4055,1.297,0.2399,1.081,0.055670,0.044714,0.042295,0.039650,0.039256,0.037803,0,0.2534,1.023
2026-07-31T20:43:06,mediapart3j_d15_s6_sans_verbes_n0_e5000_log_g3,mediapart3j,15,6,sans_verbes,0,_s3,2675,1484,2312,25,0,0,2287,31,13,0.4333,28.88,0.9627,0.1429,0.2597,0.4056,1.299,0.2395,1.084,0.056193,0.044260,0.042408,0.039546,0.039360,0.037937,0,0.2540,1.022
2026-07-31T20:43:07,mediapart3j_d15_s6_noms_n0_e5000_log_g3,mediapart3j,15,6,noms,0,_s3,2390,1325,2073,19,0,0,2054,31,13,0.4333,28.84,0.9614,0.1438,0.2606,0.4066,1.303,0.2429,1.073,0.056480,0.044460,0.042836,0.039813,0.038862,0.038138,0,0.2537,1.027
2026-07-31T20:43:08,mediapart3j_d15_s6_noms_propres_n0_e5000_log_g3,mediapart3j,15,6,noms_propres,0,_s3,273,131,237,2,0,0,235,31,11,0.3667,25.53,0.8511,0.1846,0.3250,0.4934,1.625,0.3194,1.018,0.075063,0.056306,0.053239,0.048436,0.046991,0.044963,0,0.3206,1.014
2026-07-31T20:43:10,mediapart3j_d25_s4_tous_n0_e5000_log_g3,mediapart3j,25,4,tous,0,_s3,12059,5135,10039,231,0,0,5000,51,22,0.4400,48.10,0.9621,0.0957,0.1683,0.2591,1.402,0.1466,1.147,0.038270,0.030817,0.026644,0.024743,0.024203,0.023589,1,0.1662,1.013
2026-07-31T20:43:11,mediapart3j_d25_s4_sans_verbes_n0_e5000_log_g3,mediapart3j,25,4,sans_verbes,0,_s3,11300,4601,9340,210,0,0,5000,51,22,0.4400,48.13,0.9626,0.0957,0.1683,0.2576,1.402,0.1458,1.154,0.038198,0.030845,0.026695,0.025340,0.023924,0.023286,1,0.1675,1.005
2026-07-31T20:43:13,mediapart3j_d25_s4_noms_n0_e5000_log_g3,mediapart3j,25,4,noms,0,_s3,10024,3962,8258,168,0,0,5000,51,22,0.4400,48.32,0.9663,0.0928,0.1650,0.2559,1.375,0.1459,1.131,0.036629,0.030344,0.025786,0.024593,0.024094,0.023550,1,0.1652,0.999
2026-07-31T20:43:14,mediapart3j_d25_s4_noms_propres_n0_e5000_log_g3,mediapart3j,25,4,noms_propres,0,_s3,1135,405,892,7,0,0,885,51,19,0.3800,44.57,0.8913,0.1172,0.2024,0.3052,1.687,0.1808,1.120,0.048095,0.037859,0.031264,0.030220,0.028246,0.026729,0,0.1963,1.031
2026-07-31T20:43:16,mediapart3j_d25_s6_tous_n0_e5000_log_g3,mediapart3j,25,6,tous,0,_s3,2772,1556,2335,41,0,0,2294,51,21,0.4200,47.58,0.9515,0.0964,0.1730,0.2684,1.442,0.1586,1.091,0.039036,0.029274,0.028086,0.025963,0.025432,0.025250,0,0.1684,1.028
2026-07-31T20:43:17,mediapart3j_d25_s6_sans_verbes_n0_e5000_log_g3,mediapart3j,25,6,sans_verbes,0,_s3,2675,1477,2240,40,0,0,2200,51,21,0.4200,47.53,0.9505,0.0966,0.1734,0.2690,1.445,0.1585,1.094,0.039412,0.029305,0.027860,0.026197,0.025472,0.025142,0,0.1689,1.026
2026-07-31T20:43:19,mediapart3j_d25_s6_noms_n0_e5000_log_g3,mediapart3j,25,6,noms,0,_s3,2390,1318,2006,32,0,0,1974,51,21,0.4200,47.38,0.9476,0.0973,0.1747,0.2706,1.456,0.1607,1.087,0.039799,0.029324,0.028178,0.026698,0.025571,0.025172,0,0.1702,1.027
2026-07-31T20:43:20,mediapart3j_d25_s6_noms_propres_n0_e5000_log_g3,mediapart3j,25,6,noms_propres,0,_s3,273,131,228,2,0,0,226,51,16,0.3200,39.24,0.7848,0.1340,0.2410,0.3648,2.008,0.2230,1.081,0.052001,0.043032,0.038995,0.036958,0.035818,0.034201,0,0.2280,1.057
2026-07-31T20:43:23,mediapart3j_d50_s4_tous_n0_e5000_log_g3,mediapart3j,50,4,tous,0,_s3,12059,5024,9378,470,0,0,5000,101,43,0.4300,95.49,0.9549,0.0537,0.0948,0.1452,1.580,0.0817,1.160,0.022518,0.016668,0.014512,0.013881,0.013656,0.013540,1,0.0920,1.030
2026-07-31T20:43:25,mediapart3j_d50_s4_sans_verbes_n0_e5000_log_g3,mediapart3j,50,4,sans_verbes,0,_s3,11300,4524,8695,405,0,0,5000,101,43,0.4300,95.41,0.9541,0.0543,0.0950,0.1454,1.583,0.0813,1.168,0.022553,0.017102,0.014614,0.013982,0.013565,0.013136,1,0.0935,1.015
2026-07-31T20:43:28,mediapart3j_d50_s4_noms_n0_e5000_log_g3,mediapart3j,50,4,noms,0,_s3,10024,3906,7675,334,0,0,5000,101,43,0.4300,95.26,0.9526,0.0549,0.0966,0.1466,1.610,0.0824,1.171,0.023010,0.016944,0.014919,0.014345,0.013817,0.013540,1,0.0940,1.028
2026-07-31T20:43:30,mediapart3j_d50_s4_noms_propres_n0_e5000_log_g3,mediapart3j,50,4,noms_propres,0,_s3,1135,399,813,23,0,0,790,101,34,0.3400,82.31,0.8231,0.0763,0.1303,0.1951,2.172,0.1102,1.182,0.033080,0.023277,0.019939,0.018570,0.018066,0.017359,0,0.1205,1.081
2026-07-31T20:43:31,mediapart3j_d50_s6_tous_n0_e5000_log_g3,mediapart3j,50,6,tous,0,_s3,2772,1528,2216,80,0,0,2136,101,40,0.4000,92.73,0.9273,0.0565,0.1011,0.1566,1.686,0.0913,1.108,0.023766,0.016984,0.015715,0.015601,0.014711,0.014368,0,0.0978,1.034
2026-07-31T20:43:33,mediapart3j_d50_s6_sans_verbes_n0_e5000_log_g3,mediapart3j,50,6,sans_verbes,0,_s3,2675,1452,2123,76,0,0,2047,101,40,0.4000,92.50,0.9250,0.0569,0.1017,0.1574,1.695,0.0911,1.116,0.024046,0.017076,0.015797,0.015533,0.014872,0.014350,0,0.0980,1.038
2026-07-31T20:43:34,mediapart3j_d50_s6_noms_n0_e5000_log_g3,mediapart3j,50,6,noms,0,_s3,2390,1296,1902,65,0,0,1837,101,39,0.3900,91.98,0.9198,0.0576,0.1028,0.1589,1.714,0.0919,1.119,0.024420,0.017079,0.016087,0.015604,0.015124,0.014520,0,0.0985,1.044
2026-07-31T20:43:36,mediapart3j_d50_s6_noms_propres_n0_e5000_log_g3,mediapart3j,50,6,noms_propres,0,_s3,273,128,213,8,0,0,205,101,24,0.2400,63.32,0.6332,0.0936,0.1709,0.2614,2.849,0.1597,1.070,0.035586,0.029463,0.028598,0.027215,0.025133,0.024949,0,0.1599,1.069
2026-07-31T20:43:37,mediapart7j_d10_s4_tous_n0_e5000_log_g3,mediapart7j,10,4,tous,0,_s3,6571,3665,5645,162,0,0,5000,21,9,0.4500,18.92,0.9460,0.2145,0.3774,0.5763,1.258,0.3353,1.126,0.084295,0.068908,0.061325,0.056906,0.054494,0.051428,0,0.3768,1.001
2026-07-31T20:43:38,mediapart7j_d10_s4_sans_verbes_n0_e5000_log_g3,mediapart7j,10,4,sans_verbes,0,_s3,6139,3364,5273,148,0,0,5000,21,9,0.4500,18.90,0.9449,0.2159,0.3791,0.5769,1.264,0.3330,1.139,0.084482,0.070071,0.061331,0.057474,0.054654,0.051072,0,0.3774,1.005
2026-07-31T20:43:40,mediapart7j_d10_s4_noms_n0_e5000_log_g3,mediapart7j,10,4,noms,0,_s3,5458,2964,4694,120,0,0,4574,21,9,0.4500,18.89,0.9447,0.2159,0.3790,0.5782,1.263,0.3359,1.128,0.084758,0.069521,0.061622,0.057145,0.054799,0.051151,0,0.3782,1.002
2026-07-31T20:43:41,mediapart7j_d10_s4_noms_propres_n0_e5000_log_g3,mediapart7j,10,4,noms_propres,0,_s3,622,327,512,4,0,0,508,21,8,0.4000,17.88,0.8938,0.2496,0.4303,0.6273,1.434,0.3753,1.147,0.095530,0.082884,0.071139,0.063033,0.059616,0.058122,0,0.4231,1.017
2026-07-31T20:43:43,mediapart7j_d10_s6_tous_n0_e5000_log_g3,mediapart7j,10,6,tous,0,_s3,1485,1010,1307,37,0,0,1270,21,8,0.4000,18.58,0.9290,0.2271,0.3959,0.5981,1.320,0.3581,1.106,0.089215,0.070530,0.067312,0.059204,0.055595,0.054065,0,0.3886,1.019
2026-07-31T20:43:44,mediapart7j_d10_s6_sans_verbes_n0_e5000_log_g3,mediapart7j,10,6,sans_verbes,0,_s3,1405,954,1238,35,0,0,1203,21,8,0.4000,18.55,0.9273,0.2277,0.3980,0.6004,1.327,0.3633,1.096,0.089145,0.071679,0.066886,0.058776,0.056668,0.054879,0,0.3887,1.024
2026-07-31T20:43:45,mediapart7j_d10_s6_noms_n0_e5000_log_g3,mediapart7j,10,6,noms,0,_s3,1254,855,1106,29,0,0,1077,21,8,0.4000,18.54,0.9268,0.2283,0.4001,0.6022,1.334,0.3646,1.097,0.088208,0.071874,0.068233,0.059663,0.057411,0.054716,0,0.3875,1.033
2026-07-31T20:43:46,mediapart7j_d10_s6_noms_propres_n0_e5000_log_g3,mediapart7j,10,6,noms_propres,0,_s3,134,80,100,1,0,0,99,21,7,0.3500,16.25,0.8124,0.2769,0.4833,0.7014,1.611,0.4700,1.028,0.097956,0.094791,0.084135,0.072711,0.067435,0.066249,0,0.4658,1.037
2026-07-31T20:43:47,mediapart7j_d15_s4_tous_n0_e5000_log_g3,mediapart7j,15,4,tous,0,_s3,6571,3618,5505,235,0,0,5000,31,13,0.4333,28.35,0.9452,0.1568,0.2725,0.4119,1.362,0.2351,1.159,0.063640,0.049864,0.043255,0.040007,0.038691,0.037010,0,0.2731,0.998
2026-07-31T20:43:49,mediapart7j_d15_s4_sans_verbes_n0_e5000_log_g3,mediapart7j,15,4,sans_verbes,0,_s3,6139,3326,5136,213,0,0,4923,31,13,0.4333,28.33,0.9442,0.1576,0.2730,0.4123,1.365,0.2372,1.151,0.063999,0.050381,0.043206,0.039940,0.038642,0.036882,0,0.2733,0.999
2026-07-31T20:43:50,mediapart7j_d15_s4_noms_n0_e5000_log_g3,mediapart7j,15,4,noms,0,_s3,5458,2939,4570,168,0,0,4402,31,13,0.4333,28.28,0.9428,0.1584,0.2736,0.4139,1.368,0.2372,1.154,0.064410,0.050638,0.043372,0.039805,0.038525,0.036880,0,0.2737,1.000
2026-07-31T20:43:52,mediapart7j_d15_s4_noms_propres_n0_e5000_log_g3,mediapart7j,15,4,noms_propres,0,_s3,622,324,499,9,0,0,490,31,11,0.3667,25.64,0.8547,0.1968,0.3313,0.4819,1.657,0.2850,1.163,0.080105,0.064690,0.052013,0.046639,0.044610,0.043272,0,0.3247,1.020
2026-07-31T20:43:53,mediapart7j_d15_s6_tous_n0_e5000_log_g3,mediapart7j,15,6,tous,0,_s3,1485,1001,1276,48,0,0,1228,31,12,0.4000,27.67,0.9225,0.1677,0.2891,0.4361,1.445,0.2599,1.112,0.066567,0.052914,0.048231,0.042894,0.039863,0.038600,0,0.2802,1.032
2026-07-31T20:43:55,mediapart7j_d15_s6_sans_verbes_n0_e5000_log_g3,mediapart7j,15,6,sans_verbes,0,_s3,1405,947,1208,45,0,0,1163,31,12,0.4000,27.62,0.9206,0.1681,0.2900,0.4380,1.450,0.2636,1.100,0.066955,0.053116,0.048027,0.042656,0.040432,0.038856,0,0.2813,1.031
2026-07-31T20:43:56,mediapart7j_d15_s6_noms_n0_e5000_log_g3,mediapart7j,15,6,noms,0,_s3,1254,848,1078,39,0,0,1039,31,12,0.4000,27.56,0.9186,0.1690,0.2918,0.4412,1.459,0.2628,1.110,0.066970,0.053800,0.048185,0.043172,0.040548,0.039119,0,0.2856,1.022
2026-07-31T20:43:57,mediapart7j_d15_s6_noms_propres_n0_e5000_log_g3,mediapart7j,15,6,noms_propres,0,_s3,134,78,97,3,0,0,94,31,9,0.3000,22.22,0.7407,0.2224,0.3875,0.5639,1.937,0.3900,0.994,0.082477,0.074047,0.065905,0.059067,0.056311,0.049687,0,0.3898,0.994
2026-07-31T20:43:59,mediapart7j_d25_s4_tous_n0_e5000_log_g3,mediapart7j,25,4,tous,0,_s3,6571,3527,5299,384,0,0,4915,51,22,0.4400,47.27,0.9454,0.1031,0.1795,0.2707,1.496,0.1515,1.185,0.042989,0.032579,0.027521,0.026786,0.025202,0.024472,1,0.1800,0.997
2026-07-31T20:44:00,mediapart7j_d25_s4_sans_verbes_n0_e5000_log_g3,mediapart7j,25,4,sans_verbes,0,_s3,6139,3251,4936,344,0,0,4592,51,22,0.4400,47.13,0.9425,0.1045,0.1810,0.2726,1.509,0.1525,1.187,0.043712,0.033076,0.027672,0.026922,0.025345,0.024321,0,0.1824,0.993
2026-07-31T20:44:02,mediapart7j_d25_s4_noms_n0_e5000_log_g3,mediapart7j,25,4,noms,0,_s3,5458,2869,4388,287,0,0,4101,51,21,0.4200,47.04,0.9407,0.1049,0.1820,0.2741,1.517,0.1537,1.184,0.043981,0.033266,0.027685,0.027060,0.025669,0.024348,0,0.1823,0.999
2026-07-31T20:44:03,mediapart7j_d25_s4_noms_propres_n0_e5000_log_g3,mediapart7j,25,4,noms_propres,0,_s3,622,316,479,23,0,0,456,51,17,0.3400,40.33,0.8066,0.1420,0.2372,0.3490,1.976,0.1995,1.189,0.062166,0.044913,0.034899,0.033395,0.031401,0.030403,0,0.2323,1.021
2026-07-31T20:44:05,mediapart7j_d25_s6_tous_n0_e5000_log_g3,mediapart7j,25,6,tous,0,_s3,1485,975,1245,78,0,0,1167,51,20,0.4000,45.66,0.9132,0.1103,0.1939,0.2942,1.616,0.1720,1.127,0.044321,0.034667,0.031313,0.029253,0.028079,0.026239,0,0.1886,1.028
2026-07-31T20:44:06,mediapart7j_d25_s6_sans_verbes_n0_e5000_log_g3,mediapart7j,25,6,sans_verbes,0,_s3,1405,924,1178,72,0,0,1106,51,20,0.4000,45.52,0.9104,0.1110,0.1950,0.2961,1.625,0.1750,1.115,0.044623,0.034711,0.031630,0.029466,0.028320,0.026297,0,0.1893,1.030
2026-07-31T20:44:07,mediapart7j_d25_s6_noms_n0_e5000_log_g3,mediapart7j,25,6,noms,0,_s3,1254,827,1051,64,0,0,987,51,19,0.3800,45.33,0.9066,0.1115,0.1975,0.2986,1.646,0.1766,1.119,0.044457,0.035392,0.031604,0.030622,0.028676,0.026792,0,0.1897,1.041
2026-07-31T20:44:08,mediapart7j_d25_s6_noms_propres_n0_e5000_log_g3,mediapart7j,25,6,noms_propres,0,_s3,134,77,95,4,0,0,91,51,12,0.2400,31.57,0.6313,0.1722,0.3026,0.4452,2.521,0.2831,1.069,0.065499,0.055221,0.051491,0.045578,0.044308,0.040469,0,0.3059,0.989
2026-07-31T20:44:10,mediapart7j_d50_s4_tous_n0_e5000_log_g3,mediapart7j,50,4,tous,0,_s3,6571,3379,4949,624,0,0,4325,101,41,0.4100,92.61,0.9261,0.0645,0.1074,0.1593,1.789,0.0843,1.274,0.027895,0.020095,0.016500,0.014929,0.014442,0.013506,1,0.1061,1.012
2026-07-31T20:44:12,mediapart7j_d50_s4_sans_verbes_n0_e5000_log_g3,mediapart7j,50,4,sans_verbes,0,_s3,6139,3110,4599,573,0,0,4026,101,41,0.4100,92.18,0.9218,0.0656,0.1089,0.1612,1.815,0.0848,1.284,0.028454,0.020483,0.016712,0.014985,0.014521,0.013741,1,0.1072,1.015
2026-07-31T20:44:14,mediapart7j_d50_s4_noms_n0_e5000_log_g3,mediapart7j,50,4,noms,0,_s3,5458,2746,4078,491,0,0,3587,101,41,0.4100,91.74,0.9174,0.0666,0.1103,0.1632,1.839,0.0860,1.283,0.028772,0.020941,0.016909,0.015072,0.014717,0.013933,1,0.1080,1.021
2026-07-31T20:44:15,mediapart7j_d50_s4_noms_propres_n0_e5000_log_g3,mediapart7j,50,4,noms_propres,0,_s3,622,296,443,51,0,0,392,101,28,0.2800,68.94,0.6894,0.1039,0.1666,0.2406,2.777,0.1287,1.294,0.048438,0.030596,0.024879,0.021837,0.020982,0.019861,0,0.1598,1.043
2026-07-31T20:44:16,mediapart7j_d50_s6_tous_n0_e5000_log_g3,mediapart7j,50,6,tous,0,_s3,1485,929,1184,132,0,0,1052,101,36,0.3600,86.50,0.8650,0.0697,0.1207,0.1818,2.011,0.1041,1.160,0.028577,0.022497,0.018653,0.018004,0.016737,0.016205,0,0.1154,1.046
2026-07-31T20:44:18,mediapart7j_d50_s6_sans_verbes_n0_e5000_log_g3,mediapart7j,50,6,sans_verbes,0,_s3,1405,878,1120,125,0,0,995,101,35,0.3500,85.91,0.8591,0.0708,0.1223,0.1837,2.038,0.1039,1.177,0.029004,0.022826,0.019013,0.018360,0.016846,0.016247,0,0.1168,1.047
2026-07-31T20:44:19,mediapart7j_d50_s6_noms_n0_e5000_log_g3,mediapart7j,50,6,noms,0,_s3,1254,787,1001,110,0,0,891,101,35,0.3500,85.06,0.8506,0.0719,0.1242,0.1868,2.070,0.1067,1.164,0.029250,0.023127,0.019548,0.018514,0.017333,0.016410,0,0.1205,1.031
2026-07-31T20:44:20,mediapart7j_d50_s6_noms_propres_n0_e5000_log_g3,mediapart7j,50,6,noms_propres,0,_s3,134,73,94,10,0,0,84,101,17,0.1700,43.74,0.4374,0.1311,0.2354,0.3528,3.923,0.2308,1.020,0.051404,0.042239,0.037429,0.037014,0.034886,0.032385,0,0.2343,1.005
